"id","imei","commandId","timestamp","latitude","longitude","recordIndex","timestampExtension","recordExtension","priority","altitude","angle","satellites","speed","hdop","eventId","punto","ioElements","processedAt","createdAt","updatedAt"
1,"868018070237402",68,"2025-06-25 00:47:02+00","-16.4103100","-71.5309216",0,0,0,0,"2345.8","55.4",5,0,"2.0",7,"0101000020E61000005C2F979EFAE151C0C5387F130A6930C0","{""1"":{},""2"":{},""4"":{},""8"":{}}","2025-06-25 00:47:48.752+00","2025-06-25 00:47:48.754+00","2025-06-25 00:47:48.754+00"
2,"868018070237402",68,"2025-06-25 00:48:02+00","-16.4102800","-71.5308633",0,0,0,0,"2348.1","137.7",7,0,"1.5",7,"0101000020E6100000620910AAF9E151C0F0332E1C086930C0","{""1"":{},""2"":{},""4"":{},""8"":{}}","2025-06-25 00:48:52.267+00","2025-06-25 00:48:52.267+00","2025-06-25 00:48:52.267+00"
3,"868018070237402",68,"2025-06-25 00:49:02+00","-16.4102800","-71.5309516",0,0,0,0,"2345.4","357.5",8,0,"1.4",7,"0101000020E610000091706B1CFBE151C0F0332E1C086930C0","{""1"":{},""2"":{},""4"":{},""8"":{}}","2025-06-25 00:49:55.467+00","2025-06-25 00:49:55.467+00","2025-06-25 00:49:55.467+00"
4,"868018070237402",68,"2025-06-25 00:50:02+00","-16.4102833","-71.5309150",0,0,0,0,"2344.5","191.4",9,0,"1.2",7,"0101000020E61000002C7DE882FAE151C04F988B53086930C0","{""1"":{},""2"":{},""4"":{},""8"":{}}","2025-06-25 00:50:02.858+00","2025-06-25 00:50:02.859+00","2025-06-25 00:50:02.859+00"
5,"868018070237402",68,"2025-06-25 00:51:02+00","-16.4102916","-71.5309033",0,0,0,0,"2347.5","122.1",10,0,"1.1",7,"0101000020E6100000AAB5D551FAE151C0D2D2CBDE086930C0","{""1"":{},""2"":{},""4"":{},""8"":{}}","2025-06-25 00:52:02.129+00","2025-06-25 00:52:02.13+00","2025-06-25 00:52:02.13+00"
6,"868018070237402",68,"2025-06-25 00:52:02+00","-16.4102683","-71.5308333",0,0,0,0,"2349.6","141.1",9,0,"1.2",7,"0101000020E61000002DC83B2CF9E151C0E415E357076930C0","{""1"":{},""2"":{},""4"":{},""8"":{}}","2025-06-25 00:52:02.647+00","2025-06-25 00:52:02.652+00","2025-06-25 00:52:02.652+00"
7,"868018070237402",68,"2025-06-25 00:53:02+00","-16.4102766","-71.5308483",0,0,0,0,"2350.7","333.7",11,0,"1.0",7,"0101000020E6100000C8E8256BF9E151C0675023E3076930C0","{""1"":{},""2"":{},""4"":{},""8"":{}}","2025-06-25 00:53:05.723+00","2025-06-25 00:53:05.724+00","2025-06-25 00:53:05.724+00"
8,"868018070237402",68,"2025-06-25 00:54:02+00","-16.4102866","-71.5308800",0,0,0,0,"2350.7","65.1",13,0,"1.0",7,"0101000020E61000006E861BF0F9E151C0AEFCE88A086930C0","{""1"":{},""2"":{},""4"":{},""8"":{}}","2025-06-25 00:54:08.94+00","2025-06-25 00:54:08.94+00","2025-06-25 00:54:08.94+00"
9,"868018070237402",68,"2025-06-25 00:55:02+00","-16.4102683","-71.5308966",0,0,0,0,"2348.5","56.0",16,0,"0.7",7,"0101000020E6100000B0A3BB35FAE151C0E415E357076930C0","{""1"":{},""2"":{},""4"":{},""8"":{}}","2025-06-25 00:55:12.378+00","2025-06-25 00:55:12.379+00","2025-06-25 00:55:12.379+00"
10,"868018070237402",68,"2025-06-25 00:56:02+00","-16.4102516","-71.5308900",0,0,0,0,"2346.7","91.8",15,0,"0.7",7,"0101000020E610000080F10C1AFAE151C0B521B53F066930C0","{""1"":{},""2"":{},""4"":{},""8"":{}}","2025-06-25 00:56:15.704+00","2025-06-25 00:56:15.704+00","2025-06-25 00:56:15.704+00"
11,"868018070237402",68,"2025-06-25 00:57:02+00","-16.4102566","-71.5308833",0,0,0,0,"2345.5","134.8",16,0,"0.8",7,"0101000020E610000086DFF2FDF9E151C0D9F79793066930C0","{""1"":{},""2"":{},""4"":{},""8"":{}}","2025-06-25 00:57:19.187+00","2025-06-25 00:57:19.188+00","2025-06-25 00:57:19.188+00"
12,"868018070237402",68,"2025-06-25 00:58:02+00","-16.4102433","-71.5308850",0,0,0,0,"2346.6","81.9",15,0,"0.7",7,"0101000020E6100000F73B1405FAE151C033E774B4056930C0","{""1"":{},""2"":{},""4"":{},""8"":{}}","2025-06-25 00:58:22.31+00","2025-06-25 00:58:22.31+00","2025-06-25 00:58:22.31+00"
13,"868018070237402",68,"2025-06-25 00:59:02+00","-16.4102333","-71.5309016",0,0,0,0,"2348.5","81.9",15,0,"0.8",7,"0101000020E61000003959B44AFAE151C0EC3AAF0C056930C0","{""1"":{},""2"":{},""4"":{},""8"":{}}","2025-06-25 00:59:25.783+00","2025-06-25 00:59:25.783+00","2025-06-25 00:59:25.783+00"
14,"868018070237402",68,"2025-06-25 01:00:02+00","-16.4102566","-71.5308966",0,0,0,0,"2349.5","96.4",17,0,"0.8",7,"0101000020E6100000B0A3BB35FAE151C0D9F79793066930C0","{""1"":{},""2"":{},""4"":{},""8"":{}}","2025-06-25 01:00:29.007+00","2025-06-25 01:00:29.007+00","2025-06-25 01:00:29.007+00"
15,"868018070237402",68,"2025-06-25 01:01:02+00","-16.4102783","-71.5308850",0,0,0,0,"2351.2","185.8",17,0,"0.8",7,"0101000020E6100000F73B1405FAE151C02CC2A8FF076930C0","{""1"":{},""2"":{},""4"":{},""8"":{}}","2025-06-25 01:01:32.457+00","2025-06-25 01:01:32.457+00","2025-06-25 01:01:32.457+00"
16,"868018070237402",68,"2025-06-25 01:02:02+00","-16.4102716","-71.5308716",0,0,0,0,"2350.2","199.1",16,0,"0.8",7,"0101000020E61000000318E0CCF9E151C0447A408F076930C0","{""1"":{},""2"":{},""4"":{},""8"":{}}","2025-06-25 01:02:35.613+00","2025-06-25 01:02:35.613+00","2025-06-25 01:02:35.613+00"
17,"868018070237402",68,"2025-06-25 01:03:02+00","-16.4102566","-71.5308683",0,0,0,0,"2349.2","199.1",17,0,"0.9",7,"0101000020E6100000EBBE08BFF9E151C0D9F79793066930C0","{""1"":{},""2"":{},""4"":{},""8"":{}}","2025-06-25 01:03:39.143+00","2025-06-25 01:03:39.143+00","2025-06-25 01:03:39.143+00"
18,"868018070237402",68,"2025-06-25 01:04:02+00","-16.4102483","-71.5308683",0,0,0,0,"2348.4","199.1",17,0,"0.9",7,"0101000020E6100000EBBE08BFF9E151C056BD5708066930C0","{""1"":{},""2"":{},""4"":{},""8"":{}}","2025-06-25 01:04:44.34+00","2025-06-25 01:04:44.34+00","2025-06-25 01:04:44.34+00"
19,"868018070237402",68,"2025-06-25 01:05:02+00","-16.4102383","-71.5309500",0,0,0,0,"2356.2","16.8",12,0,"0.8",7,"0101000020E6100000EB73B515FBE151C00F119260056930C0","{""1"":{},""2"":{},""4"":{},""8"":{}}","2025-06-25 01:05:47.562+00","2025-06-25 01:05:47.563+00","2025-06-25 01:05:47.563+00"
20,"868018070237402",68,"2025-06-25 01:06:02+00","-16.4102500","-71.5308733",0,0,0,0,"2359.4","141.5",11,0,"0.9",7,"0101000020E6100000747401D4F9E151C01B2FDD24066930C0","{""1"":{},""2"":{},""4"":{},""8"":{}}","2025-06-25 01:06:50.722+00","2025-06-25 01:06:50.722+00","2025-06-25 01:06:50.722+00"
21,"868018070237402",68,"2025-06-25 01:07:02+00","-16.4102566","-71.5309116",0,0,0,0,"2329.8","137.4",10,0,"1.0",7,"0101000020E61000004AC4A574FAE151C0D9F79793066930C0","{""1"":{},""2"":{},""4"":{},""8"":{}}","2025-06-25 01:07:54.214+00","2025-06-25 01:07:54.214+00","2025-06-25 01:07:54.214+00"
22,"868018070237402",68,"2025-06-25 01:08:02+00","-16.4102866","-71.5308583",0,0,0,0,"2341.7","41.3",11,1,"0.9",7,"0101000020E6100000DA531795F9E151C0AEFCE88A086930C0","{""1"":{},""2"":{},""4"":{},""8"":{}}","2025-06-25 01:08:57.432+00","2025-06-25 01:08:57.432+00","2025-06-25 01:08:57.432+00"
23,"868018070237402",68,"2025-06-25 01:09:02+00","-16.4102450","-71.5309383",0,0,0,0,"2354.1","259.9",16,0,"1.0",7,"0101000020E610000068ACA2E4FAE151C0F758FAD0056930C0","{""1"":{},""2"":{},""4"":{},""8"":{}}","2025-06-25 01:09:02.82+00","2025-06-25 01:09:02.82+00","2025-06-25 01:09:02.82+00"
24,"868018070237402",68,"2025-06-25 01:10:02+00","-16.4102666","-71.5309000",0,0,0,0,"2348.4","13.4",17,0,"0.7",7,"0101000020E6100000925CFE43FAE151C020A45D3B076930C0","{""1"":{},""2"":{},""4"":{},""8"":{}}","2025-06-25 01:11:04.216+00","2025-06-25 01:11:04.216+00","2025-06-25 01:11:04.216+00"
25,"868018070237402",68,"2025-06-25 01:11:02+00","-16.4102366","-71.5309133",1,0,0,0,"2347.1","82.1",19,0,"0.7",7,"0101000020E6100000BB20C77BFAE151C04B9F0C44056930C0","{""1"":{},""2"":{},""4"":{},""8"":{}}","2025-06-25 01:11:04.248+00","2025-06-25 01:11:04.248+00","2025-06-25 01:11:04.248+00"
26,"868018070237402",68,"2025-06-25 01:12:02+00","-16.4102666","-71.5309266",0,0,0,0,"2346.3","4.3",20,0,"0.6",7,"0101000020E6100000E5E48FB3FAE151C020A45D3B076930C0","{""1"":{},""2"":{},""4"":{},""8"":{}}","2025-06-25 01:13:14.491+00","2025-06-25 01:13:14.492+00","2025-06-25 01:13:14.492+00"
27,"868018070237402",68,"2025-06-25 01:13:02+00","-16.4102533","-71.5309533",1,0,0,0,"2347.3","325.3",21,0,"0.7",7,"0101000020E610000002CD8C23FBE151C07A933A5C066930C0","{""1"":{},""2"":{},""4"":{},""8"":{}}","2025-06-25 01:13:14.531+00","2025-06-25 01:13:14.531+00","2025-06-25 01:13:14.531+00"
28,"868018070237402",68,"2025-06-25 01:14:02+00","-16.4102783","-71.5309083",0,0,0,0,"2351.9","105.0",19,0,"0.7",7,"0101000020E6100000326BCE66FAE151C02CC2A8FF076930C0","{""1"":{},""2"":{},""4"":{},""8"":{}}","2025-06-25 01:14:17.094+00","2025-06-25 01:14:17.094+00","2025-06-25 01:14:17.094+00"
29,"868018070237402",68,"2025-06-25 01:15:02+00","-16.4102600","-71.5309100",0,0,0,0,"2345.1","235.5",21,0,"0.7",7,"0101000020E6100000A4C7EF6DFAE151C062DBA2CC066930C0","{""1"":{},""2"":{},""4"":{},""8"":{}}","2025-06-25 01:15:20.194+00","2025-06-25 01:15:20.194+00","2025-06-25 01:15:20.194+00"
30,"868018070237402",68,"2025-06-25 01:16:02+00","-16.4102566","-71.5308683",0,0,0,0,"2346.0","258.9",22,0,"0.6",7,"0101000020E6100000EBBE08BFF9E151C0D9F79793066930C0","{""1"":{},""2"":{},""4"":{},""8"":{}}","2025-06-25 01:16:23.71+00","2025-06-25 01:16:23.71+00","2025-06-25 01:16:23.71+00"
31,"868018070237402",68,"2025-06-25 01:17:02+00","-16.4102166","-71.5308783",0,0,0,0,"2346.3","98.2",21,0,"0.6",7,"0101000020E6100000FD29FAE8F9E151C0BC4681F4036930C0","{""1"":{},""2"":{},""4"":{},""8"":{}}","2025-06-25 01:17:26.842+00","2025-06-25 01:17:26.842+00","2025-06-25 01:17:26.842+00"
32,"868018070237402",68,"2025-06-25 01:18:02+00","-16.4102516","-71.5309033",0,0,0,0,"2343.6","96.1",22,0,"0.8",7,"0101000020E6100000AAB5D551FAE151C0B521B53F066930C0","{""1"":{},""2"":{},""4"":{},""8"":{}}","2025-06-25 01:18:30.274+00","2025-06-25 01:18:30.274+00","2025-06-25 01:18:30.274+00"
33,"868018070237402",68,"2025-06-25 01:19:02+00","-16.4102316","-71.5309066",0,0,0,0,"2344.3","352.9",23,0,"0.7",7,"0101000020E6100000C10EAD5FFAE151C027C929F0046930C0","{""1"":{},""2"":{},""4"":{},""8"":{}}","2025-06-25 01:19:33.477+00","2025-06-25 01:19:33.478+00","2025-06-25 01:19:33.478+00"
34,"868018070237402",68,"2025-06-25 01:20:02+00","-16.4102600","-71.5309216",0,0,0,0,"2349.1","318.3",21,0,"0.6",7,"0101000020E61000005C2F979EFAE151C062DBA2CC066930C0","{""1"":{},""2"":{},""4"":{},""8"":{}}","2025-06-25 01:20:36.946+00","2025-06-25 01:20:36.946+00","2025-06-25 01:20:36.946+00"
35,"868018070237402",68,"2025-06-25 01:21:02+00","-16.4102650","-71.5309183",0,0,0,0,"2350.1","261.0",22,0,"0.6",7,"0101000020E610000044D6BF90FAE151C085B18520076930C0","{""1"":{},""2"":{},""4"":{},""8"":{}}","2025-06-25 01:21:40.104+00","2025-06-25 01:21:40.104+00","2025-06-25 01:21:40.104+00"
36,"868018070237402",68,"2025-06-25 01:22:02+00","-16.4102200","-71.5309133",0,0,0,0,"2350.9","293.7",21,0,"0.8",7,"0101000020E6100000BB20C77BFAE151C0452A8C2D046930C0","{""1"":{},""2"":{},""4"":{},""8"":{}}","2025-06-25 01:22:43.525+00","2025-06-25 01:22:43.525+00","2025-06-25 01:22:43.525+00"
37,"868018070237402",68,"2025-06-25 01:23:02+00","-16.4102766","-71.5309133",0,0,0,0,"2354.8","331.8",23,0,"0.7",7,"0101000020E6100000BB20C77BFAE151C0675023E3076930C0","{""1"":{},""2"":{},""4"":{},""8"":{}}","2025-06-25 01:23:46.628+00","2025-06-25 01:23:46.628+00","2025-06-25 01:23:46.628+00"
38,"868018070237402",68,"2025-06-25 01:24:02+00","-16.4102500","-71.5308983",0,0,0,0,"2350.0","32.7",19,0,"0.7",7,"0101000020E61000002100DD3CFAE151C01B2FDD24066930C0","{""1"":{},""2"":{},""4"":{},""8"":{}}","2025-06-25 01:24:51.895+00","2025-06-25 01:24:51.895+00","2025-06-25 01:24:51.895+00"
39,"868018070237402",68,"2025-06-25 01:24:37+00","-16.4102800","-71.5308800",1,0,0,0,"2343.2","144.1",9,5,"1.1",9,"0101000020E61000006E861BF0F9E151C0F0332E1C086930C0","{""1"":{},""2"":{},""4"":{},""8"":{}}","2025-06-25 01:24:51.93+00","2025-06-25 01:24:51.931+00","2025-06-25 01:24:51.931+00"
40,"868018070237402",68,"2025-06-25 01:25:37+00","-16.4102316","-71.5308900",0,0,0,0,"2362.2","45.2",14,0,"0.7",7,"0101000020E610000080F10C1AFAE151C027C929F0046930C0","{""1"":{},""2"":{},""4"":{},""8"":{}}","2025-06-25 02:17:22.504+00","2025-06-25 02:17:22.505+00","2025-06-25 02:17:22.505+00"
41,"868018070237402",68,"2025-06-25 01:26:37+00","-16.4102250","-71.5309000",1,0,0,0,"2349.5","331.6",12,0,"0.9",7,"0101000020E6100000925CFE43FAE151C069006F81046930C0","{""1"":{},""2"":{},""4"":{},""8"":{}}","2025-06-25 02:17:22.548+00","2025-06-25 02:17:22.548+00","2025-06-25 02:17:22.548+00"
42,"868018070237402",68,"2025-06-25 01:27:37+00","-16.4102450","-71.5308916",2,0,0,0,"2351.2","186.7",11,0,"0.9",7,"0101000020E610000027EEC220FAE151C0F758FAD0056930C0","{""1"":{},""2"":{},""4"":{},""8"":{}}","2025-06-25 02:17:22.553+00","2025-06-25 02:17:22.554+00","2025-06-25 02:17:22.554+00"
43,"868018070237402",68,"2025-06-25 01:28:37+00","-16.4102566","-71.5309066",3,0,0,0,"2354.0","86.7",9,0,"1.1",7,"0101000020E6100000C10EAD5FFAE151C0D9F79793066930C0","{""1"":{},""2"":{},""4"":{},""8"":{}}","2025-06-25 02:17:22.56+00","2025-06-25 02:17:22.56+00","2025-06-25 02:17:22.56+00"
44,"868018070237402",68,"2025-06-25 01:29:37+00","-16.4102683","-71.5309066",4,0,0,0,"2348.0","34.1",12,0,"1.0",7,"0101000020E6100000C10EAD5FFAE151C0E415E357076930C0","{""1"":{},""2"":{},""4"":{},""8"":{}}","2025-06-25 02:17:22.569+00","2025-06-25 02:17:22.569+00","2025-06-25 02:17:22.569+00"
45,"868018070237402",68,"2025-06-25 01:30:03+00","-16.4102600","-71.5308900",5,0,0,0,"2348.4","287.8",11,6,"1.0",9,"0101000020E610000080F10C1AFAE151C062DBA2CC066930C0","{""1"":{},""2"":{},""4"":{},""8"":{}}","2025-06-25 02:17:22.576+00","2025-06-25 02:17:22.576+00","2025-06-25 02:17:22.576+00"
46,"868018070237402",68,"2025-06-25 01:31:03+00","-16.4102100","-71.5309233",6,0,0,0,"2370.1","322.5",20,0,"0.8",7,"0101000020E6100000CD8BB8A5FAE151C0FE7DC685036930C0","{""1"":{},""2"":{},""4"":{},""8"":{}}","2025-06-25 02:17:22.58+00","2025-06-25 02:17:22.58+00","2025-06-25 02:17:22.58+00"
47,"868018070237402",68,"2025-06-25 01:32:03+00","-16.4102583","-71.5308900",7,0,0,0,"2357.6","23.6",19,0,"0.6",7,"0101000020E610000080F10C1AFAE151C09D691DB0066930C0","{""1"":{},""2"":{},""4"":{},""8"":{}}","2025-06-25 02:17:22.584+00","2025-06-25 02:17:22.584+00","2025-06-25 02:17:22.584+00"
48,"868018070237402",68,"2025-06-25 01:33:03+00","-16.4102766","-71.5309000",8,0,0,0,"2355.7","358.4",19,0,"0.6",7,"0101000020E6100000925CFE43FAE151C0675023E3076930C0","{""1"":{},""2"":{},""4"":{},""8"":{}}","2025-06-25 02:17:22.588+00","2025-06-25 02:17:22.588+00","2025-06-25 02:17:22.588+00"
49,"868018070237402",68,"2025-06-25 01:34:03+00","-16.4103016","-71.5309166",9,0,0,0,"2352.5","66.0",16,0,"0.9",7,"0101000020E6100000D3799E89FAE151C0197F9186096930C0","{""1"":{},""2"":{},""4"":{},""8"":{}}","2025-06-25 02:17:22.592+00","2025-06-25 02:17:22.592+00","2025-06-25 02:17:22.592+00"
50,"868018070237402",68,"2025-06-25 01:35:03+00","-16.4102683","-71.5308933",10,0,0,0,"2351.2","231.0",18,0,"0.6",7,"0101000020E6100000984AE427FAE151C0E415E357076930C0","{""1"":{},""2"":{},""4"":{},""8"":{}}","2025-06-25 02:17:22.597+00","2025-06-25 02:17:22.597+00","2025-06-25 02:17:22.597+00"
51,"868018070237402",68,"2025-06-25 01:36:03+00","-16.4102616","-71.5309000",11,0,0,0,"2349.2","146.9",18,0,"0.9",7,"0101000020E6100000925CFE43FAE151C0FCCD7AE7066930C0","{""1"":{},""2"":{},""4"":{},""8"":{}}","2025-06-25 02:17:22.601+00","2025-06-25 02:17:22.602+00","2025-06-25 02:17:22.602+00"
52,"868018070237402",68,"2025-06-25 01:37:03+00","-16.4102850","-71.5309050",12,0,0,0,"2347.3","94.0",18,0,"0.6",7,"0101000020E61000001B12F758FAE151C0130A1170086930C0","{""1"":{},""2"":{},""4"":{},""8"":{}}","2025-06-25 02:17:22.606+00","2025-06-25 02:17:22.606+00","2025-06-25 02:17:22.606+00"
53,"868018070237402",68,"2025-06-25 01:38:03+00","-16.4102733","-71.5309066",13,0,0,0,"2349.7","302.7",19,0,"0.7",7,"0101000020E6100000C10EAD5FFAE151C008ECC5AB076930C0","{""1"":{},""2"":{},""4"":{},""8"":{}}","2025-06-25 02:17:22.61+00","2025-06-25 02:17:22.61+00","2025-06-25 02:17:22.61+00"
54,"868018070237402",68,"2025-06-25 01:39:03+00","-16.4102450","-71.5309200",14,0,0,0,"2348.3","320.2",18,0,"0.8",7,"0101000020E6100000B532E197FAE151C0F758FAD0056930C0","{""1"":{},""2"":{},""4"":{},""8"":{}}","2025-06-25 02:17:22.613+00","2025-06-25 02:17:22.613+00","2025-06-25 02:17:22.613+00"
55,"868018070237402",68,"2025-06-25 01:40:03+00","-16.4102516","-71.5309066",15,0,0,0,"2347.9","19.7",18,0,"0.7",7,"0101000020E6100000C10EAD5FFAE151C0B521B53F066930C0","{""1"":{},""2"":{},""4"":{},""8"":{}}","2025-06-25 02:17:22.617+00","2025-06-25 02:17:22.617+00","2025-06-25 02:17:22.617+00"
56,"868018070237402",68,"2025-06-25 01:41:03+00","-16.4102483","-71.5309016",16,0,0,0,"2343.7","208.4",19,0,"0.7",7,"0101000020E61000003959B44AFAE151C056BD5708066930C0","{""1"":{},""2"":{},""4"":{},""8"":{}}","2025-06-25 02:17:22.62+00","2025-06-25 02:17:22.62+00","2025-06-25 02:17:22.62+00"
57,"868018070237402",68,"2025-06-25 01:42:03+00","-16.4102566","-71.5308983",17,0,0,0,"2340.8","64.5",18,0,"0.7",7,"0101000020E61000002100DD3CFAE151C0D9F79793066930C0","{""1"":{},""2"":{},""4"":{},""8"":{}}","2025-06-25 02:17:22.624+00","2025-06-25 02:17:22.624+00","2025-06-25 02:17:22.624+00"
58,"868018070237402",68,"2025-06-25 01:43:03+00","-16.4102933","-71.5308900",18,0,0,0,"2341.9","210.7",16,0,"0.8",7,"0101000020E610000080F10C1AFAE151C0964451FB086930C0","{""1"":{},""2"":{},""4"":{},""8"":{}}","2025-06-25 02:17:22.628+00","2025-06-25 02:17:22.628+00","2025-06-25 02:17:22.628+00"
59,"868018070237402",68,"2025-06-25 01:44:03+00","-16.4102516","-71.5308916",19,0,0,0,"2341.3","52.3",17,0,"0.6",7,"0101000020E610000027EEC220FAE151C0B521B53F066930C0","{""1"":{},""2"":{},""4"":{},""8"":{}}","2025-06-25 02:17:22.631+00","2025-06-25 02:17:22.631+00","2025-06-25 02:17:22.631+00"
60,"868018070237402",68,"2025-06-25 01:45:03+00","-16.4102816","-71.5309050",20,0,0,0,"2346.8","235.0",15,0,"0.8",7,"0101000020E61000001B12F758FAE151C08B260637086930C0","{""1"":{},""2"":{},""4"":{},""8"":{}}","2025-06-25 02:17:22.634+00","2025-06-25 02:17:22.634+00","2025-06-25 02:17:22.634+00"
61,"868018070237402",68,"2025-06-25 01:46:03+00","-16.4102850","-71.5309116",21,0,0,0,"2345.5","265.3",18,0,"0.7",7,"0101000020E61000004AC4A574FAE151C0130A1170086930C0","{""1"":{},""2"":{},""4"":{},""8"":{}}","2025-06-25 02:17:22.639+00","2025-06-25 02:17:22.639+00","2025-06-25 02:17:22.639+00"
62,"868018070237402",68,"2025-06-25 01:47:03+00","-16.4102783","-71.5309283",22,0,0,0,"2347.5","231.1",19,0,"0.7",7,"0101000020E61000005641B1BAFAE151C02CC2A8FF076930C0","{""1"":{},""2"":{},""4"":{},""8"":{}}","2025-06-25 02:17:22.642+00","2025-06-25 02:17:22.642+00","2025-06-25 02:17:22.642+00"
63,"868018070237402",68,"2025-06-25 01:48:03+00","-16.4102733","-71.5309183",23,0,0,0,"2351.1","55.3",18,0,"0.8",7,"0101000020E610000044D6BF90FAE151C008ECC5AB076930C0","{""1"":{},""2"":{},""4"":{},""8"":{}}","2025-06-25 02:17:22.646+00","2025-06-25 02:17:22.646+00","2025-06-25 02:17:22.646+00"
64,"868018070237402",68,"2025-06-25 01:49:03+00","-16.4102783","-71.5309133",24,0,0,0,"2345.1","276.1",18,0,"0.7",7,"0101000020E6100000BB20C77BFAE151C02CC2A8FF076930C0","{""1"":{},""2"":{},""4"":{},""8"":{}}","2025-06-25 02:17:22.65+00","2025-06-25 02:17:22.65+00","2025-06-25 02:17:22.65+00"
65,"868018070237402",68,"2025-06-25 01:50:03+00","-16.4102850","-71.5308850",25,0,0,0,"2347.2","192.4",20,0,"0.6",7,"0101000020E6100000F73B1405FAE151C0130A1170086930C0","{""1"":{},""2"":{},""4"":{},""8"":{}}","2025-06-25 02:17:22.655+00","2025-06-25 02:17:22.655+00","2025-06-25 02:17:22.655+00"
66,"868018070237402",68,"2025-06-25 01:51:03+00","-16.4102750","-71.5308933",26,0,0,0,"2347.3","58.8",19,0,"0.7",7,"0101000020E6100000984AE427FAE151C0CC5D4BC8076930C0","{""1"":{},""2"":{},""4"":{},""8"":{}}","2025-06-25 02:17:22.659+00","2025-06-25 02:17:22.659+00","2025-06-25 02:17:22.659+00"
67,"868018070237402",68,"2025-06-25 01:52:03+00","-16.4102600","-71.5309116",27,0,0,0,"2348.7","120.1",18,0,"0.7",7,"0101000020E61000004AC4A574FAE151C062DBA2CC066930C0","{""1"":{},""2"":{},""4"":{},""8"":{}}","2025-06-25 02:17:22.662+00","2025-06-25 02:17:22.663+00","2025-06-25 02:17:22.663+00"
68,"868018070237402",68,"2025-06-25 01:53:03+00","-16.4102616","-71.5309050",28,0,0,0,"2350.3","215.1",18,0,"0.7",7,"0101000020E61000001B12F758FAE151C0FCCD7AE7066930C0","{""1"":{},""2"":{},""4"":{},""8"":{}}","2025-06-25 02:17:22.666+00","2025-06-25 02:17:22.666+00","2025-06-25 02:17:22.666+00"
69,"868018070237402",68,"2025-06-25 01:54:03+00","-16.4102533","-71.5308833",29,0,0,0,"2345.7","234.0",20,0,"0.6",7,"0101000020E610000086DFF2FDF9E151C07A933A5C066930C0","{""1"":{},""2"":{},""4"":{},""8"":{}}","2025-06-25 02:17:22.67+00","2025-06-25 02:17:22.67+00","2025-06-25 02:17:22.67+00"
70,"868018070237402",68,"2025-06-25 01:25:37+00","-16.4102316","-71.5308900",0,0,0,0,"2362.2","45.2",14,0,"0.7",7,"0101000020E610000080F10C1AFAE151C027C929F0046930C0","{""1"":{},""2"":{},""4"":{},""8"":{}}","2025-06-25 02:19:20.398+00","2025-06-25 02:19:20.398+00","2025-06-25 02:19:20.398+00"
71,"868018070237402",68,"2025-06-25 01:26:37+00","-16.4102250","-71.5309000",1,0,0,0,"2349.5","331.6",12,0,"0.9",7,"0101000020E6100000925CFE43FAE151C069006F81046930C0","{""1"":{},""2"":{},""4"":{},""8"":{}}","2025-06-25 02:19:20.432+00","2025-06-25 02:19:20.432+00","2025-06-25 02:19:20.432+00"
72,"868018070237402",68,"2025-06-25 01:27:37+00","-16.4102450","-71.5308916",2,0,0,0,"2351.2","186.7",11,0,"0.9",7,"0101000020E610000027EEC220FAE151C0F758FAD0056930C0","{""1"":{},""2"":{},""4"":{},""8"":{}}","2025-06-25 02:19:20.435+00","2025-06-25 02:19:20.435+00","2025-06-25 02:19:20.435+00"
73,"868018070237402",68,"2025-06-25 01:28:37+00","-16.4102566","-71.5309066",3,0,0,0,"2354.0","86.7",9,0,"1.1",7,"0101000020E6100000C10EAD5FFAE151C0D9F79793066930C0","{""1"":{},""2"":{},""4"":{},""8"":{}}","2025-06-25 02:19:20.439+00","2025-06-25 02:19:20.439+00","2025-06-25 02:19:20.439+00"
74,"868018070237402",68,"2025-06-25 01:29:37+00","-16.4102683","-71.5309066",4,0,0,0,"2348.0","34.1",12,0,"1.0",7,"0101000020E6100000C10EAD5FFAE151C0E415E357076930C0","{""1"":{},""2"":{},""4"":{},""8"":{}}","2025-06-25 02:19:20.442+00","2025-06-25 02:19:20.442+00","2025-06-25 02:19:20.442+00"
75,"868018070237402",68,"2025-06-25 01:30:03+00","-16.4102600","-71.5308900",5,0,0,0,"2348.4","287.8",11,6,"1.0",9,"0101000020E610000080F10C1AFAE151C062DBA2CC066930C0","{""1"":{},""2"":{},""4"":{},""8"":{}}","2025-06-25 02:19:20.446+00","2025-06-25 02:19:20.447+00","2025-06-25 02:19:20.447+00"
76,"868018070237402",68,"2025-06-25 01:31:03+00","-16.4102100","-71.5309233",6,0,0,0,"2370.1","322.5",20,0,"0.8",7,"0101000020E6100000CD8BB8A5FAE151C0FE7DC685036930C0","{""1"":{},""2"":{},""4"":{},""8"":{}}","2025-06-25 02:19:20.45+00","2025-06-25 02:19:20.45+00","2025-06-25 02:19:20.45+00"
77,"868018070237402",68,"2025-06-25 01:32:03+00","-16.4102583","-71.5308900",7,0,0,0,"2357.6","23.6",19,0,"0.6",7,"0101000020E610000080F10C1AFAE151C09D691DB0066930C0","{""1"":{},""2"":{},""4"":{},""8"":{}}","2025-06-25 02:19:20.454+00","2025-06-25 02:19:20.454+00","2025-06-25 02:19:20.454+00"
78,"868018070237402",68,"2025-06-25 01:33:03+00","-16.4102766","-71.5309000",8,0,0,0,"2355.7","358.4",19,0,"0.6",7,"0101000020E6100000925CFE43FAE151C0675023E3076930C0","{""1"":{},""2"":{},""4"":{},""8"":{}}","2025-06-25 02:19:20.457+00","2025-06-25 02:19:20.457+00","2025-06-25 02:19:20.457+00"
79,"868018070237402",68,"2025-06-25 01:34:03+00","-16.4103016","-71.5309166",9,0,0,0,"2352.5","66.0",16,0,"0.9",7,"0101000020E6100000D3799E89FAE151C0197F9186096930C0","{""1"":{},""2"":{},""4"":{},""8"":{}}","2025-06-25 02:19:20.461+00","2025-06-25 02:19:20.461+00","2025-06-25 02:19:20.461+00"
80,"868018070237402",68,"2025-06-25 01:35:03+00","-16.4102683","-71.5308933",10,0,0,0,"2351.2","231.0",18,0,"0.6",7,"0101000020E6100000984AE427FAE151C0E415E357076930C0","{""1"":{},""2"":{},""4"":{},""8"":{}}","2025-06-25 02:19:20.464+00","2025-06-25 02:19:20.464+00","2025-06-25 02:19:20.464+00"
81,"868018070237402",68,"2025-06-25 01:36:03+00","-16.4102616","-71.5309000",11,0,0,0,"2349.2","146.9",18,0,"0.9",7,"0101000020E6100000925CFE43FAE151C0FCCD7AE7066930C0","{""1"":{},""2"":{},""4"":{},""8"":{}}","2025-06-25 02:19:20.467+00","2025-06-25 02:19:20.467+00","2025-06-25 02:19:20.467+00"
82,"868018070237402",68,"2025-06-25 01:37:03+00","-16.4102850","-71.5309050",12,0,0,0,"2347.3","94.0",18,0,"0.6",7,"0101000020E61000001B12F758FAE151C0130A1170086930C0","{""1"":{},""2"":{},""4"":{},""8"":{}}","2025-06-25 02:19:20.47+00","2025-06-25 02:19:20.47+00","2025-06-25 02:19:20.47+00"
83,"868018070237402",68,"2025-06-25 01:38:03+00","-16.4102733","-71.5309066",13,0,0,0,"2349.7","302.7",19,0,"0.7",7,"0101000020E6100000C10EAD5FFAE151C008ECC5AB076930C0","{""1"":{},""2"":{},""4"":{},""8"":{}}","2025-06-25 02:19:20.473+00","2025-06-25 02:19:20.473+00","2025-06-25 02:19:20.473+00"
84,"868018070237402",68,"2025-06-25 01:39:03+00","-16.4102450","-71.5309200",14,0,0,0,"2348.3","320.2",18,0,"0.8",7,"0101000020E6100000B532E197FAE151C0F758FAD0056930C0","{""1"":{},""2"":{},""4"":{},""8"":{}}","2025-06-25 02:19:20.476+00","2025-06-25 02:19:20.476+00","2025-06-25 02:19:20.476+00"
85,"868018070237402",68,"2025-06-25 01:40:03+00","-16.4102516","-71.5309066",15,0,0,0,"2347.9","19.7",18,0,"0.7",7,"0101000020E6100000C10EAD5FFAE151C0B521B53F066930C0","{""1"":{},""2"":{},""4"":{},""8"":{}}","2025-06-25 02:19:20.481+00","2025-06-25 02:19:20.481+00","2025-06-25 02:19:20.481+00"
86,"868018070237402",68,"2025-06-25 01:41:03+00","-16.4102483","-71.5309016",16,0,0,0,"2343.7","208.4",19,0,"0.7",7,"0101000020E61000003959B44AFAE151C056BD5708066930C0","{""1"":{},""2"":{},""4"":{},""8"":{}}","2025-06-25 02:19:20.485+00","2025-06-25 02:19:20.485+00","2025-06-25 02:19:20.485+00"
87,"868018070237402",68,"2025-06-25 01:42:03+00","-16.4102566","-71.5308983",17,0,0,0,"2340.8","64.5",18,0,"0.7",7,"0101000020E61000002100DD3CFAE151C0D9F79793066930C0","{""1"":{},""2"":{},""4"":{},""8"":{}}","2025-06-25 02:19:20.489+00","2025-06-25 02:19:20.489+00","2025-06-25 02:19:20.489+00"
88,"868018070237402",68,"2025-06-25 01:43:03+00","-16.4102933","-71.5308900",18,0,0,0,"2341.9","210.7",16,0,"0.8",7,"0101000020E610000080F10C1AFAE151C0964451FB086930C0","{""1"":{},""2"":{},""4"":{},""8"":{}}","2025-06-25 02:19:20.492+00","2025-06-25 02:19:20.492+00","2025-06-25 02:19:20.492+00"
89,"868018070237402",68,"2025-06-25 01:44:03+00","-16.4102516","-71.5308916",19,0,0,0,"2341.3","52.3",17,0,"0.6",7,"0101000020E610000027EEC220FAE151C0B521B53F066930C0","{""1"":{},""2"":{},""4"":{},""8"":{}}","2025-06-25 02:19:20.495+00","2025-06-25 02:19:20.495+00","2025-06-25 02:19:20.495+00"
90,"868018070237402",68,"2025-06-25 01:45:03+00","-16.4102816","-71.5309050",20,0,0,0,"2346.8","235.0",15,0,"0.8",7,"0101000020E61000001B12F758FAE151C08B260637086930C0","{""1"":{},""2"":{},""4"":{},""8"":{}}","2025-06-25 02:19:20.498+00","2025-06-25 02:19:20.498+00","2025-06-25 02:19:20.498+00"
91,"868018070237402",68,"2025-06-25 01:46:03+00","-16.4102850","-71.5309116",21,0,0,0,"2345.5","265.3",18,0,"0.7",7,"0101000020E61000004AC4A574FAE151C0130A1170086930C0","{""1"":{},""2"":{},""4"":{},""8"":{}}","2025-06-25 02:19:20.501+00","2025-06-25 02:19:20.501+00","2025-06-25 02:19:20.501+00"
92,"868018070237402",68,"2025-06-25 01:47:03+00","-16.4102783","-71.5309283",22,0,0,0,"2347.5","231.1",19,0,"0.7",7,"0101000020E61000005641B1BAFAE151C02CC2A8FF076930C0","{""1"":{},""2"":{},""4"":{},""8"":{}}","2025-06-25 02:19:20.505+00","2025-06-25 02:19:20.505+00","2025-06-25 02:19:20.505+00"
93,"868018070237402",68,"2025-06-25 01:48:03+00","-16.4102733","-71.5309183",23,0,0,0,"2351.1","55.3",18,0,"0.8",7,"0101000020E610000044D6BF90FAE151C008ECC5AB076930C0","{""1"":{},""2"":{},""4"":{},""8"":{}}","2025-06-25 02:19:20.508+00","2025-06-25 02:19:20.508+00","2025-06-25 02:19:20.508+00"
94,"868018070237402",68,"2025-06-25 01:49:03+00","-16.4102783","-71.5309133",24,0,0,0,"2345.1","276.1",18,0,"0.7",7,"0101000020E6100000BB20C77BFAE151C02CC2A8FF076930C0","{""1"":{},""2"":{},""4"":{},""8"":{}}","2025-06-25 02:19:20.512+00","2025-06-25 02:19:20.512+00","2025-06-25 02:19:20.512+00"
95,"868018070237402",68,"2025-06-25 01:50:03+00","-16.4102850","-71.5308850",25,0,0,0,"2347.2","192.4",20,0,"0.6",7,"0101000020E6100000F73B1405FAE151C0130A1170086930C0","{""1"":{},""2"":{},""4"":{},""8"":{}}","2025-06-25 02:19:20.515+00","2025-06-25 02:19:20.515+00","2025-06-25 02:19:20.515+00"
96,"868018070237402",68,"2025-06-25 01:51:03+00","-16.4102750","-71.5308933",26,0,0,0,"2347.3","58.8",19,0,"0.7",7,"0101000020E6100000984AE427FAE151C0CC5D4BC8076930C0","{""1"":{},""2"":{},""4"":{},""8"":{}}","2025-06-25 02:19:20.518+00","2025-06-25 02:19:20.518+00","2025-06-25 02:19:20.518+00"
97,"868018070237402",68,"2025-06-25 01:52:03+00","-16.4102600","-71.5309116",27,0,0,0,"2348.7","120.1",18,0,"0.7",7,"0101000020E61000004AC4A574FAE151C062DBA2CC066930C0","{""1"":{},""2"":{},""4"":{},""8"":{}}","2025-06-25 02:19:20.521+00","2025-06-25 02:19:20.521+00","2025-06-25 02:19:20.521+00"
98,"868018070237402",68,"2025-06-25 01:53:03+00","-16.4102616","-71.5309050",28,0,0,0,"2350.3","215.1",18,0,"0.7",7,"0101000020E61000001B12F758FAE151C0FCCD7AE7066930C0","{""1"":{},""2"":{},""4"":{},""8"":{}}","2025-06-25 02:19:20.524+00","2025-06-25 02:19:20.524+00","2025-06-25 02:19:20.524+00"
99,"868018070237402",68,"2025-06-25 01:54:03+00","-16.4102533","-71.5308833",29,0,0,0,"2345.7","234.0",20,0,"0.6",7,"0101000020E610000086DFF2FDF9E151C07A933A5C066930C0","{""1"":{},""2"":{},""4"":{},""8"":{}}","2025-06-25 02:19:20.528+00","2025-06-25 02:19:20.528+00","2025-06-25 02:19:20.528+00"
100,"868018070237402",68,"2025-06-25 01:25:37+00","-16.4102316","-71.5308900",0,0,0,0,"2362.2","45.2",14,0,"0.7",7,"0101000020E610000080F10C1AFAE151C027C929F0046930C0","{""1"":{},""2"":{},""4"":{},""8"":{}}","2025-06-25 02:22:21.098+00","2025-06-25 02:22:21.098+00","2025-06-25 02:22:21.098+00"
101,"868018070237402",68,"2025-06-25 01:26:37+00","-16.4102250","-71.5309000",1,0,0,0,"2349.5","331.6",12,0,"0.9",7,"0101000020E6100000925CFE43FAE151C069006F81046930C0","{""1"":{},""2"":{},""4"":{},""8"":{}}","2025-06-25 02:22:21.134+00","2025-06-25 02:22:21.135+00","2025-06-25 02:22:21.135+00"
102,"868018070237402",68,"2025-06-25 01:27:37+00","-16.4102450","-71.5308916",2,0,0,0,"2351.2","186.7",11,0,"0.9",7,"0101000020E610000027EEC220FAE151C0F758FAD0056930C0","{""1"":{},""2"":{},""4"":{},""8"":{}}","2025-06-25 02:22:21.138+00","2025-06-25 02:22:21.138+00","2025-06-25 02:22:21.138+00"
103,"868018070237402",68,"2025-06-25 01:28:37+00","-16.4102566","-71.5309066",3,0,0,0,"2354.0","86.7",9,0,"1.1",7,"0101000020E6100000C10EAD5FFAE151C0D9F79793066930C0","{""1"":{},""2"":{},""4"":{},""8"":{}}","2025-06-25 02:22:21.141+00","2025-06-25 02:22:21.141+00","2025-06-25 02:22:21.141+00"
104,"868018070237402",68,"2025-06-25 01:29:37+00","-16.4102683","-71.5309066",4,0,0,0,"2348.0","34.1",12,0,"1.0",7,"0101000020E6100000C10EAD5FFAE151C0E415E357076930C0","{""1"":{},""2"":{},""4"":{},""8"":{}}","2025-06-25 02:22:21.144+00","2025-06-25 02:22:21.144+00","2025-06-25 02:22:21.144+00"
105,"868018070237402",68,"2025-06-25 01:30:03+00","-16.4102600","-71.5308900",5,0,0,0,"2348.4","287.8",11,6,"1.0",9,"0101000020E610000080F10C1AFAE151C062DBA2CC066930C0","{""1"":{},""2"":{},""4"":{},""8"":{}}","2025-06-25 02:22:21.147+00","2025-06-25 02:22:21.147+00","2025-06-25 02:22:21.147+00"
106,"868018070237402",68,"2025-06-25 01:31:03+00","-16.4102100","-71.5309233",6,0,0,0,"2370.1","322.5",20,0,"0.8",7,"0101000020E6100000CD8BB8A5FAE151C0FE7DC685036930C0","{""1"":{},""2"":{},""4"":{},""8"":{}}","2025-06-25 02:22:21.151+00","2025-06-25 02:22:21.151+00","2025-06-25 02:22:21.151+00"
107,"868018070237402",68,"2025-06-25 01:32:03+00","-16.4102583","-71.5308900",7,0,0,0,"2357.6","23.6",19,0,"0.6",7,"0101000020E610000080F10C1AFAE151C09D691DB0066930C0","{""1"":{},""2"":{},""4"":{},""8"":{}}","2025-06-25 02:22:21.156+00","2025-06-25 02:22:21.156+00","2025-06-25 02:22:21.156+00"
108,"868018070237402",68,"2025-06-25 01:33:03+00","-16.4102766","-71.5309000",8,0,0,0,"2355.7","358.4",19,0,"0.6",7,"0101000020E6100000925CFE43FAE151C0675023E3076930C0","{""1"":{},""2"":{},""4"":{},""8"":{}}","2025-06-25 02:22:21.163+00","2025-06-25 02:22:21.163+00","2025-06-25 02:22:21.163+00"
109,"868018070237402",68,"2025-06-25 01:34:03+00","-16.4103016","-71.5309166",9,0,0,0,"2352.5","66.0",16,0,"0.9",7,"0101000020E6100000D3799E89FAE151C0197F9186096930C0","{""1"":{},""2"":{},""4"":{},""8"":{}}","2025-06-25 02:22:21.167+00","2025-06-25 02:22:21.167+00","2025-06-25 02:22:21.167+00"
110,"868018070237402",68,"2025-06-25 01:35:03+00","-16.4102683","-71.5308933",10,0,0,0,"2351.2","231.0",18,0,"0.6",7,"0101000020E6100000984AE427FAE151C0E415E357076930C0","{""1"":{},""2"":{},""4"":{},""8"":{}}","2025-06-25 02:22:21.17+00","2025-06-25 02:22:21.17+00","2025-06-25 02:22:21.17+00"
111,"868018070237402",68,"2025-06-25 01:36:03+00","-16.4102616","-71.5309000",11,0,0,0,"2349.2","146.9",18,0,"0.9",7,"0101000020E6100000925CFE43FAE151C0FCCD7AE7066930C0","{""1"":{},""2"":{},""4"":{},""8"":{}}","2025-06-25 02:22:21.174+00","2025-06-25 02:22:21.174+00","2025-06-25 02:22:21.174+00"
112,"868018070237402",68,"2025-06-25 01:37:03+00","-16.4102850","-71.5309050",12,0,0,0,"2347.3","94.0",18,0,"0.6",7,"0101000020E61000001B12F758FAE151C0130A1170086930C0","{""1"":{},""2"":{},""4"":{},""8"":{}}","2025-06-25 02:22:21.178+00","2025-06-25 02:22:21.178+00","2025-06-25 02:22:21.178+00"
113,"868018070237402",68,"2025-06-25 01:38:03+00","-16.4102733","-71.5309066",13,0,0,0,"2349.7","302.7",19,0,"0.7",7,"0101000020E6100000C10EAD5FFAE151C008ECC5AB076930C0","{""1"":{},""2"":{},""4"":{},""8"":{}}","2025-06-25 02:22:21.182+00","2025-06-25 02:22:21.182+00","2025-06-25 02:22:21.182+00"
114,"868018070237402",68,"2025-06-25 01:39:03+00","-16.4102450","-71.5309200",14,0,0,0,"2348.3","320.2",18,0,"0.8",7,"0101000020E6100000B532E197FAE151C0F758FAD0056930C0","{""1"":{},""2"":{},""4"":{},""8"":{}}","2025-06-25 02:22:21.189+00","2025-06-25 02:22:21.189+00","2025-06-25 02:22:21.189+00"
115,"868018070237402",68,"2025-06-25 01:40:03+00","-16.4102516","-71.5309066",15,0,0,0,"2347.9","19.7",18,0,"0.7",7,"0101000020E6100000C10EAD5FFAE151C0B521B53F066930C0","{""1"":{},""2"":{},""4"":{},""8"":{}}","2025-06-25 02:22:21.192+00","2025-06-25 02:22:21.192+00","2025-06-25 02:22:21.192+00"
116,"868018070237402",68,"2025-06-25 01:41:03+00","-16.4102483","-71.5309016",16,0,0,0,"2343.7","208.4",19,0,"0.7",7,"0101000020E61000003959B44AFAE151C056BD5708066930C0","{""1"":{},""2"":{},""4"":{},""8"":{}}","2025-06-25 02:22:21.197+00","2025-06-25 02:22:21.197+00","2025-06-25 02:22:21.197+00"
117,"868018070237402",68,"2025-06-25 01:42:03+00","-16.4102566","-71.5308983",17,0,0,0,"2340.8","64.5",18,0,"0.7",7,"0101000020E61000002100DD3CFAE151C0D9F79793066930C0","{""1"":{},""2"":{},""4"":{},""8"":{}}","2025-06-25 02:22:21.201+00","2025-06-25 02:22:21.201+00","2025-06-25 02:22:21.201+00"
118,"868018070237402",68,"2025-06-25 01:43:03+00","-16.4102933","-71.5308900",18,0,0,0,"2341.9","210.7",16,0,"0.8",7,"0101000020E610000080F10C1AFAE151C0964451FB086930C0","{""1"":{},""2"":{},""4"":{},""8"":{}}","2025-06-25 02:22:21.208+00","2025-06-25 02:22:21.21+00","2025-06-25 02:22:21.21+00"
119,"868018070237402",68,"2025-06-25 01:44:03+00","-16.4102516","-71.5308916",19,0,0,0,"2341.3","52.3",17,0,"0.6",7,"0101000020E610000027EEC220FAE151C0B521B53F066930C0","{""1"":{},""2"":{},""4"":{},""8"":{}}","2025-06-25 02:22:21.214+00","2025-06-25 02:22:21.214+00","2025-06-25 02:22:21.214+00"
120,"868018070237402",68,"2025-06-25 01:45:03+00","-16.4102816","-71.5309050",20,0,0,0,"2346.8","235.0",15,0,"0.8",7,"0101000020E61000001B12F758FAE151C08B260637086930C0","{""1"":{},""2"":{},""4"":{},""8"":{}}","2025-06-25 02:22:21.217+00","2025-06-25 02:22:21.217+00","2025-06-25 02:22:21.217+00"
121,"868018070237402",68,"2025-06-25 01:46:03+00","-16.4102850","-71.5309116",21,0,0,0,"2345.5","265.3",18,0,"0.7",7,"0101000020E61000004AC4A574FAE151C0130A1170086930C0","{""1"":{},""2"":{},""4"":{},""8"":{}}","2025-06-25 02:22:21.221+00","2025-06-25 02:22:21.221+00","2025-06-25 02:22:21.221+00"
122,"868018070237402",68,"2025-06-25 01:47:03+00","-16.4102783","-71.5309283",22,0,0,0,"2347.5","231.1",19,0,"0.7",7,"0101000020E61000005641B1BAFAE151C02CC2A8FF076930C0","{""1"":{},""2"":{},""4"":{},""8"":{}}","2025-06-25 02:22:21.224+00","2025-06-25 02:22:21.224+00","2025-06-25 02:22:21.224+00"
123,"868018070237402",68,"2025-06-25 01:48:03+00","-16.4102733","-71.5309183",23,0,0,0,"2351.1","55.3",18,0,"0.8",7,"0101000020E610000044D6BF90FAE151C008ECC5AB076930C0","{""1"":{},""2"":{},""4"":{},""8"":{}}","2025-06-25 02:22:21.227+00","2025-06-25 02:22:21.227+00","2025-06-25 02:22:21.227+00"
124,"868018070237402",68,"2025-06-25 01:49:03+00","-16.4102783","-71.5309133",24,0,0,0,"2345.1","276.1",18,0,"0.7",7,"0101000020E6100000BB20C77BFAE151C02CC2A8FF076930C0","{""1"":{},""2"":{},""4"":{},""8"":{}}","2025-06-25 02:22:21.23+00","2025-06-25 02:22:21.23+00","2025-06-25 02:22:21.23+00"
125,"868018070237402",68,"2025-06-25 01:50:03+00","-16.4102850","-71.5308850",25,0,0,0,"2347.2","192.4",20,0,"0.6",7,"0101000020E6100000F73B1405FAE151C0130A1170086930C0","{""1"":{},""2"":{},""4"":{},""8"":{}}","2025-06-25 02:22:21.234+00","2025-06-25 02:22:21.234+00","2025-06-25 02:22:21.234+00"
126,"868018070237402",68,"2025-06-25 01:51:03+00","-16.4102750","-71.5308933",26,0,0,0,"2347.3","58.8",19,0,"0.7",7,"0101000020E6100000984AE427FAE151C0CC5D4BC8076930C0","{""1"":{},""2"":{},""4"":{},""8"":{}}","2025-06-25 02:22:21.238+00","2025-06-25 02:22:21.238+00","2025-06-25 02:22:21.238+00"
127,"868018070237402",68,"2025-06-25 01:52:03+00","-16.4102600","-71.5309116",27,0,0,0,"2348.7","120.1",18,0,"0.7",7,"0101000020E61000004AC4A574FAE151C062DBA2CC066930C0","{""1"":{},""2"":{},""4"":{},""8"":{}}","2025-06-25 02:22:21.242+00","2025-06-25 02:22:21.242+00","2025-06-25 02:22:21.242+00"
128,"868018070237402",68,"2025-06-25 01:53:03+00","-16.4102616","-71.5309050",28,0,0,0,"2350.3","215.1",18,0,"0.7",7,"0101000020E61000001B12F758FAE151C0FCCD7AE7066930C0","{""1"":{},""2"":{},""4"":{},""8"":{}}","2025-06-25 02:22:21.245+00","2025-06-25 02:22:21.246+00","2025-06-25 02:22:21.246+00"
129,"868018070237402",68,"2025-06-25 01:54:03+00","-16.4102533","-71.5308833",29,0,0,0,"2345.7","234.0",20,0,"0.6",7,"0101000020E610000086DFF2FDF9E151C07A933A5C066930C0","{""1"":{},""2"":{},""4"":{},""8"":{}}","2025-06-25 02:22:21.249+00","2025-06-25 02:22:21.25+00","2025-06-25 02:22:21.25+00"
130,"868018070237402",68,"2025-06-25 01:55:03+00","-16.4102533","-71.5308700",0,0,0,0,"2343.7","217.7",18,0,"0.8",7,"0101000020E61000005C1B2AC6F9E151C07A933A5C066930C0","{""1"":{},""2"":{},""4"":{},""8"":{}}","2025-06-25 02:22:21.693+00","2025-06-25 02:22:21.693+00","2025-06-25 02:22:21.693+00"
131,"868018070237402",68,"2025-06-25 01:56:03+00","-16.4102416","-71.5308833",1,0,0,0,"2342.9","92.5",21,0,"0.7",7,"0101000020E610000086DFF2FDF9E151C06E75EF97056930C0","{""1"":{},""2"":{},""4"":{},""8"":{}}","2025-06-25 02:22:21.702+00","2025-06-25 02:22:21.702+00","2025-06-25 02:22:21.702+00"
132,"868018070237402",68,"2025-06-25 01:57:03+00","-16.4102833","-71.5308966",2,0,0,0,"2345.9","171.6",19,0,"0.8",7,"0101000020E6100000B0A3BB35FAE151C04F988B53086930C0","{""1"":{},""2"":{},""4"":{},""8"":{}}","2025-06-25 02:22:21.709+00","2025-06-25 02:22:21.711+00","2025-06-25 02:22:21.711+00"
133,"868018070237402",68,"2025-06-25 01:58:03+00","-16.4102783","-71.5308800",3,0,0,0,"2348.4","88.5",19,0,"0.8",7,"0101000020E61000006E861BF0F9E151C02CC2A8FF076930C0","{""1"":{},""2"":{},""4"":{},""8"":{}}","2025-06-25 02:22:21.715+00","2025-06-25 02:22:21.715+00","2025-06-25 02:22:21.715+00"
134,"868018070237402",68,"2025-06-25 01:59:03+00","-16.4102766","-71.5308783",4,0,0,0,"2349.4","210.8",18,0,"0.6",7,"0101000020E6100000FD29FAE8F9E151C0675023E3076930C0","{""1"":{},""2"":{},""4"":{},""8"":{}}","2025-06-25 02:22:21.718+00","2025-06-25 02:22:21.718+00","2025-06-25 02:22:21.718+00"
135,"868018070237402",68,"2025-06-25 02:00:03+00","-16.4102900","-71.5308883",5,0,0,0,"2347.3","67.9",18,0,"0.7",7,"0101000020E61000000F95EB12FAE151C037E0F3C3086930C0","{""1"":{},""2"":{},""4"":{},""8"":{}}","2025-06-25 02:22:21.722+00","2025-06-25 02:22:21.722+00","2025-06-25 02:22:21.722+00"
136,"868018070237402",68,"2025-06-25 02:01:03+00","-16.4102866","-71.5308783",6,0,0,0,"2344.0","304.7",16,0,"0.9",7,"0101000020E6100000FD29FAE8F9E151C0AEFCE88A086930C0","{""1"":{},""2"":{},""4"":{},""8"":{}}","2025-06-25 02:22:21.725+00","2025-06-25 02:22:21.726+00","2025-06-25 02:22:21.726+00"
137,"868018070237402",68,"2025-06-25 02:02:03+00","-16.4102816","-71.5309133",7,0,0,0,"2343.6","240.0",20,0,"0.7",7,"0101000020E6100000BB20C77BFAE151C08B260637086930C0","{""1"":{},""2"":{},""4"":{},""8"":{}}","2025-06-25 02:22:21.729+00","2025-06-25 02:22:21.729+00","2025-06-25 02:22:21.729+00"
138,"868018070237402",68,"2025-06-25 02:03:03+00","-16.4103033","-71.5309266",8,0,0,0,"2341.3","33.9",19,0,"0.8",7,"0101000020E6100000E5E48FB3FAE151C0DDF016A3096930C0","{""1"":{},""2"":{},""4"":{},""8"":{}}","2025-06-25 02:22:21.733+00","2025-06-25 02:22:21.733+00","2025-06-25 02:22:21.733+00"
139,"868018070237402",68,"2025-06-25 02:04:03+00","-16.4103016","-71.5309250",9,0,0,0,"2348.4","0.8",21,0,"0.7",7,"0101000020E61000003EE8D9ACFAE151C0197F9186096930C0","{""1"":{},""2"":{},""4"":{},""8"":{}}","2025-06-25 02:22:21.738+00","2025-06-25 02:22:21.738+00","2025-06-25 02:22:21.738+00"
140,"868018070237402",68,"2025-06-25 02:05:03+00","-16.4103033","-71.5309166",10,0,0,0,"2348.9","228.5",20,0,"0.7",7,"0101000020E6100000D3799E89FAE151C0DDF016A3096930C0","{""1"":{},""2"":{},""4"":{},""8"":{}}","2025-06-25 02:22:21.741+00","2025-06-25 02:22:21.741+00","2025-06-25 02:22:21.741+00"
141,"868018070237402",68,"2025-06-25 02:06:03+00","-16.4102650","-71.5308750",11,0,0,0,"2345.8","103.8",19,0,"0.6",7,"0101000020E6100000E5D022DBF9E151C085B18520076930C0","{""1"":{},""2"":{},""4"":{},""8"":{}}","2025-06-25 02:22:21.745+00","2025-06-25 02:22:21.745+00","2025-06-25 02:22:21.745+00"
142,"868018070237402",68,"2025-06-25 02:07:03+00","-16.4102716","-71.5308900",12,0,0,0,"2344.4","144.0",19,0,"0.7",7,"0101000020E610000080F10C1AFAE151C0447A408F076930C0","{""1"":{},""2"":{},""4"":{},""8"":{}}","2025-06-25 02:22:21.749+00","2025-06-25 02:22:21.749+00","2025-06-25 02:22:21.749+00"
143,"868018070237402",68,"2025-06-25 02:08:03+00","-16.4102866","-71.5308816",13,0,0,0,"2343.9","243.9",19,0,"0.7",7,"0101000020E61000001583D1F6F9E151C0AEFCE88A086930C0","{""1"":{},""2"":{},""4"":{},""8"":{}}","2025-06-25 02:22:21.752+00","2025-06-25 02:22:21.752+00","2025-06-25 02:22:21.752+00"
144,"868018070237402",68,"2025-06-25 02:09:03+00","-16.4102966","-71.5308933",14,0,0,0,"2342.9","357.0",20,0,"0.6",7,"0101000020E6100000984AE427FAE151C0F5A8AE32096930C0","{""1"":{},""2"":{},""4"":{},""8"":{}}","2025-06-25 02:22:21.756+00","2025-06-25 02:22:21.756+00","2025-06-25 02:22:21.756+00"
145,"868018070237402",68,"2025-06-25 02:10:03+00","-16.4102950","-71.5309483",15,0,0,0,"2344.9","325.1",20,0,"0.7",7,"0101000020E61000007A17940EFBE151C05BB6D617096930C0","{""1"":{},""2"":{},""4"":{},""8"":{}}","2025-06-25 02:22:21.759+00","2025-06-25 02:22:21.759+00","2025-06-25 02:22:21.759+00"
146,"868018070237402",68,"2025-06-25 02:11:03+00","-16.4102783","-71.5309000",16,0,0,0,"2344.1","331.9",17,0,"0.7",7,"0101000020E6100000925CFE43FAE151C02CC2A8FF076930C0","{""1"":{},""2"":{},""4"":{},""8"":{}}","2025-06-25 02:22:21.763+00","2025-06-25 02:22:21.763+00","2025-06-25 02:22:21.763+00"
147,"868018070237402",68,"2025-06-25 02:12:03+00","-16.4102933","-71.5309233",17,0,0,0,"2349.0","208.2",21,0,"0.6",7,"0101000020E6100000CD8BB8A5FAE151C0964451FB086930C0","{""1"":{},""2"":{},""4"":{},""8"":{}}","2025-06-25 02:22:21.766+00","2025-06-25 02:22:21.766+00","2025-06-25 02:22:21.766+00"
148,"868018070237402",68,"2025-06-25 02:13:03+00","-16.4103066","-71.5309583",18,0,0,0,"2348.7","171.4",19,0,"0.7",7,"0101000020E61000008B828538FBE151C03C5574DA096930C0","{""1"":{},""2"":{},""4"":{},""8"":{}}","2025-06-25 02:22:21.769+00","2025-06-25 02:22:21.769+00","2025-06-25 02:22:21.769+00"
149,"868018070237402",68,"2025-06-25 02:14:03+00","-16.4102883","-71.5309216",19,0,0,0,"2348.6","231.7",20,0,"0.6",7,"0101000020E61000005C2F979EFAE151C0736E6EA7086930C0","{""1"":{},""2"":{},""4"":{},""8"":{}}","2025-06-25 02:22:21.773+00","2025-06-25 02:22:21.773+00","2025-06-25 02:22:21.773+00"
150,"868018070237402",68,"2025-06-25 02:15:03+00","-16.4102716","-71.5309183",20,0,0,0,"2342.3","153.4",20,0,"0.7",7,"0101000020E610000044D6BF90FAE151C0447A408F076930C0","{""1"":{},""2"":{},""4"":{},""8"":{}}","2025-06-25 02:22:21.776+00","2025-06-25 02:22:21.776+00","2025-06-25 02:22:21.776+00"
151,"868018070237402",68,"2025-06-25 02:16:03+00","-16.4102866","-71.5309816",21,0,0,0,"2339.6","129.8",19,0,"0.9",7,"0101000020E6100000C7B13F9AFBE151C0AEFCE88A086930C0","{""1"":{},""2"":{},""4"":{},""8"":{}}","2025-06-25 02:22:21.779+00","2025-06-25 02:22:21.779+00","2025-06-25 02:22:21.779+00"
152,"868018070237402",68,"2025-06-25 02:17:03+00","-16.4102716","-71.5309750",22,0,0,0,"2334.3","220.6",19,0,"0.8",7,"0101000020E610000097FF907EFBE151C0447A408F076930C0","{""1"":{},""2"":{},""4"":{},""8"":{}}","2025-06-25 02:22:21.783+00","2025-06-25 02:22:21.783+00","2025-06-25 02:22:21.783+00"
153,"868018070237402",68,"2025-06-25 02:18:03+00","-16.4102700","-71.5309350",23,0,0,0,"2332.6","250.2",17,0,"0.7",7,"0101000020E61000005053CBD6FAE151C0A9876874076930C0","{""1"":{},""2"":{},""4"":{},""8"":{}}","2025-06-25 02:22:21.79+00","2025-06-25 02:22:21.79+00","2025-06-25 02:22:21.79+00"
154,"868018070237402",68,"2025-06-25 02:19:03+00","-16.4102800","-71.5309133",24,0,0,0,"2338.6","41.0",19,0,"0.7",7,"0101000020E6100000BB20C77BFAE151C0F0332E1C086930C0","{""1"":{},""2"":{},""4"":{},""8"":{}}","2025-06-25 02:22:21.796+00","2025-06-25 02:22:21.796+00","2025-06-25 02:22:21.796+00"
155,"868018070237402",68,"2025-06-25 02:20:03+00","-16.4102566","-71.5308816",25,0,0,0,"2346.0","152.8",17,0,"0.9",7,"0101000020E61000001583D1F6F9E151C0D9F79793066930C0","{""1"":{},""2"":{},""4"":{},""8"":{}}","2025-06-25 02:22:21.799+00","2025-06-25 02:22:21.799+00","2025-06-25 02:22:21.799+00"
156,"868018070237402",68,"2025-06-25 02:21:03+00","-16.4102966","-71.5309066",26,0,0,0,"2348.3","218.4",20,0,"1.0",7,"0101000020E6100000C10EAD5FFAE151C0F5A8AE32096930C0","{""1"":{},""2"":{},""4"":{},""8"":{}}","2025-06-25 02:22:21.802+00","2025-06-25 02:22:21.802+00","2025-06-25 02:22:21.802+00"
157,"868018070237402",68,"2025-06-25 02:22:03+00","-16.4103200","-71.5308900",27,0,0,0,"2350.9","6.0",20,0,"0.8",7,"0101000020E610000080F10C1AFAE151C00CE544BB0A6930C0","{""1"":{},""2"":{},""4"":{},""8"":{}}","2025-06-25 02:22:21.806+00","2025-06-25 02:22:21.806+00","2025-06-25 02:22:21.806+00"
158,"868018070237402",68,"2025-06-25 02:23:03+00","-16.4102966","-71.5308900",0,0,0,0,"2355.8","27.0",19,0,"0.7",7,"0101000020E610000080F10C1AFAE151C0F5A8AE32096930C0","{""1"":{},""2"":{},""4"":{},""8"":{}}","2025-06-25 02:23:26.184+00","2025-06-25 02:23:26.184+00","2025-06-25 02:23:26.184+00"
159,"868018070237402",68,"2025-06-25 02:24:03+00","-16.4102833","-71.5308783",0,0,0,0,"2356.1","258.5",17,0,"0.8",7,"0101000020E6100000FD29FAE8F9E151C04F988B53086930C0","{""1"":{},""2"":{},""4"":{},""8"":{}}","2025-06-25 02:24:29.328+00","2025-06-25 02:24:29.328+00","2025-06-25 02:24:29.328+00"
160,"868018070237402",68,"2025-06-25 02:25:03+00","-16.4102916","-71.5308750",0,0,0,0,"2354.7","213.1",21,0,"0.7",7,"0101000020E6100000E5D022DBF9E151C0D2D2CBDE086930C0","{""1"":{},""2"":{},""4"":{},""8"":{}}","2025-06-25 02:25:32.823+00","2025-06-25 02:25:32.825+00","2025-06-25 02:25:32.825+00"
161,"868018070237402",68,"2025-06-25 02:26:03+00","-16.4102833","-71.5308983",0,0,0,0,"2354.7","147.7",15,0,"0.8",7,"0101000020E61000002100DD3CFAE151C04F988B53086930C0","{""1"":{},""2"":{},""4"":{},""8"":{}}","2025-06-25 02:26:35.877+00","2025-06-25 02:26:35.877+00","2025-06-25 02:26:35.877+00"
162,"868018070237402",68,"2025-06-25 02:27:03+00","-16.4102850","-71.5308800",0,0,0,0,"2352.6","132.9",18,0,"0.7",7,"0101000020E61000006E861BF0F9E151C0130A1170086930C0","{""1"":{},""2"":{},""4"":{},""8"":{}}","2025-06-25 02:27:39.398+00","2025-06-25 02:27:39.398+00","2025-06-25 02:27:39.398+00"
163,"868018070237402",68,"2025-06-25 02:28:03+00","-16.4102916","-71.5308566",0,0,0,0,"2352.8","50.0",18,0,"0.7",7,"0101000020E610000069F7F58DF9E151C0D2D2CBDE086930C0","{""1"":{},""2"":{},""4"":{},""8"":{}}","2025-06-25 02:28:42.516+00","2025-06-25 02:28:42.516+00","2025-06-25 02:28:42.516+00"
164,"868018070237402",68,"2025-06-25 02:29:03+00","-16.4102766","-71.5308716",0,0,0,0,"2353.1","37.1",21,0,"0.8",7,"0101000020E61000000318E0CCF9E151C0675023E3076930C0","{""1"":{},""2"":{},""4"":{},""8"":{}}","2025-06-25 02:29:46.04+00","2025-06-25 02:29:46.04+00","2025-06-25 02:29:46.04+00"
165,"868018070237402",68,"2025-06-25 02:30:03+00","-16.4102833","-71.5308916",0,0,0,0,"2352.4","178.5",20,0,"0.6",7,"0101000020E610000027EEC220FAE151C04F988B53086930C0","{""1"":{},""2"":{},""4"":{},""8"":{}}","2025-06-25 02:30:49.075+00","2025-06-25 02:30:49.075+00","2025-06-25 02:30:49.075+00"
166,"868018070237402",68,"2025-06-25 02:31:03+00","-16.4102650","-71.5309216",0,0,0,0,"2349.7","163.7",20,0,"0.6",7,"0101000020E61000005C2F979EFAE151C085B18520076930C0","{""1"":{},""2"":{},""4"":{},""8"":{}}","2025-06-25 02:31:52.62+00","2025-06-25 02:31:52.62+00","2025-06-25 02:31:52.62+00"
167,"868018070237402",68,"2025-06-25 02:32:03+00","-16.4102650","-71.5309183",0,0,0,0,"2346.1","178.9",21,0,"0.6",7,"0101000020E610000044D6BF90FAE151C085B18520076930C0","{""1"":{},""2"":{},""4"":{},""8"":{}}","2025-06-25 02:33:48.219+00","2025-06-25 02:33:48.22+00","2025-06-25 02:33:48.22+00"
168,"868018070237402",68,"2025-06-25 02:33:03+00","-16.4102816","-71.5309166",1,0,0,0,"2348.6","324.0",19,0,"0.7",7,"0101000020E6100000D3799E89FAE151C08B260637086930C0","{""1"":{},""2"":{},""4"":{},""8"":{}}","2025-06-25 02:33:48.25+00","2025-06-25 02:33:48.25+00","2025-06-25 02:33:48.25+00"
169,"868018070237402",68,"2025-06-25 02:32:03+00","-16.4102650","-71.5309183",0,0,0,0,"2346.1","178.9",21,0,"0.6",7,"0101000020E610000044D6BF90FAE151C085B18520076930C0","{""1"":{},""2"":{},""4"":{},""8"":{}}","2025-06-25 02:36:06.777+00","2025-06-25 02:36:06.778+00","2025-06-25 02:36:06.778+00"
170,"868018070237402",68,"2025-06-25 02:33:03+00","-16.4102816","-71.5309166",1,0,0,0,"2348.6","324.0",19,0,"0.7",7,"0101000020E6100000D3799E89FAE151C08B260637086930C0","{""1"":{},""2"":{},""4"":{},""8"":{}}","2025-06-25 02:36:06.808+00","2025-06-25 02:36:06.808+00","2025-06-25 02:36:06.808+00"
171,"868018070237402",68,"2025-06-25 02:34:03+00","-16.4102900","-71.5308916",2,0,0,0,"2354.3","188.7",20,0,"0.7",7,"0101000020E610000027EEC220FAE151C037E0F3C3086930C0","{""1"":{},""2"":{},""4"":{},""8"":{}}","2025-06-25 02:36:06.812+00","2025-06-25 02:36:06.812+00","2025-06-25 02:36:06.812+00"
172,"868018070237402",68,"2025-06-25 02:35:03+00","-16.4102733","-71.5308766",3,0,0,0,"2352.6","358.3",21,0,"0.7",7,"0101000020E61000008CCDD8E1F9E151C008ECC5AB076930C0","{""1"":{},""2"":{},""4"":{},""8"":{}}","2025-06-25 02:36:06.814+00","2025-06-25 02:36:06.815+00","2025-06-25 02:36:06.815+00"
173,"868018070237402",68,"2025-06-25 02:36:03+00","-16.4102766","-71.5309116",4,0,0,0,"2350.4","339.6",19,0,"0.6",7,"0101000020E61000004AC4A574FAE151C0675023E3076930C0","{""1"":{},""2"":{},""4"":{},""8"":{}}","2025-06-25 02:36:06.817+00","2025-06-25 02:36:06.817+00","2025-06-25 02:36:06.817+00"
174,"868018070237402",68,"2025-06-25 02:37:03+00","-16.4102600","-71.5308983",0,0,0,0,"2348.2","172.1",18,0,"0.6",7,"0101000020E61000002100DD3CFAE151C062DBA2CC066930C0","{""1"":{},""2"":{},""4"":{},""8"":{}}","2025-06-25 02:37:11.738+00","2025-06-25 02:37:11.738+00","2025-06-25 02:37:11.738+00"
175,"868018070237402",68,"2025-06-25 02:38:03+00","-16.4102733","-71.5308750",0,0,0,0,"2346.6","247.2",18,0,"0.7",7,"0101000020E6100000E5D022DBF9E151C008ECC5AB076930C0","{""1"":{},""2"":{},""4"":{},""8"":{}}","2025-06-25 02:38:14.922+00","2025-06-25 02:38:14.923+00","2025-06-25 02:38:14.923+00"
176,"868018070237402",68,"2025-06-25 02:39:03+00","-16.4102966","-71.5309066",0,0,0,0,"2343.3","204.5",19,0,"0.7",7,"0101000020E6100000C10EAD5FFAE151C0F5A8AE32096930C0","{""1"":{},""2"":{},""4"":{},""8"":{}}","2025-06-25 02:39:18.456+00","2025-06-25 02:39:18.456+00","2025-06-25 02:39:18.456+00"
177,"868018070237402",68,"2025-06-25 02:40:03+00","-16.4102800","-71.5308933",0,0,0,0,"2345.8","21.9",21,0,"0.6",7,"0101000020E6100000984AE427FAE151C0F0332E1C086930C0","{""1"":{},""2"":{},""4"":{},""8"":{}}","2025-06-25 02:40:21.619+00","2025-06-25 02:40:21.619+00","2025-06-25 02:40:21.619+00"
178,"868018070237402",68,"2025-06-25 02:41:03+00","-16.4102650","-71.5308900",0,0,0,0,"2345.8","312.5",19,0,"0.7",7,"0101000020E610000080F10C1AFAE151C085B18520076930C0","{""1"":{},""2"":{},""4"":{},""8"":{}}","2025-06-25 02:41:25.062+00","2025-06-25 02:41:25.062+00","2025-06-25 02:41:25.062+00"
179,"868018070237402",68,"2025-06-25 02:42:03+00","-16.4102583","-71.5309200",0,0,0,0,"2341.9","31.2",19,0,"0.7",7,"0101000020E6100000B532E197FAE151C09D691DB0066930C0","{""1"":{},""2"":{},""4"":{},""8"":{}}","2025-06-25 02:42:28.181+00","2025-06-25 02:42:28.181+00","2025-06-25 02:42:28.181+00"
180,"868018070237402",68,"2025-06-25 02:43:03+00","-16.4102866","-71.5309300",0,0,0,0,"2344.0","243.1",11,2,"1.1",7,"0101000020E6100000C79DD2C1FAE151C0AEFCE88A086930C0","{""1"":{},""2"":{},""4"":{},""8"":{}}","2025-06-25 02:43:31.663+00","2025-06-25 02:43:31.663+00","2025-06-25 02:43:31.663+00"
181,"868018070237402",68,"2025-06-25 02:44:03+00","-16.4102616","-71.5309450",0,0,0,0,"2364.0","274.8",8,3,"1.1",7,"0101000020E610000062BEBC00FBE151C0FCCD7AE7066930C0","{""1"":{},""2"":{},""4"":{},""8"":{}}","2025-06-25 02:44:34.822+00","2025-06-25 02:44:34.822+00","2025-06-25 02:44:34.822+00"
182,"868018070237402",68,"2025-06-25 02:45:03+00","-16.4102916","-71.5309216",0,0,0,0,"2351.8","91.6",18,0,"0.7",7,"0101000020E61000005C2F979EFAE151C0D2D2CBDE086930C0","{""1"":{},""2"":{},""4"":{},""8"":{}}","2025-06-25 02:45:38.279+00","2025-06-25 02:45:38.279+00","2025-06-25 02:45:38.279+00"
183,"868018070237402",68,"2025-06-25 02:46:03+00","-16.4102766","-71.5309466",0,0,0,0,"2345.2","356.4",13,1,"1.0",7,"0101000020E610000008BB7207FBE151C0675023E3076930C0","{""1"":{},""2"":{},""4"":{},""8"":{}}","2025-06-25 02:46:41.382+00","2025-06-25 02:46:41.382+00","2025-06-25 02:46:41.382+00"
184,"868018070237402",68,"2025-06-25 02:46:33+00","-16.4103216","-71.5310133",1,0,0,0,"2335.9","185.0",8,5,"1.4",9,"0101000020E61000006D4F351FFCE151C0A7D71CD60A6930C0","{""1"":{},""2"":{},""4"":{},""8"":{}}","2025-06-25 02:46:41.411+00","2025-06-25 02:46:41.411+00","2025-06-25 02:46:41.411+00"
185,"868018070237402",68,"2025-06-25 02:47:04+00","-16.4102500","-71.5308516",0,0,0,0,"2341.4","104.7",9,5,"1.0",9,"0101000020E6100000E041FD78F9E151C01B2FDD24066930C0","{""1"":{},""2"":{},""4"":{},""8"":{}}","2025-06-25 02:47:44.918+00","2025-06-25 02:47:44.918+00","2025-06-25 02:47:44.918+00"
186,"868018070237402",68,"2025-06-25 02:48:04+00","-16.4102733","-71.5309466",0,0,0,0,"2346.1","57.8",14,0,"0.9",7,"0101000020E610000008BB7207FBE151C008ECC5AB076930C0","{""1"":{},""2"":{},""4"":{},""8"":{}}","2025-06-25 02:48:48.027+00","2025-06-25 02:48:48.028+00","2025-06-25 02:48:48.028+00"
187,"868018070237402",68,"2025-06-25 02:49:04+00","-16.4102933","-71.5309566",0,0,0,0,"2332.2","259.4",12,0,"1.0",7,"0101000020E61000001A266431FBE151C0964451FB086930C0","{""1"":{},""2"":{},""4"":{},""8"":{}}","2025-06-25 02:49:51.549+00","2025-06-25 02:49:51.55+00","2025-06-25 02:49:51.55+00"
188,"868018070237402",68,"2025-06-25 02:50:04+00","-16.4103016","-71.5308950",0,0,0,0,"2352.0","351.6",12,1,"0.8",7,"0101000020E610000009A7052FFAE151C0197F9186096930C0","{""1"":{},""2"":{},""4"":{},""8"":{}}","2025-06-25 02:50:54.688+00","2025-06-25 02:50:54.688+00","2025-06-25 02:50:54.688+00"
189,"868018070237402",68,"2025-06-25 02:51:04+00","-16.4102133","-71.5309466",0,0,0,0,"2359.4","231.5",13,0,"0.8",7,"0101000020E610000008BB7207FBE151C05DE223BD036930C0","{""1"":{},""2"":{},""4"":{},""8"":{}}","2025-06-25 02:51:58.199+00","2025-06-25 02:51:58.2+00","2025-06-25 02:51:58.2+00"
190,"868018070237402",68,"2025-06-25 02:52:04+00","-16.4102250","-71.5309483",0,0,0,0,"2361.3","28.1",10,0,"0.9",7,"0101000020E61000007A17940EFBE151C069006F81046930C0","{""1"":{},""2"":{},""4"":{},""8"":{}}","2025-06-25 02:52:04.938+00","2025-06-25 02:52:04.938+00","2025-06-25 02:52:04.938+00"
191,"868018070237402",68,"2025-06-25 02:53:04+00","-16.4102583","-71.5309533",0,0,0,0,"2350.0","209.4",12,0,"0.8",7,"0101000020E610000002CD8C23FBE151C09D691DB0066930C0","{""1"":{},""2"":{},""4"":{},""8"":{}}","2025-06-25 02:54:04.199+00","2025-06-25 02:54:04.199+00","2025-06-25 02:54:04.199+00"
192,"868018070237402",68,"2025-06-25 02:54:04+00","-16.4102533","-71.5309333",0,0,0,0,"2350.6","303.0",11,2,"1.0",7,"0101000020E6100000DFF6A9CFFAE151C07A933A5C066930C0","{""1"":{},""2"":{},""4"":{},""8"":{}}","2025-06-25 02:54:05.389+00","2025-06-25 02:54:05.39+00","2025-06-25 02:54:05.39+00"
193,"868018070237402",68,"2025-06-25 02:55:04+00","-16.4102333","-71.5310316",0,0,0,0,"2353.6","205.8",11,0,"0.9",7,"0101000020E610000020C9F66BFCE151C0EC3AAF0C056930C0","{""1"":{},""2"":{},""4"":{},""8"":{}}","2025-06-25 02:55:10.658+00","2025-06-25 02:55:10.658+00","2025-06-25 02:55:10.658+00"
194,"868018070237402",68,"2025-06-25 02:56:04+00","-16.4102416","-71.5309700",0,0,0,0,"2346.6","98.1",13,0,"1.0",7,"0101000020E61000000E4A9869FBE151C06E75EF97056930C0","{""1"":{},""2"":{},""4"":{},""8"":{}}","2025-06-25 02:56:13.727+00","2025-06-25 02:56:13.727+00","2025-06-25 02:56:13.727+00"
195,"868018070237402",68,"2025-06-25 02:59:17+00","-16.4102833","-71.5308250",0,0,0,0,"2344.2","111.6",7,1,"1.2",7,"0101000020E61000008CB96B09F9E151C04F988B53086930C0","{""1"":{},""2"":{},""4"":{},""8"":{}}","2025-06-25 02:59:26.097+00","2025-06-25 02:59:26.097+00","2025-06-25 02:59:26.097+00"
196,"868018070237402",68,"2025-06-25 03:00:17+00","-16.4102116","-71.5309133",0,0,0,0,"2369.4","328.5",11,0,"0.9",7,"0101000020E6100000BB20C77BFAE151C099709EA0036930C0","{""1"":{},""2"":{},""4"":{},""8"":{}}","2025-06-25 03:00:28.836+00","2025-06-25 03:00:28.836+00","2025-06-25 03:00:28.836+00"
197,"868018070237402",68,"2025-06-25 03:01:17+00","-16.4102066","-71.5309816",0,0,0,0,"2369.7","113.3",10,6,"0.9",7,"0101000020E6100000C7B13F9AFBE151C0759ABB4C036930C0","{""1"":{},""2"":{},""4"":{},""8"":{}}","2025-06-25 03:01:32.021+00","2025-06-25 03:01:32.021+00","2025-06-25 03:01:32.021+00"
198,"868018070237402",68,"2025-06-25 03:02:17+00","-16.4102216","-71.5309200",0,0,0,0,"2363.8","217.2",10,0,"0.9",7,"0101000020E6100000B532E197FAE151C0E01C6448046930C0","{""1"":{},""2"":{},""4"":{},""8"":{}}","2025-06-25 03:02:35.464+00","2025-06-25 03:02:35.464+00","2025-06-25 03:02:35.464+00"
199,"868018070237402",68,"2025-06-25 03:03:17+00","-16.4102533","-71.5309100",0,0,0,0,"2371.2","200.4",11,0,"0.9",7,"0101000020E6100000A4C7EF6DFAE151C07A933A5C066930C0","{""1"":{},""2"":{},""4"":{},""8"":{}}","2025-06-25 03:03:38.598+00","2025-06-25 03:03:38.598+00","2025-06-25 03:03:38.598+00"
200,"868018070237402",68,"2025-06-25 03:04:17+00","-16.4101916","-71.5309550",0,0,0,0,"2377.3","357.9",10,2,"1.0",7,"0101000020E61000007429AE2AFBE151C00B181351026930C0","{""1"":{},""2"":{},""4"":{},""8"":{}}","2025-06-25 03:04:42.126+00","2025-06-25 03:04:42.126+00","2025-06-25 03:04:42.126+00"
201,"868018070237402",68,"2025-06-25 03:05:17+00","-16.4102250","-71.5309416",0,0,0,0,"2353.2","46.8",11,0,"1.0",7,"0101000020E610000080057AF2FAE151C069006F81046930C0","{""1"":{},""2"":{},""4"":{},""8"":{}}","2025-06-25 03:05:45.238+00","2025-06-25 03:05:45.238+00","2025-06-25 03:05:45.238+00"
202,"868018070237402",68,"2025-06-25 03:06:17+00","-16.4102300","-71.5309483",0,0,0,0,"2359.6","55.9",11,0,"0.8",7,"0101000020E61000007A17940EFBE151C08CD651D5046930C0","{""1"":{},""2"":{},""4"":{},""8"":{}}","2025-06-25 03:06:48.787+00","2025-06-25 03:06:48.787+00","2025-06-25 03:06:48.787+00"
203,"868018070237402",68,"2025-06-25 03:07:17+00","-16.4102166","-71.5310250",0,0,0,0,"2367.1","0.8",12,0,"0.8",7,"0101000020E6100000F0164850FCE151C0BC4681F4036930C0","{""1"":{},""2"":{},""4"":{},""8"":{}}","2025-06-25 03:07:51.897+00","2025-06-25 03:07:51.897+00","2025-06-25 03:07:51.897+00"
204,"868018070237402",68,"2025-06-25 03:08:17+00","-16.4102316","-71.5309650",0,0,0,0,"2356.0","312.4",12,0,"0.9",7,"0101000020E610000085949F54FBE151C027C929F0046930C0","{""1"":{},""2"":{},""4"":{},""8"":{}}","2025-06-25 03:08:55.572+00","2025-06-25 03:08:55.572+00","2025-06-25 03:08:55.572+00"
205,"868018070237402",68,"2025-06-25 03:09:17+00","-16.4102650","-71.5309400",0,0,0,0,"2354.6","142.9",12,0,"1.0",7,"0101000020E6100000D908C4EBFAE151C085B18520076930C0","{""1"":{},""2"":{},""4"":{},""8"":{}}","2025-06-25 03:09:58.676+00","2025-06-25 03:09:58.676+00","2025-06-25 03:09:58.676+00"
206,"868018070237402",68,"2025-06-25 03:10:17+00","-16.4102466","-71.5309250",0,0,0,0,"2351.9","281.3",15,0,"0.8",7,"0101000020E61000003EE8D9ACFAE151C0924BD2EB056930C0","{""1"":{},""2"":{},""4"":{},""8"":{}}","2025-06-25 03:11:02.209+00","2025-06-25 03:11:02.209+00","2025-06-25 03:11:02.209+00"
207,"868018070237402",68,"2025-06-25 03:11:17+00","-16.4102683","-71.5309283",0,0,0,0,"2348.4","41.3",16,0,"0.7",7,"0101000020E61000005641B1BAFAE151C0E415E357076930C0","{""1"":{},""2"":{},""4"":{},""8"":{}}","2025-06-25 03:12:05.259+00","2025-06-25 03:12:05.259+00","2025-06-25 03:12:05.259+00"
208,"868018070237402",68,"2025-06-25 03:12:17+00","-16.4102550","-71.5308933",0,0,0,0,"2341.5","224.3",13,0,"0.8",7,"0101000020E6100000984AE427FAE151C03E05C078066930C0","{""1"":{},""2"":{},""4"":{},""8"":{}}","2025-06-25 03:13:08.784+00","2025-06-25 03:13:08.784+00","2025-06-25 03:13:08.784+00"
209,"868018070237402",68,"2025-06-25 03:13:17+00","-16.4102716","-71.5308583",0,0,0,0,"2351.7","342.8",13,0,"0.8",7,"0101000020E6100000DA531795F9E151C0447A408F076930C0","{""1"":{},""2"":{},""4"":{},""8"":{}}","2025-06-25 03:14:11.949+00","2025-06-25 03:14:11.949+00","2025-06-25 03:14:11.949+00"
210,"868018070237402",68,"2025-06-25 03:14:17+00","-16.4102733","-71.5309116",0,0,0,0,"2347.2","166.6",12,0,"0.9",7,"0101000020E61000004AC4A574FAE151C008ECC5AB076930C0","{""1"":{},""2"":{},""4"":{},""8"":{}}","2025-06-25 03:14:18.168+00","2025-06-25 03:14:18.168+00","2025-06-25 03:14:18.168+00"
211,"868018070237402",68,"2025-06-25 03:15:17+00","-16.4102583","-71.5308983",0,0,0,0,"2356.3","129.0",12,1,"0.9",7,"0101000020E61000002100DD3CFAE151C09D691DB0066930C0","{""1"":{},""2"":{},""4"":{},""8"":{}}","2025-06-25 03:16:27.328+00","2025-06-25 03:16:27.328+00","2025-06-25 03:16:27.328+00"
212,"868018070237402",68,"2025-06-25 03:16:17+00","-16.4102716","-71.5309366",1,0,0,0,"2360.3","135.0",11,0,"0.9",7,"0101000020E6100000F74F81DDFAE151C0447A408F076930C0","{""1"":{},""2"":{},""4"":{},""8"":{}}","2025-06-25 03:16:27.356+00","2025-06-25 03:16:27.356+00","2025-06-25 03:16:27.356+00"
213,"868018070237402",68,"2025-06-25 03:17:13+00","-16.4102366","-71.5309000",0,0,0,0,"2354.6","69.5",7,5,"1.9",9,"0101000020E6100000925CFE43FAE151C04B9F0C44056930C0","{""1"":{},""2"":{},""4"":{},""8"":{}}","2025-06-25 03:17:30.868+00","2025-06-25 03:17:30.868+00","2025-06-25 03:17:30.868+00"
214,"868018070237402",68,"2025-06-25 03:17:49+00","-16.4102333","-71.5309166",0,0,0,0,"2346.9","308.7",11,5,"0.9",9,"0101000020E6100000D3799E89FAE151C0EC3AAF0C056930C0","{""1"":{},""2"":{},""4"":{},""8"":{}}","2025-06-25 03:18:34.137+00","2025-06-25 03:18:34.137+00","2025-06-25 03:18:34.137+00"
215,"868018070237402",68,"2025-06-25 03:18:49+00","-16.4102750","-71.5308983",0,0,0,0,"2353.2","256.0",17,0,"0.8",7,"0101000020E61000002100DD3CFAE151C0CC5D4BC8076930C0","{""1"":{},""2"":{},""4"":{},""8"":{}}","2025-06-25 03:19:37.621+00","2025-06-25 03:19:37.621+00","2025-06-25 03:19:37.621+00"
216,"868018070237402",68,"2025-06-25 03:19:49+00","-16.4102416","-71.5309283",0,0,0,0,"2347.7","10.8",17,0,"0.7",7,"0101000020E61000005641B1BAFAE151C06E75EF97056930C0","{""1"":{},""2"":{},""4"":{},""8"":{}}","2025-06-25 03:20:40.753+00","2025-06-25 03:20:40.753+00","2025-06-25 03:20:40.753+00"
217,"868018070237402",68,"2025-06-25 03:20:49+00","-16.4102833","-71.5308933",0,0,0,0,"2347.4","215.5",20,0,"0.9",7,"0101000020E6100000984AE427FAE151C04F988B53086930C0","{""1"":{},""2"":{},""4"":{},""8"":{}}","2025-06-25 03:21:44.293+00","2025-06-25 03:21:44.293+00","2025-06-25 03:21:44.293+00"
218,"868018070237402",68,"2025-06-25 03:21:49+00","-16.4102983","-71.5308833",0,0,0,0,"2349.2","332.9",19,0,"0.6",7,"0101000020E610000086DFF2FDF9E151C0BA1A344F096930C0","{""1"":{},""2"":{},""4"":{},""8"":{}}","2025-06-25 03:21:50.494+00","2025-06-25 03:21:50.494+00","2025-06-25 03:21:50.494+00"
219,"868018070237402",68,"2025-06-25 03:22:49+00","-16.4102916","-71.5308950",0,0,0,0,"2351.0","40.8",19,0,"0.9",7,"0101000020E610000009A7052FFAE151C0D2D2CBDE086930C0","{""1"":{},""2"":{},""4"":{},""8"":{}}","2025-06-25 03:23:50.377+00","2025-06-25 03:23:50.377+00","2025-06-25 03:23:50.377+00"
220,"868018070237402",68,"2025-06-25 03:23:49+00","-16.4103116","-71.5309300",1,0,0,0,"2343.5","343.0",18,0,"1.1",7,"0101000020E6100000C79DD2C1FAE151C0602B572E0A6930C0","{""1"":{},""2"":{},""4"":{},""8"":{}}","2025-06-25 03:23:50.406+00","2025-06-25 03:23:50.406+00","2025-06-25 03:23:50.406+00"
221,"868018070237402",68,"2025-06-25 03:24:49+00","-16.4103200","-71.5308900",0,0,0,0,"2338.1","128.0",20,0,"0.7",7,"0101000020E610000080F10C1AFAE151C00CE544BB0A6930C0","{""1"":{},""2"":{},""4"":{},""8"":{}}","2025-06-25 03:24:53.974+00","2025-06-25 03:24:53.974+00","2025-06-25 03:24:53.974+00"
222,"868018070237402",68,"2025-06-25 03:25:49+00","-16.4102316","-71.5308966",0,0,0,0,"2339.3","311.0",21,0,"0.6",7,"0101000020E6100000B0A3BB35FAE151C027C929F0046930C0","{""1"":{},""2"":{},""4"":{},""8"":{}}","2025-06-25 03:25:57.091+00","2025-06-25 03:25:57.091+00","2025-06-25 03:25:57.091+00"
223,"868018070237402",68,"2025-06-25 03:26:49+00","-16.4102733","-71.5309233",0,0,0,0,"2336.5","103.9",17,0,"1.0",7,"0101000020E6100000CD8BB8A5FAE151C008ECC5AB076930C0","{""1"":{},""2"":{},""4"":{},""8"":{}}","2025-06-25 03:27:00.598+00","2025-06-25 03:27:00.599+00","2025-06-25 03:27:00.599+00"
224,"868018070237402",68,"2025-06-25 03:27:49+00","-16.4103183","-71.5309283",0,0,0,0,"2332.7","245.4",19,0,"0.8",7,"0101000020E61000005641B1BAFAE151C04873BF9E0A6930C0","{""1"":{},""2"":{},""4"":{},""8"":{}}","2025-06-25 03:28:03.725+00","2025-06-25 03:28:03.727+00","2025-06-25 03:28:03.727+00"
225,"868018070237402",68,"2025-06-25 03:28:49+00","-16.4103033","-71.5309333",0,0,0,0,"2331.1","223.1",19,0,"0.9",7,"0101000020E6100000DFF6A9CFFAE151C0DDF016A3096930C0","{""1"":{},""2"":{},""4"":{},""8"":{}}","2025-06-25 03:29:07.32+00","2025-06-25 03:29:07.32+00","2025-06-25 03:29:07.32+00"
226,"868018070237402",68,"2025-06-25 03:29:49+00","-16.4102466","-71.5309250",0,0,0,0,"2333.6","39.2",14,0,"0.8",7,"0101000020E61000003EE8D9ACFAE151C0924BD2EB056930C0","{""1"":{},""2"":{},""4"":{},""8"":{}}","2025-06-25 03:30:10.416+00","2025-06-25 03:30:10.417+00","2025-06-25 03:30:10.417+00"
227,"868018070237402",68,"2025-06-25 03:30:50+00","-16.4102716","-71.5309033",0,0,0,0,"2350.4","264.5",12,0,"0.8",7,"0101000020E6100000AAB5D551FAE151C0447A408F076930C0","{""1"":{},""2"":{},""4"":{},""8"":{}}","2025-06-25 03:31:14.05+00","2025-06-25 03:31:14.051+00","2025-06-25 03:31:14.051+00"
228,"868018070237402",68,"2025-06-25 03:30:53+00","-16.4102650","-71.5308900",1,0,0,0,"2351.9","13.6",13,5,"0.8",9,"0101000020E610000080F10C1AFAE151C085B18520076930C0","{""1"":{},""2"":{},""4"":{},""8"":{}}","2025-06-25 03:31:14.08+00","2025-06-25 03:31:14.08+00","2025-06-25 03:31:14.08+00"
229,"868018070237402",68,"2025-06-25 03:31:53+00","-16.4102700","-71.5308983",0,0,0,0,"2351.0","147.3",19,0,"0.7",7,"0101000020E61000002100DD3CFAE151C0A9876874076930C0","{""1"":{},""2"":{},""4"":{},""8"":{}}","2025-06-25 03:32:18.656+00","2025-06-25 03:32:18.657+00","2025-06-25 03:32:18.657+00"
230,"868018070237402",68,"2025-06-25 03:32:53+00","-16.4102900","-71.5309433",0,0,0,0,"2358.3","45.3",21,0,"0.8",7,"0101000020E6100000F1619BF9FAE151C037E0F3C3086930C0","{""1"":{},""2"":{},""4"":{},""8"":{}}","2025-06-25 03:33:21.588+00","2025-06-25 03:33:21.588+00","2025-06-25 03:33:21.588+00"
231,"868018070237402",68,"2025-06-25 03:33:53+00","-16.4102883","-71.5309066",0,0,0,0,"2354.2","268.5",18,0,"0.8",7,"0101000020E6100000C10EAD5FFAE151C0736E6EA7086930C0","{""1"":{},""2"":{},""4"":{},""8"":{}}","2025-06-25 03:34:24.668+00","2025-06-25 03:34:24.668+00","2025-06-25 03:34:24.668+00"
232,"868018070237402",68,"2025-06-25 03:34:53+00","-16.4103066","-71.5309300",0,0,0,0,"2347.8","187.3",17,0,"0.7",7,"0101000020E6100000C79DD2C1FAE151C03C5574DA096930C0","{""1"":{},""2"":{},""4"":{},""8"":{}}","2025-06-25 03:35:28.192+00","2025-06-25 03:35:28.192+00","2025-06-25 03:35:28.192+00"
233,"868018070237402",68,"2025-06-25 03:35:53+00","-16.4102750","-71.5308600",0,0,0,0,"2351.1","79.7",19,0,"0.7",7,"0101000020E61000004BB0389CF9E151C0CC5D4BC8076930C0","{""1"":{},""2"":{},""4"":{},""8"":{}}","2025-06-25 03:36:31.308+00","2025-06-25 03:36:31.308+00","2025-06-25 03:36:31.308+00"
234,"868018070237402",68,"2025-06-25 03:36:53+00","-16.4102750","-71.5308616",0,0,0,0,"2355.2","11.9",19,0,"0.6",7,"0101000020E6100000F1ACEEA2F9E151C0CC5D4BC8076930C0","{""1"":{},""2"":{},""4"":{},""8"":{}}","2025-06-25 03:37:34.916+00","2025-06-25 03:37:34.917+00","2025-06-25 03:37:34.917+00"
235,"868018070237402",68,"2025-06-25 03:37:53+00","-16.4102650","-71.5308833",0,0,0,0,"2351.6","286.1",21,0,"0.5",7,"0101000020E610000086DFF2FDF9E151C085B18520076930C0","{""1"":{},""2"":{},""4"":{},""8"":{}}","2025-06-25 03:38:38.056+00","2025-06-25 03:38:38.056+00","2025-06-25 03:38:38.056+00"
236,"868018070237402",68,"2025-06-25 03:38:53+00","-16.4102583","-71.5308650",0,0,0,0,"2348.6","112.0",22,0,"0.6",7,"0101000020E6100000D46531B1F9E151C09D691DB0066930C0","{""1"":{},""2"":{},""4"":{},""8"":{}}","2025-06-25 03:39:41.567+00","2025-06-25 03:39:41.567+00","2025-06-25 03:39:41.567+00"
237,"868018070237402",68,"2025-06-25 03:39:53+00","-16.4102850","-71.5308833",0,0,0,0,"2347.5","298.9",23,0,"0.5",7,"0101000020E610000086DFF2FDF9E151C0130A1170086930C0","{""1"":{},""2"":{},""4"":{},""8"":{}}","2025-06-25 03:40:44.746+00","2025-06-25 03:40:44.746+00","2025-06-25 03:40:44.746+00"
238,"868018070237402",68,"2025-06-25 03:40:53+00","-16.4102466","-71.5308650",0,0,0,0,"2347.5","144.5",25,0,"0.5",7,"0101000020E6100000D46531B1F9E151C0924BD2EB056930C0","{""1"":{},""2"":{},""4"":{},""8"":{}}","2025-06-25 03:41:48.216+00","2025-06-25 03:41:48.216+00","2025-06-25 03:41:48.216+00"
239,"868018070237402",68,"2025-06-25 03:41:53+00","-16.4102333","-71.5309000",0,0,0,0,"2345.6","225.4",25,0,"0.5",7,"0101000020E6100000925CFE43FAE151C0EC3AAF0C056930C0","{""1"":{},""2"":{},""4"":{},""8"":{}}","2025-06-25 03:41:54.336+00","2025-06-25 03:41:54.336+00","2025-06-25 03:41:54.336+00"
240,"868018070237402",68,"2025-06-25 03:42:53+00","-16.4102450","-71.5308866",0,0,0,0,"2346.2","285.9",23,0,"0.5",7,"0101000020E61000009E38CA0BFAE151C0F758FAD0056930C0","{""1"":{},""2"":{},""4"":{},""8"":{}}","2025-06-25 03:43:54.289+00","2025-06-25 03:43:54.289+00","2025-06-25 03:43:54.289+00"
241,"868018070237402",68,"2025-06-25 03:43:53+00","-16.4102583","-71.5309083",1,0,0,0,"2344.0","340.9",22,0,"0.6",7,"0101000020E6100000326BCE66FAE151C09D691DB0066930C0","{""1"":{},""2"":{},""4"":{},""8"":{}}","2025-06-25 03:43:54.319+00","2025-06-25 03:43:54.319+00","2025-06-25 03:43:54.319+00"
242,"868018070237402",68,"2025-06-25 03:44:53+00","-16.4102533","-71.5308933",0,0,0,0,"2343.3","154.5",24,0,"0.6",7,"0101000020E6100000984AE427FAE151C07A933A5C066930C0","{""1"":{},""2"":{},""4"":{},""8"":{}}","2025-06-25 03:44:57.802+00","2025-06-25 03:44:57.802+00","2025-06-25 03:44:57.802+00"
243,"868018070237402",68,"2025-06-25 03:45:53+00","-16.4102350","-71.5309016",0,0,0,0,"2343.2","243.6",27,0,"0.4",7,"0101000020E61000003959B44AFAE151C0B0AC3429056930C0","{""1"":{},""2"":{},""4"":{},""8"":{}}","2025-06-25 03:46:01.067+00","2025-06-25 03:46:01.067+00","2025-06-25 03:46:01.067+00"
244,"868018070237402",68,"2025-06-25 03:46:53+00","-16.4102400","-71.5309000",0,0,0,0,"2344.8","166.2",27,0,"0.5",7,"0101000020E6100000925CFE43FAE151C0D482177D056930C0","{""1"":{},""2"":{},""4"":{},""8"":{}}","2025-06-25 03:47:04.583+00","2025-06-25 03:47:04.583+00","2025-06-25 03:47:04.583+00"
245,"868018070237402",68,"2025-06-25 03:47:53+00","-16.4102466","-71.5308933",0,0,0,0,"2346.6","254.8",27,0,"0.5",7,"0101000020E6100000984AE427FAE151C0924BD2EB056930C0","{""1"":{},""2"":{},""4"":{},""8"":{}}","2025-06-25 03:48:07.711+00","2025-06-25 03:48:07.711+00","2025-06-25 03:48:07.711+00"
246,"868018070237402",68,"2025-06-25 03:48:53+00","-16.4102450","-71.5308950",0,0,0,0,"2346.2","288.7",24,0,"0.6",7,"0101000020E610000009A7052FFAE151C0F758FAD0056930C0","{""1"":{},""2"":{},""4"":{},""8"":{}}","2025-06-25 03:49:11.226+00","2025-06-25 03:49:11.226+00","2025-06-25 03:49:11.226+00"
247,"868018070237402",68,"2025-06-25 03:49:53+00","-16.4102733","-71.5308766",0,0,0,0,"2347.3","268.6",28,0,"0.5",7,"0101000020E61000008CCDD8E1F9E151C008ECC5AB076930C0","{""1"":{},""2"":{},""4"":{},""8"":{}}","2025-06-25 03:50:14.367+00","2025-06-25 03:50:14.367+00","2025-06-25 03:50:14.367+00"
248,"868018070237402",68,"2025-06-25 03:50:53+00","-16.4102750","-71.5309050",0,0,0,0,"2349.7","246.1",26,0,"0.5",7,"0101000020E61000001B12F758FAE151C0CC5D4BC8076930C0","{""1"":{},""2"":{},""4"":{},""8"":{}}","2025-06-25 03:51:19.633+00","2025-06-25 03:51:19.633+00","2025-06-25 03:51:19.633+00"
249,"868018070237402",68,"2025-06-25 03:51:53+00","-16.4102600","-71.5309233",0,0,0,0,"2347.3","158.6",25,0,"0.5",7,"0101000020E6100000CD8BB8A5FAE151C062DBA2CC066930C0","{""1"":{},""2"":{},""4"":{},""8"":{}}","2025-06-25 03:52:22.766+00","2025-06-25 03:52:22.766+00","2025-06-25 03:52:22.766+00"
250,"868018070237402",68,"2025-06-25 03:52:53+00","-16.4102566","-71.5309166",0,0,0,0,"2347.3","180.5",26,0,"0.6",7,"0101000020E6100000D3799E89FAE151C0D9F79793066930C0","{""1"":{},""2"":{},""4"":{},""8"":{}}","2025-06-25 03:53:26.306+00","2025-06-25 03:53:26.306+00","2025-06-25 03:53:26.306+00"
251,"868018070237402",68,"2025-06-25 03:53:53+00","-16.4102533","-71.5309133",0,0,0,0,"2350.3","267.0",25,0,"0.5",7,"0101000020E6100000BB20C77BFAE151C07A933A5C066930C0","{""1"":{},""2"":{},""4"":{},""8"":{}}","2025-06-25 03:54:29.431+00","2025-06-25 03:54:29.431+00","2025-06-25 03:54:29.431+00"
252,"868018070237402",68,"2025-06-25 03:54:53+00","-16.4102250","-71.5309083",0,0,0,0,"2349.3","1.2",27,0,"0.4",7,"0101000020E6100000326BCE66FAE151C069006F81046930C0","{""1"":{},""2"":{},""4"":{},""8"":{}}","2025-06-25 03:55:33.003+00","2025-06-25 03:55:33.003+00","2025-06-25 03:55:33.003+00"
253,"868018070237402",68,"2025-06-25 03:55:53+00","-16.4102416","-71.5309283",0,0,0,0,"2348.5","318.5",27,0,"0.5",7,"0101000020E61000005641B1BAFAE151C06E75EF97056930C0","{""1"":{},""2"":{},""4"":{},""8"":{}}","2025-06-25 03:56:36.145+00","2025-06-25 03:56:36.145+00","2025-06-25 03:56:36.145+00"
254,"868018070237402",68,"2025-06-25 03:56:53+00","-16.4102483","-71.5308966",0,0,0,0,"2349.8","326.7",26,0,"0.5",7,"0101000020E6100000B0A3BB35FAE151C056BD5708066930C0","{""1"":{},""2"":{},""4"":{},""8"":{}}","2025-06-25 03:57:39.737+00","2025-06-25 03:57:39.737+00","2025-06-25 03:57:39.737+00"
255,"868018070237402",68,"2025-06-25 03:57:53+00","-16.4102450","-71.5309033",0,0,0,0,"2349.9","223.7",25,0,"0.5",7,"0101000020E6100000AAB5D551FAE151C0F758FAD0056930C0","{""1"":{},""2"":{},""4"":{},""8"":{}}","2025-06-25 03:58:42.77+00","2025-06-25 03:58:42.77+00","2025-06-25 03:58:42.77+00"
256,"868018070237402",68,"2025-06-25 03:58:53+00","-16.4102783","-71.5308950",0,0,0,0,"2350.1","239.6",26,0,"0.7",7,"0101000020E610000009A7052FFAE151C02CC2A8FF076930C0","{""1"":{},""2"":{},""4"":{},""8"":{}}","2025-06-25 03:59:46.372+00","2025-06-25 03:59:46.372+00","2025-06-25 03:59:46.372+00"
257,"868018070237402",68,"2025-06-25 03:59:53+00","-16.4102666","-71.5309033",0,0,0,0,"2351.9","354.3",26,0,"0.5",7,"0101000020E6100000AAB5D551FAE151C020A45D3B076930C0","{""1"":{},""2"":{},""4"":{},""8"":{}}","2025-06-25 04:00:49.577+00","2025-06-25 04:00:49.577+00","2025-06-25 04:00:49.577+00"
258,"868018070237402",68,"2025-06-25 04:00:53+00","-16.4102550","-71.5308816",0,0,0,0,"2349.7","208.2",27,0,"0.5",7,"0101000020E61000001583D1F6F9E151C03E05C078066930C0","{""1"":{},""2"":{},""4"":{},""8"":{}}","2025-06-25 04:00:53.886+00","2025-06-25 04:00:53.886+00","2025-06-25 04:00:53.886+00"
259,"868018070237402",68,"2025-06-25 04:01:53+00","-16.4102566","-71.5308833",0,0,0,0,"2351.4","213.1",27,0,"0.5",7,"0101000020E610000086DFF2FDF9E151C0D9F79793066930C0","{""1"":{},""2"":{},""4"":{},""8"":{}}","2025-06-25 04:02:57.299+00","2025-06-25 04:02:57.299+00","2025-06-25 04:02:57.299+00"
260,"868018070237402",68,"2025-06-25 04:02:53+00","-16.4102583","-71.5308866",1,0,0,0,"2350.1","264.1",26,0,"0.6",7,"0101000020E61000009E38CA0BFAE151C09D691DB0066930C0","{""1"":{},""2"":{},""4"":{},""8"":{}}","2025-06-25 04:02:57.328+00","2025-06-25 04:02:57.328+00","2025-06-25 04:02:57.328+00"
261,"868018070237402",68,"2025-06-25 04:03:53+00","-16.4102700","-71.5308683",0,0,0,0,"2349.4","121.7",25,0,"0.7",7,"0101000020E6100000EBBE08BFF9E151C0A9876874076930C0","{""1"":{},""2"":{},""4"":{},""8"":{}}","2025-06-25 04:04:00.922+00","2025-06-25 04:04:00.922+00","2025-06-25 04:04:00.922+00"
262,"868018070237402",68,"2025-06-25 04:04:53+00","-16.4102633","-71.5309016",0,0,0,0,"2349.8","310.2",25,0,"0.6",7,"0101000020E61000003959B44AFAE151C0C13F0004076930C0","{""1"":{},""2"":{},""4"":{},""8"":{}}","2025-06-25 04:05:03.949+00","2025-06-25 04:05:03.949+00","2025-06-25 04:05:03.949+00"
263,"868018070237402",68,"2025-06-25 04:05:53+00","-16.4102633","-71.5308933",0,0,0,0,"2350.9","205.0",24,0,"0.5",7,"0101000020E6100000984AE427FAE151C0C13F0004076930C0","{""1"":{},""2"":{},""4"":{},""8"":{}}","2025-06-25 04:06:07.559+00","2025-06-25 04:06:07.559+00","2025-06-25 04:06:07.559+00"
264,"868018070237402",68,"2025-06-25 04:06:53+00","-16.4102416","-71.5308633",0,0,0,0,"2353.7","233.7",26,0,"0.5",7,"0101000020E6100000620910AAF9E151C06E75EF97056930C0","{""1"":{},""2"":{},""4"":{},""8"":{}}","2025-06-25 04:07:10.681+00","2025-06-25 04:07:10.681+00","2025-06-25 04:07:10.681+00"
265,"868018070237402",68,"2025-06-25 04:07:53+00","-16.4102333","-71.5308550",0,0,0,0,"2355.6","81.8",24,0,"0.6",7,"0101000020E6100000C2FA3F87F9E151C0EC3AAF0C056930C0","{""1"":{},""2"":{},""4"":{},""8"":{}}","2025-06-25 04:08:14.196+00","2025-06-25 04:08:14.196+00","2025-06-25 04:08:14.196+00"
266,"868018070237402",68,"2025-06-25 04:08:53+00","-16.4102483","-71.5308766",0,0,0,0,"2355.7","69.1",25,0,"0.6",7,"0101000020E61000008CCDD8E1F9E151C056BD5708066930C0","{""1"":{},""2"":{},""4"":{},""8"":{}}","2025-06-25 04:09:18.839+00","2025-06-25 04:09:18.839+00","2025-06-25 04:09:18.839+00"
267,"868018070237402",68,"2025-06-25 04:09:53+00","-16.4102350","-71.5308866",0,0,0,0,"2353.4","103.8",26,0,"0.6",7,"0101000020E61000009E38CA0BFAE151C0B0AC3429056930C0","{""1"":{},""2"":{},""4"":{},""8"":{}}","2025-06-25 04:10:21.559+00","2025-06-25 04:10:21.559+00","2025-06-25 04:10:21.559+00"
268,"868018070237402",68,"2025-06-25 04:10:53+00","-16.4102333","-71.5309066",0,0,0,0,"2354.1","112.9",26,0,"0.5",7,"0101000020E6100000C10EAD5FFAE151C0EC3AAF0C056930C0","{""1"":{},""2"":{},""4"":{},""8"":{}}","2025-06-25 04:11:24.759+00","2025-06-25 04:11:24.759+00","2025-06-25 04:11:24.759+00"
269,"868018070237402",68,"2025-06-25 04:11:53+00","-16.4102483","-71.5308966",0,0,0,0,"2352.5","176.5",22,0,"0.6",7,"0101000020E6100000B0A3BB35FAE151C056BD5708066930C0","{""1"":{},""2"":{},""4"":{},""8"":{}}","2025-06-25 04:12:28.27+00","2025-06-25 04:12:28.271+00","2025-06-25 04:12:28.271+00"
270,"868018070237402",68,"2025-06-25 04:12:53+00","-16.4102266","-71.5308783",0,0,0,0,"2355.5","225.3",23,0,"0.5",7,"0101000020E6100000FD29FAE8F9E151C004F3469C046930C0","{""1"":{},""2"":{},""4"":{},""8"":{}}","2025-06-25 04:13:31.431+00","2025-06-25 04:13:31.431+00","2025-06-25 04:13:31.431+00"
271,"868018070237402",68,"2025-06-25 04:13:53+00","-16.4102500","-71.5308700",0,0,0,0,"2351.5","158.1",26,0,"0.5",7,"0101000020E61000005C1B2AC6F9E151C01B2FDD24066930C0","{""1"":{},""2"":{},""4"":{},""8"":{}}","2025-06-25 04:14:34.922+00","2025-06-25 04:14:34.923+00","2025-06-25 04:14:34.923+00"
272,"863192057915457",1,"2025-06-25 17:58:11+00","-16.3323700","-71.5803066",0,0,0,0,"2603.0","0.0",11,0,"0.8",8,"0101000020E6100000CA294BBE23E551C0E92B4833165530C0","{""1"":{},""2"":{},""4"":{},""8"":{}}","2025-06-25 18:00:18.439+00","2025-06-25 18:00:18.44+00","2025-06-25 18:00:18.44+00"
273,"863192057915457",1,"2025-06-25 17:58:11+00","-16.3323700","-71.5803066",0,0,0,0,"2603.0","0.0",11,0,"0.8",8,"0101000020E6100000CA294BBE23E551C0E92B4833165530C0","{""1"":{},""2"":{},""4"":{},""8"":{}}","2025-06-25 18:02:20.254+00","2025-06-25 18:02:20.254+00","2025-06-25 18:02:20.254+00"
274,"863192057915457",1,"2025-06-25 17:58:11+00","-16.3323700","-71.5803066",0,0,0,0,"2603.0","0.0",11,0,"0.8",8,"0101000020E6100000CA294BBE23E551C0E92B4833165530C0","{""1"":{},""2"":{},""4"":{},""8"":{}}","2025-06-25 18:03:18.099+00","2025-06-25 18:03:18.101+00","2025-06-25 18:03:18.101+00"
275,"863192057915457",1,"2025-06-25 18:12:12+00","-16.3323650","-71.5803416",0,0,0,0,"2584.8","358.1",20,1,"0.5",7,"0101000020E61000008820185124E551C0C55565DF155530C0","{""1"":{},""2"":{},""4"":{},""8"":{}}","2025-06-25 18:12:46.281+00","2025-06-25 18:12:46.281+00","2025-06-25 18:12:46.281+00"
276,"863192057915457",1,"2025-06-25 18:12:17+00","-16.3323600","-71.5803366",1,0,0,0,"2583.7","3.4",19,0,"0.6",7,"0101000020E6100000FF6A1F3C24E551C0A27F828B155530C0","{""1"":{},""2"":{},""4"":{},""8"":{}}","2025-06-25 18:12:46.311+00","2025-06-25 18:12:46.311+00","2025-06-25 18:12:46.311+00"
277,"863192057915457",1,"2025-06-25 18:12:28+00","-16.3324150","-71.5804850",2,0,0,0,"2566.4","283.5",9,36,"1.8",7,"0101000020E610000063B48EAA26E551C029B34126195530C0","{""1"":{},""2"":{},""4"":{},""8"":{}}","2025-06-25 18:12:46.316+00","2025-06-25 18:12:46.316+00","2025-06-25 18:12:46.316+00"
278,"863192057915457",1,"2025-06-25 18:12:30+00","-16.3323916","-71.5803533",3,0,0,0,"2589.7","299.9",18,1,"0.6",8,"0101000020E61000000BE82A8224E551C01277AB9D175530C0","{""1"":{},""2"":{},""4"":{},""8"":{}}","2025-06-25 18:12:46.322+00","2025-06-25 18:12:46.322+00","2025-06-25 18:12:46.322+00"
279,"863192057915457",1,"2025-06-25 18:12:35+00","-16.3323866","-71.5803433",4,0,0,0,"2592.5","308.9",22,0,"0.6",7,"0101000020E6100000F97C395824E551C0EEA0C849175530C0","{""1"":{},""2"":{},""4"":{},""8"":{}}","2025-06-25 18:12:46.326+00","2025-06-25 18:12:46.326+00","2025-06-25 18:12:46.326+00"
280,"863192057915457",1,"2025-06-25 18:12:40+00","-16.3323866","-71.5803433",5,0,0,0,"2592.5","308.9",23,0,"0.5",7,"0101000020E6100000F97C395824E551C0EEA0C849175530C0","{""1"":{},""2"":{},""4"":{},""8"":{}}","2025-06-25 18:12:46.33+00","2025-06-25 18:12:46.33+00","2025-06-25 18:12:46.33+00"
281,"863192057915457",1,"2025-06-25 18:12:45+00","-16.3323866","-71.5803433",0,0,0,0,"2592.5","308.9",22,0,"0.6",7,"0101000020E6100000F97C395824E551C0EEA0C849175530C0","{""1"":{},""2"":{},""4"":{},""8"":{}}","2025-06-25 18:12:47.331+00","2025-06-25 18:12:47.331+00","2025-06-25 18:12:47.331+00"
282,"863192057915457",1,"2025-06-25 18:12:50+00","-16.3323866","-71.5803433",0,0,0,0,"2592.5","308.9",23,0,"0.6",7,"0101000020E6100000F97C395824E551C0EEA0C849175530C0","{""1"":{},""2"":{},""4"":{},""8"":{}}","2025-06-25 18:12:51.895+00","2025-06-25 18:12:51.895+00","2025-06-25 18:12:51.895+00"
283,"863192057915457",1,"2025-06-25 18:12:55+00","-16.3323866","-71.5803433",0,0,0,0,"2592.5","308.9",23,0,"0.5",7,"0101000020E6100000F97C395824E551C0EEA0C849175530C0","{""1"":{},""2"":{},""4"":{},""8"":{}}","2025-06-25 18:12:56.991+00","2025-06-25 18:12:56.991+00","2025-06-25 18:12:56.991+00"
284,"863192057915457",1,"2025-06-25 18:13:00+00","-16.3323866","-71.5803433",0,0,0,0,"2592.5","308.9",23,0,"0.5",7,"0101000020E6100000F97C395824E551C0EEA0C849175530C0","{""1"":{},""2"":{},""4"":{},""8"":{}}","2025-06-25 18:13:01.971+00","2025-06-25 18:13:01.979+00","2025-06-25 18:13:01.979+00"
285,"863192057915457",1,"2025-06-25 18:13:05+00","-16.3323850","-71.5803433",0,0,0,0,"2592.7","308.9",21,0,"0.6",7,"0101000020E6100000F97C395824E551C053AEF02E175530C0","{""1"":{},""2"":{},""4"":{},""8"":{}}","2025-06-25 18:13:07.015+00","2025-06-25 18:13:07.016+00","2025-06-25 18:13:07.016+00"
286,"863192057915457",1,"2025-06-25 18:13:10+00","-16.3323850","-71.5803433",0,0,0,0,"2592.7","308.9",22,0,"0.5",7,"0101000020E6100000F97C395824E551C053AEF02E175530C0","{""1"":{},""2"":{},""4"":{},""8"":{}}","2025-06-25 18:13:12.077+00","2025-06-25 18:13:12.077+00","2025-06-25 18:13:12.077+00"
287,"863192057915457",1,"2025-06-25 18:13:15+00","-16.3323850","-71.5803433",0,0,0,0,"2592.7","308.9",21,0,"0.6",7,"0101000020E6100000F97C395824E551C053AEF02E175530C0","{""1"":{},""2"":{},""4"":{},""8"":{}}","2025-06-25 18:13:16.913+00","2025-06-25 18:13:16.914+00","2025-06-25 18:13:16.914+00"
288,"863192057915457",1,"2025-06-25 18:13:15+00","-16.3323850","-71.5803433",0,0,0,0,"2592.7","308.9",21,0,"0.6",7,"0101000020E6100000F97C395824E551C053AEF02E175530C0","{""1"":{},""2"":{},""4"":{},""8"":{}}","2025-06-25 18:13:18.311+00","2025-06-25 18:13:18.311+00","2025-06-25 18:13:18.311+00"
289,"863192057915457",1,"2025-06-25 18:13:15+00","-16.3323850","-71.5803433",0,0,0,0,"2592.7","308.9",21,0,"0.6",7,"0101000020E6100000F97C395824E551C053AEF02E175530C0","{""1"":{},""2"":{},""4"":{},""8"":{}}","2025-06-25 18:15:20.762+00","2025-06-25 18:15:20.762+00","2025-06-25 18:15:20.762+00"
290,"863192057915457",1,"2025-06-25 18:13:20+00","-16.3323850","-71.5803433",1,0,0,0,"2592.7","308.9",22,0,"0.5",7,"0101000020E6100000F97C395824E551C053AEF02E175530C0","{""1"":{},""2"":{},""4"":{},""8"":{}}","2025-06-25 18:15:20.793+00","2025-06-25 18:15:20.793+00","2025-06-25 18:15:20.793+00"
291,"863192057915457",1,"2025-06-25 18:13:25+00","-16.3323850","-71.5803433",2,0,0,0,"2592.7","308.9",21,0,"0.5",7,"0101000020E6100000F97C395824E551C053AEF02E175530C0","{""1"":{},""2"":{},""4"":{},""8"":{}}","2025-06-25 18:15:20.796+00","2025-06-25 18:15:20.796+00","2025-06-25 18:15:20.796+00"
292,"863192057915457",1,"2025-06-25 18:13:30+00","-16.3323850","-71.5803433",3,0,0,0,"2592.7","308.9",21,0,"0.5",7,"0101000020E6100000F97C395824E551C053AEF02E175530C0","{""1"":{},""2"":{},""4"":{},""8"":{}}","2025-06-25 18:15:20.799+00","2025-06-25 18:15:20.8+00","2025-06-25 18:15:20.8+00"
293,"863192057915457",1,"2025-06-25 18:13:35+00","-16.3323850","-71.5803433",4,0,0,0,"2592.7","308.9",20,0,"0.5",7,"0101000020E6100000F97C395824E551C053AEF02E175530C0","{""1"":{},""2"":{},""4"":{},""8"":{}}","2025-06-25 18:15:20.803+00","2025-06-25 18:15:20.803+00","2025-06-25 18:15:20.803+00"
294,"863192057915457",1,"2025-06-25 18:13:40+00","-16.3323850","-71.5803433",5,0,0,0,"2592.7","308.9",21,0,"0.5",7,"0101000020E6100000F97C395824E551C053AEF02E175530C0","{""1"":{},""2"":{},""4"":{},""8"":{}}","2025-06-25 18:15:20.806+00","2025-06-25 18:15:20.806+00","2025-06-25 18:15:20.806+00"
295,"863192057915457",1,"2025-06-25 18:13:45+00","-16.3323850","-71.5803433",6,0,0,0,"2592.7","308.9",22,0,"0.5",7,"0101000020E6100000F97C395824E551C053AEF02E175530C0","{""1"":{},""2"":{},""4"":{},""8"":{}}","2025-06-25 18:15:20.81+00","2025-06-25 18:15:20.81+00","2025-06-25 18:15:20.81+00"
296,"863192057915457",1,"2025-06-25 18:13:50+00","-16.3323850","-71.5803433",7,0,0,0,"2592.7","308.9",22,0,"0.5",7,"0101000020E6100000F97C395824E551C053AEF02E175530C0","{""1"":{},""2"":{},""4"":{},""8"":{}}","2025-06-25 18:15:20.813+00","2025-06-25 18:15:20.814+00","2025-06-25 18:15:20.814+00"
297,"863192057915457",1,"2025-06-25 18:13:55+00","-16.3323850","-71.5803433",8,0,0,0,"2592.7","308.9",23,0,"0.5",7,"0101000020E6100000F97C395824E551C053AEF02E175530C0","{""1"":{},""2"":{},""4"":{},""8"":{}}","2025-06-25 18:15:20.817+00","2025-06-25 18:15:20.817+00","2025-06-25 18:15:20.817+00"
298,"863192057915457",1,"2025-06-25 18:14:00+00","-16.3323850","-71.5803433",9,0,0,0,"2592.7","308.9",23,0,"0.5",7,"0101000020E6100000F97C395824E551C053AEF02E175530C0","{""1"":{},""2"":{},""4"":{},""8"":{}}","2025-06-25 18:15:20.821+00","2025-06-25 18:15:20.821+00","2025-06-25 18:15:20.821+00"
299,"863192057915457",1,"2025-06-25 18:14:05+00","-16.3323850","-71.5803433",10,0,0,0,"2592.7","308.9",24,0,"0.5",7,"0101000020E6100000F97C395824E551C053AEF02E175530C0","{""1"":{},""2"":{},""4"":{},""8"":{}}","2025-06-25 18:15:20.824+00","2025-06-25 18:15:20.824+00","2025-06-25 18:15:20.824+00"
300,"863192057915457",1,"2025-06-25 18:14:10+00","-16.3323850","-71.5803433",11,0,0,0,"2592.7","308.9",24,0,"0.5",7,"0101000020E6100000F97C395824E551C053AEF02E175530C0","{""1"":{},""2"":{},""4"":{},""8"":{}}","2025-06-25 18:15:20.828+00","2025-06-25 18:15:20.828+00","2025-06-25 18:15:20.828+00"
301,"863192057915457",1,"2025-06-25 18:14:15+00","-16.3323850","-71.5803433",12,0,0,0,"2592.7","308.9",24,0,"0.5",7,"0101000020E6100000F97C395824E551C053AEF02E175530C0","{""1"":{},""2"":{},""4"":{},""8"":{}}","2025-06-25 18:15:20.831+00","2025-06-25 18:15:20.831+00","2025-06-25 18:15:20.831+00"
302,"863192057915457",1,"2025-06-25 18:14:20+00","-16.3323850","-71.5803433",13,0,0,0,"2592.7","308.9",24,0,"0.5",7,"0101000020E6100000F97C395824E551C053AEF02E175530C0","{""1"":{},""2"":{},""4"":{},""8"":{}}","2025-06-25 18:15:20.835+00","2025-06-25 18:15:20.835+00","2025-06-25 18:15:20.835+00"
303,"863192057915457",1,"2025-06-25 18:14:25+00","-16.3323850","-71.5803433",14,0,0,0,"2592.7","308.9",24,0,"0.5",7,"0101000020E6100000F97C395824E551C053AEF02E175530C0","{""1"":{},""2"":{},""4"":{},""8"":{}}","2025-06-25 18:15:20.839+00","2025-06-25 18:15:20.839+00","2025-06-25 18:15:20.839+00"
304,"863192057915457",1,"2025-06-25 18:14:30+00","-16.3323850","-71.5803433",15,0,0,0,"2592.7","308.9",24,0,"0.4",7,"0101000020E6100000F97C395824E551C053AEF02E175530C0","{""1"":{},""2"":{},""4"":{},""8"":{}}","2025-06-25 18:15:20.842+00","2025-06-25 18:15:20.842+00","2025-06-25 18:15:20.842+00"
305,"863192057915457",1,"2025-06-25 18:14:35+00","-16.3323850","-71.5803433",16,0,0,0,"2592.7","308.9",24,0,"0.4",7,"0101000020E6100000F97C395824E551C053AEF02E175530C0","{""1"":{},""2"":{},""4"":{},""8"":{}}","2025-06-25 18:15:20.845+00","2025-06-25 18:15:20.845+00","2025-06-25 18:15:20.845+00"
306,"863192057915457",1,"2025-06-25 18:14:40+00","-16.3323850","-71.5803433",17,0,0,0,"2592.7","308.9",24,0,"0.5",7,"0101000020E6100000F97C395824E551C053AEF02E175530C0","{""1"":{},""2"":{},""4"":{},""8"":{}}","2025-06-25 18:15:20.848+00","2025-06-25 18:15:20.848+00","2025-06-25 18:15:20.848+00"
307,"863192057915457",1,"2025-06-25 18:14:45+00","-16.3323850","-71.5803433",18,0,0,0,"2592.7","308.9",24,0,"0.5",7,"0101000020E6100000F97C395824E551C053AEF02E175530C0","{""1"":{},""2"":{},""4"":{},""8"":{}}","2025-06-25 18:15:20.851+00","2025-06-25 18:15:20.851+00","2025-06-25 18:15:20.851+00"
308,"863192057915457",1,"2025-06-25 18:14:50+00","-16.3323850","-71.5803433",19,0,0,0,"2592.7","308.9",24,0,"0.5",7,"0101000020E6100000F97C395824E551C053AEF02E175530C0","{""1"":{},""2"":{},""4"":{},""8"":{}}","2025-06-25 18:15:20.854+00","2025-06-25 18:15:20.854+00","2025-06-25 18:15:20.854+00"
309,"863192057915457",1,"2025-06-25 18:14:55+00","-16.3323850","-71.5803433",20,0,0,0,"2592.7","308.9",24,0,"0.5",7,"0101000020E6100000F97C395824E551C053AEF02E175530C0","{""1"":{},""2"":{},""4"":{},""8"":{}}","2025-06-25 18:15:20.859+00","2025-06-25 18:15:20.859+00","2025-06-25 18:15:20.859+00"
310,"863192057915457",1,"2025-06-25 18:15:00+00","-16.3323850","-71.5803433",21,0,0,0,"2592.7","308.9",21,0,"0.5",7,"0101000020E6100000F97C395824E551C053AEF02E175530C0","{""1"":{},""2"":{},""4"":{},""8"":{}}","2025-06-25 18:15:20.862+00","2025-06-25 18:15:20.862+00","2025-06-25 18:15:20.862+00"
311,"863192057915457",1,"2025-06-25 18:15:05+00","-16.3323850","-71.5803433",22,0,0,0,"2592.7","308.9",21,0,"0.5",7,"0101000020E6100000F97C395824E551C053AEF02E175530C0","{""1"":{},""2"":{},""4"":{},""8"":{}}","2025-06-25 18:15:20.865+00","2025-06-25 18:15:20.865+00","2025-06-25 18:15:20.865+00"
312,"863192057915457",1,"2025-06-25 18:15:10+00","-16.3323850","-71.5803433",23,0,0,0,"2592.7","308.9",22,0,"0.5",7,"0101000020E6100000F97C395824E551C053AEF02E175530C0","{""1"":{},""2"":{},""4"":{},""8"":{}}","2025-06-25 18:15:20.868+00","2025-06-25 18:15:20.869+00","2025-06-25 18:15:20.869+00"
313,"863192057915457",1,"2025-06-25 18:15:15+00","-16.3323850","-71.5803433",24,0,0,0,"2592.7","308.9",21,0,"0.5",7,"0101000020E6100000F97C395824E551C053AEF02E175530C0","{""1"":{},""2"":{},""4"":{},""8"":{}}","2025-06-25 18:15:20.872+00","2025-06-25 18:15:20.872+00","2025-06-25 18:15:20.872+00"
314,"863192057915457",1,"2025-06-25 18:13:15+00","-16.3323850","-71.5803433",0,0,0,0,"2592.7","308.9",21,0,"0.6",7,"0101000020E6100000F97C395824E551C053AEF02E175530C0","{""1"":{},""2"":{},""4"":{},""8"":{}}","2025-06-25 18:17:45.749+00","2025-06-25 18:17:45.749+00","2025-06-25 18:17:45.749+00"
315,"863192057915457",1,"2025-06-25 18:13:20+00","-16.3323850","-71.5803433",1,0,0,0,"2592.7","308.9",22,0,"0.5",7,"0101000020E6100000F97C395824E551C053AEF02E175530C0","{""1"":{},""2"":{},""4"":{},""8"":{}}","2025-06-25 18:17:45.784+00","2025-06-25 18:17:45.784+00","2025-06-25 18:17:45.784+00"
316,"863192057915457",1,"2025-06-25 18:13:25+00","-16.3323850","-71.5803433",2,0,0,0,"2592.7","308.9",21,0,"0.5",7,"0101000020E6100000F97C395824E551C053AEF02E175530C0","{""1"":{},""2"":{},""4"":{},""8"":{}}","2025-06-25 18:17:45.788+00","2025-06-25 18:17:45.788+00","2025-06-25 18:17:45.788+00"
317,"863192057915457",1,"2025-06-25 18:13:30+00","-16.3323850","-71.5803433",3,0,0,0,"2592.7","308.9",21,0,"0.5",7,"0101000020E6100000F97C395824E551C053AEF02E175530C0","{""1"":{},""2"":{},""4"":{},""8"":{}}","2025-06-25 18:17:45.792+00","2025-06-25 18:17:45.793+00","2025-06-25 18:17:45.793+00"
318,"863192057915457",1,"2025-06-25 18:13:35+00","-16.3323850","-71.5803433",4,0,0,0,"2592.7","308.9",20,0,"0.5",7,"0101000020E6100000F97C395824E551C053AEF02E175530C0","{""1"":{},""2"":{},""4"":{},""8"":{}}","2025-06-25 18:17:45.797+00","2025-06-25 18:17:45.797+00","2025-06-25 18:17:45.797+00"
319,"863192057915457",1,"2025-06-25 18:13:40+00","-16.3323850","-71.5803433",5,0,0,0,"2592.7","308.9",21,0,"0.5",7,"0101000020E6100000F97C395824E551C053AEF02E175530C0","{""1"":{},""2"":{},""4"":{},""8"":{}}","2025-06-25 18:17:45.8+00","2025-06-25 18:17:45.8+00","2025-06-25 18:17:45.8+00"
320,"863192057915457",1,"2025-06-25 18:13:45+00","-16.3323850","-71.5803433",6,0,0,0,"2592.7","308.9",22,0,"0.5",7,"0101000020E6100000F97C395824E551C053AEF02E175530C0","{""1"":{},""2"":{},""4"":{},""8"":{}}","2025-06-25 18:17:45.804+00","2025-06-25 18:17:45.804+00","2025-06-25 18:17:45.804+00"
321,"863192057915457",1,"2025-06-25 18:13:50+00","-16.3323850","-71.5803433",7,0,0,0,"2592.7","308.9",22,0,"0.5",7,"0101000020E6100000F97C395824E551C053AEF02E175530C0","{""1"":{},""2"":{},""4"":{},""8"":{}}","2025-06-25 18:17:45.812+00","2025-06-25 18:17:45.812+00","2025-06-25 18:17:45.812+00"
322,"863192057915457",1,"2025-06-25 18:13:55+00","-16.3323850","-71.5803433",8,0,0,0,"2592.7","308.9",23,0,"0.5",7,"0101000020E6100000F97C395824E551C053AEF02E175530C0","{""1"":{},""2"":{},""4"":{},""8"":{}}","2025-06-25 18:17:45.816+00","2025-06-25 18:17:45.816+00","2025-06-25 18:17:45.816+00"
323,"863192057915457",1,"2025-06-25 18:14:00+00","-16.3323850","-71.5803433",9,0,0,0,"2592.7","308.9",23,0,"0.5",7,"0101000020E6100000F97C395824E551C053AEF02E175530C0","{""1"":{},""2"":{},""4"":{},""8"":{}}","2025-06-25 18:17:45.82+00","2025-06-25 18:17:45.82+00","2025-06-25 18:17:45.82+00"
324,"863192057915457",1,"2025-06-25 18:14:05+00","-16.3323850","-71.5803433",10,0,0,0,"2592.7","308.9",24,0,"0.5",7,"0101000020E6100000F97C395824E551C053AEF02E175530C0","{""1"":{},""2"":{},""4"":{},""8"":{}}","2025-06-25 18:17:45.826+00","2025-06-25 18:17:45.826+00","2025-06-25 18:17:45.826+00"
325,"863192057915457",1,"2025-06-25 18:14:10+00","-16.3323850","-71.5803433",11,0,0,0,"2592.7","308.9",24,0,"0.5",7,"0101000020E6100000F97C395824E551C053AEF02E175530C0","{""1"":{},""2"":{},""4"":{},""8"":{}}","2025-06-25 18:17:45.83+00","2025-06-25 18:17:45.83+00","2025-06-25 18:17:45.83+00"
326,"863192057915457",1,"2025-06-25 18:14:15+00","-16.3323850","-71.5803433",12,0,0,0,"2592.7","308.9",24,0,"0.5",7,"0101000020E6100000F97C395824E551C053AEF02E175530C0","{""1"":{},""2"":{},""4"":{},""8"":{}}","2025-06-25 18:17:45.836+00","2025-06-25 18:17:45.836+00","2025-06-25 18:17:45.836+00"
327,"863192057915457",1,"2025-06-25 18:14:20+00","-16.3323850","-71.5803433",13,0,0,0,"2592.7","308.9",24,0,"0.5",7,"0101000020E6100000F97C395824E551C053AEF02E175530C0","{""1"":{},""2"":{},""4"":{},""8"":{}}","2025-06-25 18:17:45.842+00","2025-06-25 18:17:45.842+00","2025-06-25 18:17:45.842+00"
328,"863192057915457",1,"2025-06-25 18:14:25+00","-16.3323850","-71.5803433",14,0,0,0,"2592.7","308.9",24,0,"0.5",7,"0101000020E6100000F97C395824E551C053AEF02E175530C0","{""1"":{},""2"":{},""4"":{},""8"":{}}","2025-06-25 18:17:45.85+00","2025-06-25 18:17:45.85+00","2025-06-25 18:17:45.85+00"
329,"863192057915457",1,"2025-06-25 18:14:30+00","-16.3323850","-71.5803433",15,0,0,0,"2592.7","308.9",24,0,"0.4",7,"0101000020E6100000F97C395824E551C053AEF02E175530C0","{""1"":{},""2"":{},""4"":{},""8"":{}}","2025-06-25 18:17:45.859+00","2025-06-25 18:17:45.859+00","2025-06-25 18:17:45.859+00"
330,"863192057915457",1,"2025-06-25 18:14:35+00","-16.3323850","-71.5803433",16,0,0,0,"2592.7","308.9",24,0,"0.4",7,"0101000020E6100000F97C395824E551C053AEF02E175530C0","{""1"":{},""2"":{},""4"":{},""8"":{}}","2025-06-25 18:17:45.865+00","2025-06-25 18:17:45.865+00","2025-06-25 18:17:45.865+00"
331,"863192057915457",1,"2025-06-25 18:14:40+00","-16.3323850","-71.5803433",17,0,0,0,"2592.7","308.9",24,0,"0.5",7,"0101000020E6100000F97C395824E551C053AEF02E175530C0","{""1"":{},""2"":{},""4"":{},""8"":{}}","2025-06-25 18:17:45.871+00","2025-06-25 18:17:45.871+00","2025-06-25 18:17:45.871+00"
332,"863192057915457",1,"2025-06-25 18:14:45+00","-16.3323850","-71.5803433",18,0,0,0,"2592.7","308.9",24,0,"0.5",7,"0101000020E6100000F97C395824E551C053AEF02E175530C0","{""1"":{},""2"":{},""4"":{},""8"":{}}","2025-06-25 18:17:45.879+00","2025-06-25 18:17:45.879+00","2025-06-25 18:17:45.879+00"
333,"863192057915457",1,"2025-06-25 18:14:50+00","-16.3323850","-71.5803433",19,0,0,0,"2592.7","308.9",24,0,"0.5",7,"0101000020E6100000F97C395824E551C053AEF02E175530C0","{""1"":{},""2"":{},""4"":{},""8"":{}}","2025-06-25 18:17:45.883+00","2025-06-25 18:17:45.883+00","2025-06-25 18:17:45.883+00"
334,"863192057915457",1,"2025-06-25 18:14:55+00","-16.3323850","-71.5803433",20,0,0,0,"2592.7","308.9",24,0,"0.5",7,"0101000020E6100000F97C395824E551C053AEF02E175530C0","{""1"":{},""2"":{},""4"":{},""8"":{}}","2025-06-25 18:17:45.888+00","2025-06-25 18:17:45.888+00","2025-06-25 18:17:45.888+00"
335,"863192057915457",1,"2025-06-25 18:15:00+00","-16.3323850","-71.5803433",21,0,0,0,"2592.7","308.9",21,0,"0.5",7,"0101000020E6100000F97C395824E551C053AEF02E175530C0","{""1"":{},""2"":{},""4"":{},""8"":{}}","2025-06-25 18:17:45.892+00","2025-06-25 18:17:45.892+00","2025-06-25 18:17:45.892+00"
336,"863192057915457",1,"2025-06-25 18:15:05+00","-16.3323850","-71.5803433",22,0,0,0,"2592.7","308.9",21,0,"0.5",7,"0101000020E6100000F97C395824E551C053AEF02E175530C0","{""1"":{},""2"":{},""4"":{},""8"":{}}","2025-06-25 18:17:45.896+00","2025-06-25 18:17:45.896+00","2025-06-25 18:17:45.896+00"
337,"863192057915457",1,"2025-06-25 18:15:10+00","-16.3323850","-71.5803433",23,0,0,0,"2592.7","308.9",22,0,"0.5",7,"0101000020E6100000F97C395824E551C053AEF02E175530C0","{""1"":{},""2"":{},""4"":{},""8"":{}}","2025-06-25 18:17:45.901+00","2025-06-25 18:17:45.901+00","2025-06-25 18:17:45.901+00"
338,"863192057915457",1,"2025-06-25 18:15:15+00","-16.3323850","-71.5803433",24,0,0,0,"2592.7","308.9",21,0,"0.5",7,"0101000020E6100000F97C395824E551C053AEF02E175530C0","{""1"":{},""2"":{},""4"":{},""8"":{}}","2025-06-25 18:17:45.906+00","2025-06-25 18:17:45.906+00","2025-06-25 18:17:45.906+00"
339,"863192057915457",1,"2025-06-25 18:15:20+00","-16.3323850","-71.5803433",25,0,0,0,"2592.7","308.9",22,0,"0.5",7,"0101000020E6100000F97C395824E551C053AEF02E175530C0","{""1"":{},""2"":{},""4"":{},""8"":{}}","2025-06-25 18:17:45.913+00","2025-06-25 18:17:45.913+00","2025-06-25 18:17:45.913+00"
340,"863192057915457",1,"2025-06-25 18:15:25+00","-16.3323850","-71.5803433",26,0,0,0,"2592.7","308.9",22,0,"0.5",7,"0101000020E6100000F97C395824E551C053AEF02E175530C0","{""1"":{},""2"":{},""4"":{},""8"":{}}","2025-06-25 18:17:45.922+00","2025-06-25 18:17:45.922+00","2025-06-25 18:17:45.922+00"
341,"863192057915457",1,"2025-06-25 18:15:30+00","-16.3323850","-71.5803433",27,0,0,0,"2592.7","308.9",20,0,"0.5",7,"0101000020E6100000F97C395824E551C053AEF02E175530C0","{""1"":{},""2"":{},""4"":{},""8"":{}}","2025-06-25 18:17:45.927+00","2025-06-25 18:17:45.927+00","2025-06-25 18:17:45.927+00"
342,"863192057915457",1,"2025-06-25 18:15:35+00","-16.3323850","-71.5803433",28,0,0,0,"2592.7","308.9",19,0,"0.6",7,"0101000020E6100000F97C395824E551C053AEF02E175530C0","{""1"":{},""2"":{},""4"":{},""8"":{}}","2025-06-25 18:17:45.932+00","2025-06-25 18:17:45.932+00","2025-06-25 18:17:45.932+00"
343,"863192057915457",1,"2025-06-25 18:15:40+00","-16.3323850","-71.5803433",29,0,0,0,"2592.7","308.9",21,0,"0.5",7,"0101000020E6100000F97C395824E551C053AEF02E175530C0","{""1"":{},""2"":{},""4"":{},""8"":{}}","2025-06-25 18:17:45.936+00","2025-06-25 18:17:45.936+00","2025-06-25 18:17:45.936+00"
344,"863192057915457",1,"2025-06-25 18:15:45+00","-16.3323850","-71.5803433",0,0,0,0,"2592.7","308.9",21,0,"0.5",7,"0101000020E6100000F97C395824E551C053AEF02E175530C0","{""1"":{},""2"":{},""4"":{},""8"":{}}","2025-06-25 18:17:47.425+00","2025-06-25 18:17:47.425+00","2025-06-25 18:17:47.425+00"
345,"863192057915457",1,"2025-06-25 18:15:50+00","-16.3323850","-71.5803433",1,0,0,0,"2592.7","308.9",22,0,"0.5",7,"0101000020E6100000F97C395824E551C053AEF02E175530C0","{""1"":{},""2"":{},""4"":{},""8"":{}}","2025-06-25 18:17:47.43+00","2025-06-25 18:17:47.43+00","2025-06-25 18:17:47.43+00"
346,"863192057915457",1,"2025-06-25 18:15:55+00","-16.3323850","-71.5803433",2,0,0,0,"2592.7","308.9",22,0,"0.5",7,"0101000020E6100000F97C395824E551C053AEF02E175530C0","{""1"":{},""2"":{},""4"":{},""8"":{}}","2025-06-25 18:17:47.434+00","2025-06-25 18:17:47.434+00","2025-06-25 18:17:47.434+00"
347,"863192057915457",1,"2025-06-25 18:16:00+00","-16.3323850","-71.5803433",3,0,0,0,"2592.7","308.9",22,0,"0.5",7,"0101000020E6100000F97C395824E551C053AEF02E175530C0","{""1"":{},""2"":{},""4"":{},""8"":{}}","2025-06-25 18:17:47.438+00","2025-06-25 18:17:47.438+00","2025-06-25 18:17:47.438+00"
348,"863192057915457",1,"2025-06-25 18:16:05+00","-16.3323850","-71.5803433",4,0,0,0,"2592.7","308.9",22,0,"0.5",7,"0101000020E6100000F97C395824E551C053AEF02E175530C0","{""1"":{},""2"":{},""4"":{},""8"":{}}","2025-06-25 18:17:47.441+00","2025-06-25 18:17:47.441+00","2025-06-25 18:17:47.441+00"
349,"863192057915457",1,"2025-06-25 18:16:10+00","-16.3323850","-71.5803433",5,0,0,0,"2592.7","308.9",22,0,"0.5",7,"0101000020E6100000F97C395824E551C053AEF02E175530C0","{""1"":{},""2"":{},""4"":{},""8"":{}}","2025-06-25 18:17:47.445+00","2025-06-25 18:17:47.445+00","2025-06-25 18:17:47.445+00"
350,"863192057915457",1,"2025-06-25 18:16:15+00","-16.3323850","-71.5803433",6,0,0,0,"2592.7","308.9",22,0,"0.5",7,"0101000020E6100000F97C395824E551C053AEF02E175530C0","{""1"":{},""2"":{},""4"":{},""8"":{}}","2025-06-25 18:17:47.448+00","2025-06-25 18:17:47.448+00","2025-06-25 18:17:47.448+00"
351,"863192057915457",1,"2025-06-25 18:16:20+00","-16.3323850","-71.5803433",7,0,0,0,"2592.7","308.9",22,0,"0.5",7,"0101000020E6100000F97C395824E551C053AEF02E175530C0","{""1"":{},""2"":{},""4"":{},""8"":{}}","2025-06-25 18:17:47.453+00","2025-06-25 18:17:47.453+00","2025-06-25 18:17:47.453+00"
352,"863192057915457",1,"2025-06-25 18:16:25+00","-16.3323850","-71.5803433",8,0,0,0,"2592.7","308.9",22,0,"0.5",7,"0101000020E6100000F97C395824E551C053AEF02E175530C0","{""1"":{},""2"":{},""4"":{},""8"":{}}","2025-06-25 18:17:47.457+00","2025-06-25 18:17:47.458+00","2025-06-25 18:17:47.458+00"
353,"863192057915457",1,"2025-06-25 18:16:30+00","-16.3323850","-71.5803433",9,0,0,0,"2592.7","308.9",22,0,"0.5",7,"0101000020E6100000F97C395824E551C053AEF02E175530C0","{""1"":{},""2"":{},""4"":{},""8"":{}}","2025-06-25 18:17:47.462+00","2025-06-25 18:17:47.462+00","2025-06-25 18:17:47.462+00"
354,"863192057915457",1,"2025-06-25 18:16:35+00","-16.3323850","-71.5803433",10,0,0,0,"2592.7","308.9",23,0,"0.5",7,"0101000020E6100000F97C395824E551C053AEF02E175530C0","{""1"":{},""2"":{},""4"":{},""8"":{}}","2025-06-25 18:17:47.466+00","2025-06-25 18:17:47.466+00","2025-06-25 18:17:47.466+00"
355,"863192057915457",1,"2025-06-25 18:16:40+00","-16.3323850","-71.5803433",11,0,0,0,"2592.7","308.9",23,0,"0.5",7,"0101000020E6100000F97C395824E551C053AEF02E175530C0","{""1"":{},""2"":{},""4"":{},""8"":{}}","2025-06-25 18:17:47.469+00","2025-06-25 18:17:47.469+00","2025-06-25 18:17:47.469+00"
356,"863192057915457",1,"2025-06-25 18:16:45+00","-16.3323850","-71.5803433",12,0,0,0,"2592.7","308.9",24,0,"0.5",7,"0101000020E6100000F97C395824E551C053AEF02E175530C0","{""1"":{},""2"":{},""4"":{},""8"":{}}","2025-06-25 18:17:47.472+00","2025-06-25 18:17:47.472+00","2025-06-25 18:17:47.472+00"
357,"863192057915457",1,"2025-06-25 18:16:50+00","-16.3323850","-71.5803433",13,0,0,0,"2592.7","308.9",24,0,"0.5",7,"0101000020E6100000F97C395824E551C053AEF02E175530C0","{""1"":{},""2"":{},""4"":{},""8"":{}}","2025-06-25 18:17:47.475+00","2025-06-25 18:17:47.475+00","2025-06-25 18:17:47.475+00"
358,"863192057915457",1,"2025-06-25 18:16:55+00","-16.3323850","-71.5803433",14,0,0,0,"2592.7","308.9",23,0,"0.5",7,"0101000020E6100000F97C395824E551C053AEF02E175530C0","{""1"":{},""2"":{},""4"":{},""8"":{}}","2025-06-25 18:17:47.478+00","2025-06-25 18:17:47.478+00","2025-06-25 18:17:47.478+00"
359,"863192057915457",1,"2025-06-25 18:17:00+00","-16.3323850","-71.5803433",15,0,0,0,"2592.7","308.9",23,0,"0.5",7,"0101000020E6100000F97C395824E551C053AEF02E175530C0","{""1"":{},""2"":{},""4"":{},""8"":{}}","2025-06-25 18:17:47.482+00","2025-06-25 18:17:47.482+00","2025-06-25 18:17:47.482+00"
360,"863192057915457",1,"2025-06-25 18:17:05+00","-16.3323866","-71.5803466",16,0,0,0,"2592.2","308.9",23,0,"0.5",7,"0101000020E610000011D6106624E551C0EEA0C849175530C0","{""1"":{},""2"":{},""4"":{},""8"":{}}","2025-06-25 18:17:47.486+00","2025-06-25 18:17:47.486+00","2025-06-25 18:17:47.486+00"
361,"863192057915457",1,"2025-06-25 18:17:10+00","-16.3323850","-71.5803450",17,0,0,0,"2591.7","58.9",19,0,"0.6",7,"0101000020E61000006AD95A5F24E551C053AEF02E175530C0","{""1"":{},""2"":{},""4"":{},""8"":{}}","2025-06-25 18:17:47.49+00","2025-06-25 18:17:47.49+00","2025-06-25 18:17:47.49+00"
362,"863192057915457",1,"2025-06-25 18:18:08+00","-16.3322783","-71.5803000",0,0,0,0,"2601.5","0.0",5,0,"1.9",7,"0101000020E61000009A779CA223E551C0A4ABCF30105530C0","{""1"":{},""2"":{},""4"":{},""8"":{}}","2025-06-25 18:18:13.913+00","2025-06-25 18:18:13.913+00","2025-06-25 18:18:13.913+00"
363,"863192057915457",1,"2025-06-25 18:18:13+00","-16.3322766","-71.5803000",1,0,0,0,"2601.5","0.0",5,0,"1.9",7,"0101000020E61000009A779CA223E551C0E0394A14105530C0","{""1"":{},""2"":{},""4"":{},""8"":{}}","2025-06-25 18:18:13.944+00","2025-06-25 18:18:13.944+00","2025-06-25 18:18:13.944+00"
364,"863192057915457",1,"2025-06-25 18:18:18+00","-16.3322766","-71.5803000",0,0,0,0,"2601.5","0.0",5,0,"1.9",7,"0101000020E61000009A779CA223E551C0E0394A14105530C0","{""1"":{},""2"":{},""4"":{},""8"":{}}","2025-06-25 18:18:19.051+00","2025-06-25 18:18:19.051+00","2025-06-25 18:18:19.051+00"
365,"863192057915457",1,"2025-06-25 18:18:23+00","-16.3322766","-71.5803000",0,0,0,0,"2601.5","0.0",5,0,"1.9",7,"0101000020E61000009A779CA223E551C0E0394A14105530C0","{""1"":{},""2"":{},""4"":{},""8"":{}}","2025-06-25 18:18:24.016+00","2025-06-25 18:18:24.017+00","2025-06-25 18:18:24.017+00"
366,"863192057915457",1,"2025-06-25 18:18:28+00","-16.3322766","-71.5803000",0,0,0,0,"2601.5","0.0",5,0,"1.9",7,"0101000020E61000009A779CA223E551C0E0394A14105530C0","{""1"":{},""2"":{},""4"":{},""8"":{}}","2025-06-25 18:18:29.029+00","2025-06-25 18:18:29.029+00","2025-06-25 18:18:29.029+00"
367,"863192057915457",1,"2025-06-25 18:18:33+00","-16.3322766","-71.5803000",0,0,0,0,"2601.5","0.0",5,0,"1.9",7,"0101000020E61000009A779CA223E551C0E0394A14105530C0","{""1"":{},""2"":{},""4"":{},""8"":{}}","2025-06-25 18:18:36.616+00","2025-06-25 18:18:36.616+00","2025-06-25 18:18:36.616+00"
368,"863192057915457",1,"2025-06-25 18:18:33+00","-16.3322766","-71.5803000",0,0,0,0,"2601.5","0.0",5,0,"1.9",7,"0101000020E61000009A779CA223E551C0E0394A14105530C0","{""1"":{},""2"":{},""4"":{},""8"":{}}","2025-06-25 18:20:41.81+00","2025-06-25 18:20:41.811+00","2025-06-25 18:20:41.811+00"
369,"863192057915457",1,"2025-06-25 18:18:38+00","-16.3322766","-71.5803000",1,0,0,0,"2601.5","0.0",6,0,"1.6",7,"0101000020E61000009A779CA223E551C0E0394A14105530C0","{""1"":{},""2"":{},""4"":{},""8"":{}}","2025-06-25 18:20:41.841+00","2025-06-25 18:20:41.841+00","2025-06-25 18:20:41.841+00"
370,"863192057915457",1,"2025-06-25 18:18:43+00","-16.3322766","-71.5803000",2,0,0,0,"2601.5","0.0",6,0,"1.6",7,"0101000020E61000009A779CA223E551C0E0394A14105530C0","{""1"":{},""2"":{},""4"":{},""8"":{}}","2025-06-25 18:20:41.844+00","2025-06-25 18:20:41.844+00","2025-06-25 18:20:41.844+00"
371,"863192057915457",1,"2025-06-25 18:18:48+00","-16.3322766","-71.5803000",3,0,0,0,"2601.5","0.0",7,0,"1.5",7,"0101000020E61000009A779CA223E551C0E0394A14105530C0","{""1"":{},""2"":{},""4"":{},""8"":{}}","2025-06-25 18:20:41.848+00","2025-06-25 18:20:41.848+00","2025-06-25 18:20:41.848+00"
372,"863192057915457",1,"2025-06-25 18:18:53+00","-16.3322766","-71.5803000",4,0,0,0,"2601.5","0.0",7,0,"1.5",7,"0101000020E61000009A779CA223E551C0E0394A14105530C0","{""1"":{},""2"":{},""4"":{},""8"":{}}","2025-06-25 18:20:41.851+00","2025-06-25 18:20:41.851+00","2025-06-25 18:20:41.851+00"
373,"863192057915457",1,"2025-06-25 18:18:58+00","-16.3322766","-71.5803000",5,0,0,0,"2601.5","0.0",10,0,"0.9",7,"0101000020E61000009A779CA223E551C0E0394A14105530C0","{""1"":{},""2"":{},""4"":{},""8"":{}}","2025-06-25 18:20:41.854+00","2025-06-25 18:20:41.854+00","2025-06-25 18:20:41.854+00"
374,"863192057915457",1,"2025-06-25 18:19:03+00","-16.3322766","-71.5803000",6,0,0,0,"2601.5","0.0",10,0,"0.9",7,"0101000020E61000009A779CA223E551C0E0394A14105530C0","{""1"":{},""2"":{},""4"":{},""8"":{}}","2025-06-25 18:20:41.856+00","2025-06-25 18:20:41.857+00","2025-06-25 18:20:41.857+00"
375,"863192057915457",1,"2025-06-25 18:19:08+00","-16.3322766","-71.5803000",7,0,0,0,"2601.5","0.0",11,0,"0.9",7,"0101000020E61000009A779CA223E551C0E0394A14105530C0","{""1"":{},""2"":{},""4"":{},""8"":{}}","2025-06-25 18:20:41.859+00","2025-06-25 18:20:41.859+00","2025-06-25 18:20:41.859+00"
376,"863192057915457",1,"2025-06-25 18:19:13+00","-16.3322766","-71.5803000",8,0,0,0,"2601.5","0.0",11,0,"0.9",7,"0101000020E61000009A779CA223E551C0E0394A14105530C0","{""1"":{},""2"":{},""4"":{},""8"":{}}","2025-06-25 18:20:41.864+00","2025-06-25 18:20:41.864+00","2025-06-25 18:20:41.864+00"
377,"863192057915457",1,"2025-06-25 18:19:18+00","-16.3322766","-71.5803000",9,0,0,0,"2601.5","0.0",11,0,"0.9",7,"0101000020E61000009A779CA223E551C0E0394A14105530C0","{""1"":{},""2"":{},""4"":{},""8"":{}}","2025-06-25 18:20:41.867+00","2025-06-25 18:20:41.867+00","2025-06-25 18:20:41.867+00"
378,"863192057915457",1,"2025-06-25 18:19:23+00","-16.3322766","-71.5803000",10,0,0,0,"2601.5","0.0",11,0,"0.9",7,"0101000020E61000009A779CA223E551C0E0394A14105530C0","{""1"":{},""2"":{},""4"":{},""8"":{}}","2025-06-25 18:20:41.87+00","2025-06-25 18:20:41.871+00","2025-06-25 18:20:41.871+00"
379,"863192057915457",1,"2025-06-25 18:19:28+00","-16.3322766","-71.5803000",11,0,0,0,"2601.5","0.0",11,0,"0.9",7,"0101000020E61000009A779CA223E551C0E0394A14105530C0","{""1"":{},""2"":{},""4"":{},""8"":{}}","2025-06-25 18:20:41.874+00","2025-06-25 18:20:41.874+00","2025-06-25 18:20:41.874+00"
380,"863192057915457",1,"2025-06-25 18:19:33+00","-16.3322916","-71.5803133",12,0,0,0,"2599.5","0.0",11,0,"0.9",7,"0101000020E6100000C43B65DA23E551C04BBCF20F115530C0","{""1"":{},""2"":{},""4"":{},""8"":{}}","2025-06-25 18:20:41.877+00","2025-06-25 18:20:41.877+00","2025-06-25 18:20:41.877+00"
381,"863192057915457",1,"2025-06-25 18:19:38+00","-16.3322950","-71.5803166",13,0,0,0,"2599.3","0.0",11,0,"0.9",7,"0101000020E6100000DC943CE823E551C0D39FFD48115530C0","{""1"":{},""2"":{},""4"":{},""8"":{}}","2025-06-25 18:20:41.881+00","2025-06-25 18:20:41.882+00","2025-06-25 18:20:41.882+00"
382,"863192057915457",1,"2025-06-25 18:19:43+00","-16.3322950","-71.5803166",14,0,0,0,"2599.3","0.0",11,0,"0.9",7,"0101000020E6100000DC943CE823E551C0D39FFD48115530C0","{""1"":{},""2"":{},""4"":{},""8"":{}}","2025-06-25 18:20:41.885+00","2025-06-25 18:20:41.885+00","2025-06-25 18:20:41.885+00"
383,"863192057915457",1,"2025-06-25 18:19:48+00","-16.3322950","-71.5803166",15,0,0,0,"2599.3","0.0",11,0,"0.9",7,"0101000020E6100000DC943CE823E551C0D39FFD48115530C0","{""1"":{},""2"":{},""4"":{},""8"":{}}","2025-06-25 18:20:41.89+00","2025-06-25 18:20:41.89+00","2025-06-25 18:20:41.89+00"
384,"863192057915457",1,"2025-06-25 18:19:53+00","-16.3322950","-71.5803166",16,0,0,0,"2599.3","0.0",11,0,"0.9",7,"0101000020E6100000DC943CE823E551C0D39FFD48115530C0","{""1"":{},""2"":{},""4"":{},""8"":{}}","2025-06-25 18:20:41.899+00","2025-06-25 18:20:41.899+00","2025-06-25 18:20:41.899+00"
385,"863192057915457",1,"2025-06-25 18:19:58+00","-16.3322950","-71.5803166",17,0,0,0,"2599.3","0.0",11,0,"0.9",7,"0101000020E6100000DC943CE823E551C0D39FFD48115530C0","{""1"":{},""2"":{},""4"":{},""8"":{}}","2025-06-25 18:20:41.904+00","2025-06-25 18:20:41.904+00","2025-06-25 18:20:41.904+00"
386,"863192057915457",1,"2025-06-25 18:20:03+00","-16.3322950","-71.5803166",18,0,0,0,"2599.3","0.0",11,0,"0.9",7,"0101000020E6100000DC943CE823E551C0D39FFD48115530C0","{""1"":{},""2"":{},""4"":{},""8"":{}}","2025-06-25 18:20:41.912+00","2025-06-25 18:20:41.912+00","2025-06-25 18:20:41.912+00"
387,"863192057915457",1,"2025-06-25 18:20:08+00","-16.3322950","-71.5803166",19,0,0,0,"2599.3","0.0",11,0,"0.9",7,"0101000020E6100000DC943CE823E551C0D39FFD48115530C0","{""1"":{},""2"":{},""4"":{},""8"":{}}","2025-06-25 18:20:41.917+00","2025-06-25 18:20:41.917+00","2025-06-25 18:20:41.917+00"
388,"863192057915457",1,"2025-06-25 18:20:13+00","-16.3322950","-71.5803166",20,0,0,0,"2599.3","0.0",11,0,"0.9",7,"0101000020E6100000DC943CE823E551C0D39FFD48115530C0","{""1"":{},""2"":{},""4"":{},""8"":{}}","2025-06-25 18:20:41.921+00","2025-06-25 18:20:41.921+00","2025-06-25 18:20:41.921+00"
389,"863192057915457",1,"2025-06-25 18:20:18+00","-16.3322950","-71.5803166",21,0,0,0,"2599.3","0.0",12,0,"0.8",7,"0101000020E6100000DC943CE823E551C0D39FFD48115530C0","{""1"":{},""2"":{},""4"":{},""8"":{}}","2025-06-25 18:20:41.925+00","2025-06-25 18:20:41.925+00","2025-06-25 18:20:41.925+00"
390,"863192057915457",1,"2025-06-25 18:20:23+00","-16.3322950","-71.5803166",22,0,0,0,"2599.3","0.0",12,0,"0.8",7,"0101000020E6100000DC943CE823E551C0D39FFD48115530C0","{""1"":{},""2"":{},""4"":{},""8"":{}}","2025-06-25 18:20:41.932+00","2025-06-25 18:20:41.932+00","2025-06-25 18:20:41.932+00"
391,"863192057915457",1,"2025-06-25 18:20:28+00","-16.3323133","-71.5803150",23,0,0,0,"2598.2","0.0",12,0,"0.8",7,"0101000020E6100000359886E123E551C09D86037C125530C0","{""1"":{},""2"":{},""4"":{},""8"":{}}","2025-06-25 18:20:41.939+00","2025-06-25 18:20:41.939+00","2025-06-25 18:20:41.939+00"
392,"863192057915457",1,"2025-06-25 18:20:33+00","-16.3323283","-71.5803366",24,0,0,0,"2596.6","0.0",12,0,"0.8",7,"0101000020E6100000FF6A1F3C24E551C00809AC77135530C0","{""1"":{},""2"":{},""4"":{},""8"":{}}","2025-06-25 18:20:41.943+00","2025-06-25 18:20:41.943+00","2025-06-25 18:20:41.943+00"
393,"863192057915457",1,"2025-06-25 18:20:38+00","-16.3323466","-71.5803166",25,0,0,0,"2596.9","125.7",12,7,"0.8",7,"0101000020E6100000DC943CE823E551C0D2EFB1AA145530C0","{""1"":{},""2"":{},""4"":{},""8"":{}}","2025-06-25 18:20:41.95+00","2025-06-25 18:20:41.95+00","2025-06-25 18:20:41.95+00"
394,"863192057915457",1,"2025-06-25 18:18:33+00","-16.3322766","-71.5803000",0,0,0,0,"2601.5","0.0",5,0,"1.9",7,"0101000020E61000009A779CA223E551C0E0394A14105530C0","{""1"":{},""2"":{},""4"":{},""8"":{}}","2025-06-25 18:22:45.743+00","2025-06-25 18:22:45.744+00","2025-06-25 18:22:45.744+00"
395,"863192057915457",1,"2025-06-25 18:18:38+00","-16.3322766","-71.5803000",1,0,0,0,"2601.5","0.0",6,0,"1.6",7,"0101000020E61000009A779CA223E551C0E0394A14105530C0","{""1"":{},""2"":{},""4"":{},""8"":{}}","2025-06-25 18:22:45.774+00","2025-06-25 18:22:45.774+00","2025-06-25 18:22:45.774+00"
396,"863192057915457",1,"2025-06-25 18:18:43+00","-16.3322766","-71.5803000",2,0,0,0,"2601.5","0.0",6,0,"1.6",7,"0101000020E61000009A779CA223E551C0E0394A14105530C0","{""1"":{},""2"":{},""4"":{},""8"":{}}","2025-06-25 18:22:45.777+00","2025-06-25 18:22:45.777+00","2025-06-25 18:22:45.777+00"
397,"863192057915457",1,"2025-06-25 18:18:48+00","-16.3322766","-71.5803000",3,0,0,0,"2601.5","0.0",7,0,"1.5",7,"0101000020E61000009A779CA223E551C0E0394A14105530C0","{""1"":{},""2"":{},""4"":{},""8"":{}}","2025-06-25 18:22:45.78+00","2025-06-25 18:22:45.781+00","2025-06-25 18:22:45.781+00"
398,"863192057915457",1,"2025-06-25 18:18:53+00","-16.3322766","-71.5803000",4,0,0,0,"2601.5","0.0",7,0,"1.5",7,"0101000020E61000009A779CA223E551C0E0394A14105530C0","{""1"":{},""2"":{},""4"":{},""8"":{}}","2025-06-25 18:22:45.784+00","2025-06-25 18:22:45.785+00","2025-06-25 18:22:45.785+00"
399,"863192057915457",1,"2025-06-25 18:18:58+00","-16.3322766","-71.5803000",5,0,0,0,"2601.5","0.0",10,0,"0.9",7,"0101000020E61000009A779CA223E551C0E0394A14105530C0","{""1"":{},""2"":{},""4"":{},""8"":{}}","2025-06-25 18:22:45.788+00","2025-06-25 18:22:45.788+00","2025-06-25 18:22:45.788+00"
400,"863192057915457",1,"2025-06-25 18:19:03+00","-16.3322766","-71.5803000",6,0,0,0,"2601.5","0.0",10,0,"0.9",7,"0101000020E61000009A779CA223E551C0E0394A14105530C0","{""1"":{},""2"":{},""4"":{},""8"":{}}","2025-06-25 18:22:45.79+00","2025-06-25 18:22:45.791+00","2025-06-25 18:22:45.791+00"
401,"863192057915457",1,"2025-06-25 18:19:08+00","-16.3322766","-71.5803000",7,0,0,0,"2601.5","0.0",11,0,"0.9",7,"0101000020E61000009A779CA223E551C0E0394A14105530C0","{""1"":{},""2"":{},""4"":{},""8"":{}}","2025-06-25 18:22:45.795+00","2025-06-25 18:22:45.795+00","2025-06-25 18:22:45.795+00"
402,"863192057915457",1,"2025-06-25 18:19:13+00","-16.3322766","-71.5803000",8,0,0,0,"2601.5","0.0",11,0,"0.9",7,"0101000020E61000009A779CA223E551C0E0394A14105530C0","{""1"":{},""2"":{},""4"":{},""8"":{}}","2025-06-25 18:22:45.799+00","2025-06-25 18:22:45.799+00","2025-06-25 18:22:45.799+00"
403,"863192057915457",1,"2025-06-25 18:19:18+00","-16.3322766","-71.5803000",9,0,0,0,"2601.5","0.0",11,0,"0.9",7,"0101000020E61000009A779CA223E551C0E0394A14105530C0","{""1"":{},""2"":{},""4"":{},""8"":{}}","2025-06-25 18:22:45.802+00","2025-06-25 18:22:45.803+00","2025-06-25 18:22:45.803+00"
404,"863192057915457",1,"2025-06-25 18:19:23+00","-16.3322766","-71.5803000",10,0,0,0,"2601.5","0.0",11,0,"0.9",7,"0101000020E61000009A779CA223E551C0E0394A14105530C0","{""1"":{},""2"":{},""4"":{},""8"":{}}","2025-06-25 18:22:45.808+00","2025-06-25 18:22:45.808+00","2025-06-25 18:22:45.808+00"
405,"863192057915457",1,"2025-06-25 18:19:28+00","-16.3322766","-71.5803000",11,0,0,0,"2601.5","0.0",11,0,"0.9",7,"0101000020E61000009A779CA223E551C0E0394A14105530C0","{""1"":{},""2"":{},""4"":{},""8"":{}}","2025-06-25 18:22:45.812+00","2025-06-25 18:22:45.812+00","2025-06-25 18:22:45.812+00"
406,"863192057915457",1,"2025-06-25 18:19:33+00","-16.3322916","-71.5803133",12,0,0,0,"2599.5","0.0",11,0,"0.9",7,"0101000020E6100000C43B65DA23E551C04BBCF20F115530C0","{""1"":{},""2"":{},""4"":{},""8"":{}}","2025-06-25 18:22:45.816+00","2025-06-25 18:22:45.816+00","2025-06-25 18:22:45.816+00"
407,"863192057915457",1,"2025-06-25 18:19:38+00","-16.3322950","-71.5803166",13,0,0,0,"2599.3","0.0",11,0,"0.9",7,"0101000020E6100000DC943CE823E551C0D39FFD48115530C0","{""1"":{},""2"":{},""4"":{},""8"":{}}","2025-06-25 18:22:45.82+00","2025-06-25 18:22:45.82+00","2025-06-25 18:22:45.82+00"
408,"863192057915457",1,"2025-06-25 18:19:43+00","-16.3322950","-71.5803166",14,0,0,0,"2599.3","0.0",11,0,"0.9",7,"0101000020E6100000DC943CE823E551C0D39FFD48115530C0","{""1"":{},""2"":{},""4"":{},""8"":{}}","2025-06-25 18:22:45.823+00","2025-06-25 18:22:45.823+00","2025-06-25 18:22:45.823+00"
409,"863192057915457",1,"2025-06-25 18:19:48+00","-16.3322950","-71.5803166",15,0,0,0,"2599.3","0.0",11,0,"0.9",7,"0101000020E6100000DC943CE823E551C0D39FFD48115530C0","{""1"":{},""2"":{},""4"":{},""8"":{}}","2025-06-25 18:22:45.828+00","2025-06-25 18:22:45.828+00","2025-06-25 18:22:45.828+00"
410,"863192057915457",1,"2025-06-25 18:19:53+00","-16.3322950","-71.5803166",16,0,0,0,"2599.3","0.0",11,0,"0.9",7,"0101000020E6100000DC943CE823E551C0D39FFD48115530C0","{""1"":{},""2"":{},""4"":{},""8"":{}}","2025-06-25 18:22:45.83+00","2025-06-25 18:22:45.831+00","2025-06-25 18:22:45.831+00"
411,"863192057915457",1,"2025-06-25 18:19:58+00","-16.3322950","-71.5803166",17,0,0,0,"2599.3","0.0",11,0,"0.9",7,"0101000020E6100000DC943CE823E551C0D39FFD48115530C0","{""1"":{},""2"":{},""4"":{},""8"":{}}","2025-06-25 18:22:45.834+00","2025-06-25 18:22:45.834+00","2025-06-25 18:22:45.834+00"
412,"863192057915457",1,"2025-06-25 18:20:03+00","-16.3322950","-71.5803166",18,0,0,0,"2599.3","0.0",11,0,"0.9",7,"0101000020E6100000DC943CE823E551C0D39FFD48115530C0","{""1"":{},""2"":{},""4"":{},""8"":{}}","2025-06-25 18:22:45.839+00","2025-06-25 18:22:45.839+00","2025-06-25 18:22:45.839+00"
413,"863192057915457",1,"2025-06-25 18:20:08+00","-16.3322950","-71.5803166",19,0,0,0,"2599.3","0.0",11,0,"0.9",7,"0101000020E6100000DC943CE823E551C0D39FFD48115530C0","{""1"":{},""2"":{},""4"":{},""8"":{}}","2025-06-25 18:22:45.842+00","2025-06-25 18:22:45.842+00","2025-06-25 18:22:45.842+00"
414,"863192057915457",1,"2025-06-25 18:20:13+00","-16.3322950","-71.5803166",20,0,0,0,"2599.3","0.0",11,0,"0.9",7,"0101000020E6100000DC943CE823E551C0D39FFD48115530C0","{""1"":{},""2"":{},""4"":{},""8"":{}}","2025-06-25 18:22:45.846+00","2025-06-25 18:22:45.846+00","2025-06-25 18:22:45.846+00"
415,"863192057915457",1,"2025-06-25 18:20:18+00","-16.3322950","-71.5803166",21,0,0,0,"2599.3","0.0",12,0,"0.8",7,"0101000020E6100000DC943CE823E551C0D39FFD48115530C0","{""1"":{},""2"":{},""4"":{},""8"":{}}","2025-06-25 18:22:45.848+00","2025-06-25 18:22:45.849+00","2025-06-25 18:22:45.849+00"
416,"863192057915457",1,"2025-06-25 18:20:23+00","-16.3322950","-71.5803166",22,0,0,0,"2599.3","0.0",12,0,"0.8",7,"0101000020E6100000DC943CE823E551C0D39FFD48115530C0","{""1"":{},""2"":{},""4"":{},""8"":{}}","2025-06-25 18:22:45.852+00","2025-06-25 18:22:45.852+00","2025-06-25 18:22:45.852+00"
417,"863192057915457",1,"2025-06-25 18:20:28+00","-16.3323133","-71.5803150",23,0,0,0,"2598.2","0.0",12,0,"0.8",7,"0101000020E6100000359886E123E551C09D86037C125530C0","{""1"":{},""2"":{},""4"":{},""8"":{}}","2025-06-25 18:22:45.856+00","2025-06-25 18:22:45.856+00","2025-06-25 18:22:45.856+00"
418,"863192057915457",1,"2025-06-25 18:20:33+00","-16.3323283","-71.5803366",24,0,0,0,"2596.6","0.0",12,0,"0.8",7,"0101000020E6100000FF6A1F3C24E551C00809AC77135530C0","{""1"":{},""2"":{},""4"":{},""8"":{}}","2025-06-25 18:22:45.859+00","2025-06-25 18:22:45.859+00","2025-06-25 18:22:45.859+00"
419,"863192057915457",1,"2025-06-25 18:20:38+00","-16.3323466","-71.5803166",25,0,0,0,"2596.9","125.7",12,7,"0.8",7,"0101000020E6100000DC943CE823E551C0D2EFB1AA145530C0","{""1"":{},""2"":{},""4"":{},""8"":{}}","2025-06-25 18:22:45.862+00","2025-06-25 18:22:45.862+00","2025-06-25 18:22:45.862+00"
420,"863192057915457",1,"2025-06-25 18:20:40+00","-16.3323933","-71.5802850",26,0,0,0,"2597.1","149.7",12,13,"0.8",9,"0101000020E61000000057B26323E551C0D6E830BA175530C0","{""1"":{},""2"":{},""4"":{},""8"":{}}","2025-06-25 18:22:45.865+00","2025-06-25 18:22:45.865+00","2025-06-25 18:22:45.865+00"
421,"863192057915457",1,"2025-06-25 18:20:42+00","-16.3324533","-71.5802366",27,0,0,0,"2597.1","132.8",12,14,"0.8",9,"0101000020E61000004E3CB19822E551C081F2D2A81B5530C0","{""1"":{},""2"":{},""4"":{},""8"":{}}","2025-06-25 18:22:45.868+00","2025-06-25 18:22:45.868+00","2025-06-25 18:22:45.868+00"
422,"863192057915457",1,"2025-06-25 18:20:46+00","-16.3325383","-71.5801566",28,0,0,0,"2596.2","160.5",12,10,"0.8",8,"0101000020E6100000BFE3254921E551C0DD2AE33A215530C0","{""1"":{},""2"":{},""4"":{},""8"":{}}","2025-06-25 18:22:45.871+00","2025-06-25 18:22:45.871+00","2025-06-25 18:22:45.871+00"
423,"863192057915457",1,"2025-06-25 18:20:47+00","-16.3325683","-71.5801550",29,0,0,0,"2596.1","180.0",12,11,"0.8",9,"0101000020E610000019E76F4221E551C0B22F3432235530C0","{""1"":{},""2"":{},""4"":{},""8"":{}}","2025-06-25 18:22:45.874+00","2025-06-25 18:22:45.874+00","2025-06-25 18:22:45.874+00"
424,"863192057915457",1,"2025-06-25 18:20:48+00","-16.3325950","-71.5801683",0,0,0,0,"2596.3","211.6",12,12,"0.8",9,"0101000020E610000042AB387A21E551C029D027F2245530C0","{""1"":{},""2"":{},""4"":{},""8"":{}}","2025-06-25 18:22:49.03+00","2025-06-25 18:22:49.03+00","2025-06-25 18:22:49.03+00"
425,"863192057915457",1,"2025-06-25 18:20:50+00","-16.3326616","-71.5802266",1,0,0,0,"2595.2","221.4",12,19,"0.8",9,"0101000020E61000003CD1BF6E22E551C092A2844F295530C0","{""1"":{},""2"":{},""4"":{},""8"":{}}","2025-06-25 18:22:49.035+00","2025-06-25 18:22:49.035+00","2025-06-25 18:22:49.035+00"
426,"863192057915457",1,"2025-06-25 18:20:52+00","-16.3327466","-71.5803000",2,0,0,0,"2593.7","221.2",12,23,"0.8",8,"0101000020E61000009A779CA223E551C0EEDA94E12E5530C0","{""1"":{},""2"":{},""4"":{},""8"":{}}","2025-06-25 18:22:49.047+00","2025-06-25 18:22:49.047+00","2025-06-25 18:22:49.047+00"
427,"863192057915457",1,"2025-06-25 18:20:54+00","-16.3328366","-71.5803900",3,0,0,0,"2592.7","222.9",12,26,"0.8",8,"0101000020E61000003A3B191C25E551C06EE987C7345530C0","{""1"":{},""2"":{},""4"":{},""8"":{}}","2025-06-25 18:22:49.05+00","2025-06-25 18:22:49.05+00","2025-06-25 18:22:49.05+00"
428,"863192057915457",1,"2025-06-25 18:20:56+00","-16.3329400","-71.5804816",4,0,0,0,"2590.7","223.2",12,28,"0.8",8,"0101000020E610000081FB4B9C26E551C0BE874B8E3B5530C0","{""1"":{},""2"":{},""4"":{},""8"":{}}","2025-06-25 18:22:49.053+00","2025-06-25 18:22:49.053+00","2025-06-25 18:22:49.053+00"
429,"863192057915457",1,"2025-06-25 18:20:58+00","-16.3330350","-71.5805766",5,0,0,0,"2589.6","222.6",12,24,"0.8",8,"0101000020E6100000AA74C12A28E551C0616C21C8415530C0","{""1"":{},""2"":{},""4"":{},""8"":{}}","2025-06-25 18:22:49.056+00","2025-06-25 18:22:49.056+00","2025-06-25 18:22:49.056+00"
430,"863192057915457",1,"2025-06-25 18:21:01+00","-16.3331250","-71.5806550",6,0,0,0,"2588.9","219.2",12,12,"0.8",8,"0101000020E610000091D0967329E551C0E17A14AE475530C0","{""1"":{},""2"":{},""4"":{},""8"":{}}","2025-06-25 18:22:49.061+00","2025-06-25 18:22:49.061+00","2025-06-25 18:22:49.061+00"
431,"863192057915457",1,"2025-06-25 18:21:04+00","-16.3332083","-71.5807366",7,0,0,0,"2586.3","225.6",12,17,"0.8",8,"0101000020E6100000C625D8C92AE551C079419F234D5530C0","{""1"":{},""2"":{},""4"":{},""8"":{}}","2025-06-25 18:22:49.064+00","2025-06-25 18:22:49.064+00","2025-06-25 18:22:49.064+00"
432,"863192057915457",1,"2025-06-25 18:21:07+00","-16.3332933","-71.5808316",8,0,0,0,"2584.6","226.3",12,16,"0.8",8,"0101000020E6100000EF9E4D582CE551C0D679AFB5525530C0","{""1"":{},""2"":{},""4"":{},""8"":{}}","2025-06-25 18:22:49.067+00","2025-06-25 18:22:49.067+00","2025-06-25 18:22:49.067+00"
433,"863192057915457",1,"2025-06-25 18:21:10+00","-16.3333950","-71.5809216",9,0,0,0,"2583.1","219.9",13,18,"0.7",8,"0101000020E61000008F62CAD12DE551C061A6ED5F595530C0","{""1"":{},""2"":{},""4"":{},""8"":{}}","2025-06-25 18:22:49.07+00","2025-06-25 18:22:49.07+00","2025-06-25 18:22:49.07+00"
434,"863192057915457",1,"2025-06-25 18:21:12+00","-16.3334716","-71.5809833",10,0,0,0,"2581.0","218.6",13,19,"0.7",8,"0101000020E61000006B4194D42EE551C0112510655E5530C0","{""1"":{},""2"":{},""4"":{},""8"":{}}","2025-06-25 18:22:49.074+00","2025-06-25 18:22:49.074+00","2025-06-25 18:22:49.074+00"
435,"863192057915457",1,"2025-06-25 18:21:14+00","-16.3335483","-71.5810500",11,0,0,0,"2579.7","220.4",13,19,"0.7",8,"0101000020E6100000D0D556EC2FE551C0EB22E06B635530C0","{""1"":{},""2"":{},""4"":{},""8"":{}}","2025-06-25 18:22:49.076+00","2025-06-25 18:22:49.076+00","2025-06-25 18:22:49.076+00"
436,"863192057915457",1,"2025-06-25 18:21:16+00","-16.3336250","-71.5811233",12,0,0,0,"2578.4","221.6",13,20,"0.7",8,"0101000020E6100000641CC81F31E551C0C520B072685530C0","{""1"":{},""2"":{},""4"":{},""8"":{}}","2025-06-25 18:22:49.079+00","2025-06-25 18:22:49.079+00","2025-06-25 18:22:49.079+00"
437,"863192057915457",1,"2025-06-25 18:21:18+00","-16.3336966","-71.5811950",13,0,0,0,"2577.6","223.8",13,20,"0.7",8,"0101000020E61000005166834C32E551C051C9EF236D5530C0","{""1"":{},""2"":{},""4"":{},""8"":{}}","2025-06-25 18:22:49.082+00","2025-06-25 18:22:49.082+00","2025-06-25 18:22:49.082+00"
438,"863192057915457",1,"2025-06-25 18:21:20+00","-16.3337700","-71.5812633",14,0,0,0,"2576.9","221.7",13,19,"0.7",8,"0101000020E61000005DF7FB6A33E551C0CC6262F3715530C0","{""1"":{},""2"":{},""4"":{},""8"":{}}","2025-06-25 18:22:49.085+00","2025-06-25 18:22:49.085+00","2025-06-25 18:22:49.085+00"
439,"863192057915457",1,"2025-06-25 18:21:22+00","-16.3338400","-71.5813300",15,0,0,0,"2576.3","224.3",13,19,"0.7",8,"0101000020E6100000C18BBE8234E551C0BD18CA89765530C0","{""1"":{},""2"":{},""4"":{},""8"":{}}","2025-06-25 18:22:49.088+00","2025-06-25 18:22:49.088+00","2025-06-25 18:22:49.088+00"
440,"863192057915457",1,"2025-06-25 18:21:25+00","-16.3339300","-71.5814216",16,0,0,0,"2575.1","224.8",13,15,"0.7",8,"0101000020E6100000084CF10236E551C03D27BD6F7C5530C0","{""1"":{},""2"":{},""4"":{},""8"":{}}","2025-06-25 18:22:49.091+00","2025-06-25 18:22:49.091+00","2025-06-25 18:22:49.091+00"
441,"863192057915457",1,"2025-06-25 18:21:28+00","-16.3339966","-71.5815016",17,0,0,0,"2573.9","229.3",13,8,"0.7",8,"0101000020E610000096A47C5237E551C0A6F919CD805530C0","{""1"":{},""2"":{},""4"":{},""8"":{}}","2025-06-25 18:22:49.094+00","2025-06-25 18:22:49.095+00","2025-06-25 18:22:49.095+00"
442,"863192057915457",1,"2025-06-25 18:21:33+00","-16.3340300","-71.5815500",18,0,0,0,"2574.3","224.8",13,14,"0.7",7,"0101000020E610000048BF7D1D38E551C004E275FD825530C0","{""1"":{},""2"":{},""4"":{},""8"":{}}","2025-06-25 18:22:49.099+00","2025-06-25 18:22:49.099+00","2025-06-25 18:22:49.099+00"
443,"863192057915457",1,"2025-06-25 18:21:35+00","-16.3340916","-71.5816216",19,0,0,0,"2574.2","223.5",13,22,"0.7",8,"0101000020E61000006CA9CD4939E551C04ADEEF06875530C0","{""1"":{},""2"":{},""4"":{},""8"":{}}","2025-06-25 18:22:49.104+00","2025-06-25 18:22:49.104+00","2025-06-25 18:22:49.104+00"
444,"863192057915457",1,"2025-06-25 18:21:37+00","-16.3341833","-71.5817100",20,0,0,0,"2573.8","223.4",13,25,"0.7",8,"0101000020E6100000657094BC3AE551C08E5E68098D5530C0","{""1"":{},""2"":{},""4"":{},""8"":{}}","2025-06-25 18:22:49.107+00","2025-06-25 18:22:49.107+00","2025-06-25 18:22:49.107+00"
445,"863192057915457",1,"2025-06-25 18:21:39+00","-16.3342816","-71.5818016",21,0,0,0,"2572.9","220.6",13,28,"0.7",8,"0101000020E6100000AC30C73C3CE551C091A79B7A935530C0","{""1"":{},""2"":{},""4"":{},""8"":{}}","2025-06-25 18:22:49.11+00","2025-06-25 18:22:49.11+00","2025-06-25 18:22:49.11+00"
446,"863192057915457",1,"2025-06-25 18:21:41+00","-16.3343950","-71.5819100",22,0,0,0,"2571.9","222.9",13,31,"0.7",8,"0101000020E6100000C8CD70033EE551C028F224E99A5530C0","{""1"":{},""2"":{},""4"":{},""8"":{}}","2025-06-25 18:22:49.114+00","2025-06-25 18:22:49.114+00","2025-06-25 18:22:49.114+00"
447,"863192057915457",1,"2025-06-25 18:21:43+00","-16.3344966","-71.5820133",23,0,0,0,"2571.1","224.6",13,25,"0.7",8,"0101000020E61000009255B6B43FE551C08A9FB591A15530C0","{""1"":{},""2"":{},""4"":{},""8"":{}}","2025-06-25 18:22:49.118+00","2025-06-25 18:22:49.118+00","2025-06-25 18:22:49.118+00"
448,"863192057915457",1,"2025-06-25 18:21:45+00","-16.3345750","-71.5820900",24,0,0,0,"2570.5","222.3",13,17,"0.7",8,"0101000020E610000008556AF640E551C0280F0BB5A65530C0","{""1"":{},""2"":{},""4"":{},""8"":{}}","2025-06-25 18:22:49.122+00","2025-06-25 18:22:49.122+00","2025-06-25 18:22:49.122+00"
449,"863192057915457",1,"2025-06-25 18:21:47+00","-16.3346383","-71.5821350",25,0,0,0,"2568.6","203.1",14,13,"0.6",9,"0101000020E6100000D8B628B341E551C0327D0ADBAA5530C0","{""1"":{},""2"":{},""4"":{},""8"":{}}","2025-06-25 18:22:49.126+00","2025-06-25 18:22:49.126+00","2025-06-25 18:22:49.126+00"
450,"863192057915457",1,"2025-06-25 18:21:48+00","-16.3346733","-71.5821366",26,0,0,0,"2568.5","173.3",14,13,"0.6",9,"0101000020E61000007FB3DEB941E551C02A583E26AD5530C0","{""1"":{},""2"":{},""4"":{},""8"":{}}","2025-06-25 18:22:49.13+00","2025-06-25 18:22:49.13+00","2025-06-25 18:22:49.13+00"
451,"863192057915457",1,"2025-06-25 18:21:49+00","-16.3347166","-71.5821233",27,0,0,0,"2569.5","152.1",14,16,"0.6",9,"0101000020E610000056EF158241E551C0A66DB2FCAF5530C0","{""1"":{},""2"":{},""4"":{},""8"":{}}","2025-06-25 18:22:49.133+00","2025-06-25 18:22:49.133+00","2025-06-25 18:22:49.133+00"
452,"863192057915457",1,"2025-06-25 18:21:50+00","-16.3347566","-71.5820966",28,0,0,0,"2569.3","140.9",14,20,"0.6",9,"0101000020E61000003807191241E551C0C21EC99BB25530C0","{""1"":{},""2"":{},""4"":{},""8"":{}}","2025-06-25 18:22:49.141+00","2025-06-25 18:22:49.141+00","2025-06-25 18:22:49.141+00"
453,"863192057915457",1,"2025-06-25 18:21:52+00","-16.3348333","-71.5820250",29,0,0,0,"2567.8","132.5",14,21,"0.6",8,"0101000020E6100000151DC9E53FE551C09C1C99A2B75530C0","{""1"":{},""2"":{},""4"":{},""8"":{}}","2025-06-25 18:22:49.144+00","2025-06-25 18:22:49.144+00","2025-06-25 18:22:49.144+00"
454,"863192057915457",1,"2025-06-25 18:21:54+00","-16.3348983","-71.5819483",0,0,0,0,"2567.4","129.6",14,16,"0.6",8,"0101000020E61000009E1D15A43EE551C06AFC1DE5BB5530C0","{""1"":{},""2"":{},""4"":{},""8"":{}}","2025-06-25 18:22:50.139+00","2025-06-25 18:22:50.139+00","2025-06-25 18:22:50.139+00"
455,"863192057915457",1,"2025-06-25 18:21:56+00","-16.3349433","-71.5819033",1,0,0,0,"2567.1","139.3",14,11,"0.7",9,"0101000020E6100000CEBB56E73DE551C0AA8317D8BE5530C0","{""1"":{},""2"":{},""4"":{},""8"":{}}","2025-06-25 18:22:50.144+00","2025-06-25 18:22:50.144+00","2025-06-25 18:22:50.144+00"
456,"863192057915457",1,"2025-06-25 18:21:57+00","-16.3349616","-71.5818833",2,0,0,0,"2566.1","128.2",14,11,"0.6",9,"0101000020E6100000ABE573933DE551C0746A1D0BC05530C0","{""1"":{},""2"":{},""4"":{},""8"":{}}","2025-06-25 18:22:50.147+00","2025-06-25 18:22:50.147+00","2025-06-25 18:22:50.147+00"
457,"863192057915457",1,"2025-06-25 18:21:58+00","-16.3349883","-71.5818650",3,0,0,0,"2565.9","152.1",14,13,"0.6",9,"0101000020E6100000F86BB2463DE551C0EA0A11CBC15530C0","{""1"":{},""2"":{},""4"":{},""8"":{}}","2025-06-25 18:22:50.149+00","2025-06-25 18:22:50.149+00","2025-06-25 18:22:50.149+00"
458,"863192057915457",1,"2025-06-25 18:21:59+00","-16.3350216","-71.5818600",4,0,0,0,"2565.4","174.2",14,12,"0.6",9,"0101000020E610000070B6B9313DE551C01F74BFF9C35530C0","{""1"":{},""2"":{},""4"":{},""8"":{}}","2025-06-25 18:22:50.152+00","2025-06-25 18:22:50.152+00","2025-06-25 18:22:50.152+00"
459,"863192057915457",1,"2025-06-25 18:22:00+00","-16.3350566","-71.5818716",5,0,0,0,"2564.9","202.8",14,15,"0.6",9,"0101000020E6100000281E61623DE551C0184FF344C65530C0","{""1"":{},""2"":{},""4"":{},""8"":{}}","2025-06-25 18:22:50.16+00","2025-06-25 18:22:50.16+00","2025-06-25 18:22:50.16+00"
460,"863192057915457",1,"2025-06-25 18:22:01+00","-16.3350900","-71.5818916",6,0,0,0,"2564.7","212.1",14,15,"0.6",9,"0101000020E61000004CF443B63DE551C076374F75C85530C0","{""1"":{},""2"":{},""4"":{},""8"":{}}","2025-06-25 18:22:50.165+00","2025-06-25 18:22:50.165+00","2025-06-25 18:22:50.165+00"
461,"863192057915457",1,"2025-06-25 18:22:04+00","-16.3351766","-71.5819466",7,0,0,0,"2563.6","212.9",14,10,"0.6",8,"0101000020E61000002DC1F39C3EE551C06D623722CE5530C0","{""1"":{},""2"":{},""4"":{},""8"":{}}","2025-06-25 18:22:50.169+00","2025-06-25 18:22:50.169+00","2025-06-25 18:22:50.169+00"
462,"863192057915457",1,"2025-06-25 18:22:09+00","-16.3352216","-71.5819783",8,0,0,0,"2561.1","220.1",14,0,"0.6",7,"0101000020E6100000D45EE9213FE551C0ADE93015D15530C0","{""1"":{},""2"":{},""4"":{},""8"":{}}","2025-06-25 18:22:50.173+00","2025-06-25 18:22:50.173+00","2025-06-25 18:22:50.173+00"
463,"863192057915457",1,"2025-06-25 18:22:14+00","-16.3352266","-71.5819800",9,0,0,0,"2562.0","220.1",14,0,"0.6",7,"0101000020E610000045BB0A293FE551C0D0BF1369D15530C0","{""1"":{},""2"":{},""4"":{},""8"":{}}","2025-06-25 18:22:50.176+00","2025-06-25 18:22:50.176+00","2025-06-25 18:22:50.176+00"
464,"863192057915457",1,"2025-06-25 18:23:40+00","-16.3351916","-71.5827266",0,0,0,0,"2375.1","0.0",5,0,"1.4",7,"0101000020E6100000986082644BE551C0D8E4DF1DCF5530C0","{""1"":{},""2"":{},""4"":{},""8"":{}}","2025-06-25 18:23:46.953+00","2025-06-25 18:23:46.953+00","2025-06-25 18:23:46.953+00"
465,"863192057915457",1,"2025-06-25 18:23:45+00","-16.3351916","-71.5827266",1,0,0,0,"2375.1","0.0",5,0,"1.4",7,"0101000020E6100000986082644BE551C0D8E4DF1DCF5530C0","{""1"":{},""2"":{},""4"":{},""8"":{}}","2025-06-25 18:23:46.982+00","2025-06-25 18:23:46.982+00","2025-06-25 18:23:46.982+00"
466,"863192057915457",1,"2025-06-25 18:23:40+00","-16.3351916","-71.5827266",0,0,0,0,"2375.1","0.0",5,0,"1.4",7,"0101000020E6100000986082644BE551C0D8E4DF1DCF5530C0","{""1"":{},""2"":{},""4"":{},""8"":{}}","2025-06-25 18:25:49.12+00","2025-06-25 18:25:49.12+00","2025-06-25 18:25:49.12+00"
467,"863192057915457",1,"2025-06-25 18:23:45+00","-16.3351916","-71.5827266",1,0,0,0,"2375.1","0.0",5,0,"1.4",7,"0101000020E6100000986082644BE551C0D8E4DF1DCF5530C0","{""1"":{},""2"":{},""4"":{},""8"":{}}","2025-06-25 18:25:49.154+00","2025-06-25 18:25:49.154+00","2025-06-25 18:25:49.154+00"
468,"863192057915457",1,"2025-06-25 18:23:48+00","-16.3352183","-71.5828216",2,0,0,0,"2375.1","0.0",5,0,"1.4",8,"0101000020E6100000C1D9F7F24CE551C04E85D3DDD05530C0","{""1"":{},""2"":{},""4"":{},""8"":{}}","2025-06-25 18:25:49.157+00","2025-06-25 18:25:49.157+00","2025-06-25 18:25:49.157+00"
469,"863192057915457",1,"2025-06-25 18:23:53+00","-16.3352183","-71.5828216",3,0,0,0,"2357.3","0.0",5,0,"1.4",7,"0101000020E6100000C1D9F7F24CE551C04E85D3DDD05530C0","{""1"":{},""2"":{},""4"":{},""8"":{}}","2025-06-25 18:25:49.16+00","2025-06-25 18:25:49.16+00","2025-06-25 18:25:49.16+00"
470,"863192057915457",1,"2025-06-25 18:23:54+00","-16.3352483","-71.5826316",4,0,0,0,"2398.9","0.0",6,0,"1.3",8,"0101000020E61000006FE70CD649E551C0238A24D5D25530C0","{""1"":{},""2"":{},""4"":{},""8"":{}}","2025-06-25 18:25:49.163+00","2025-06-25 18:25:49.163+00","2025-06-25 18:25:49.163+00"
471,"863192057915457",1,"2025-06-25 18:23:55+00","-16.3352850","-71.5823683",5,0,0,0,"2476.1","0.0",6,0,"1.3",8,"0101000020E610000089AEB08545E551C0E0D6DD3CD55530C0","{""1"":{},""2"":{},""4"":{},""8"":{}}","2025-06-25 18:25:49.166+00","2025-06-25 18:25:49.166+00","2025-06-25 18:25:49.166+00"
472,"863192057915457",1,"2025-06-25 18:23:56+00","-16.3352983","-71.5822750",6,0,0,0,"2499.9","0.0",6,0,"1.3",8,"0101000020E6100000D1915CFE43E551C087E7001CD65530C0","{""1"":{},""2"":{},""4"":{},""8"":{}}","2025-06-25 18:25:49.169+00","2025-06-25 18:25:49.169+00","2025-06-25 18:25:49.169+00"
473,"863192057915457",1,"2025-06-25 18:24:01+00","-16.3353066","-71.5821983",7,0,0,0,"2519.6","0.0",7,0,"1.1",7,"0101000020E61000005B92A8BC42E551C0092241A7D65530C0","{""1"":{},""2"":{},""4"":{},""8"":{}}","2025-06-25 18:25:49.174+00","2025-06-25 18:25:49.174+00","2025-06-25 18:25:49.174+00"
474,"863192057915457",1,"2025-06-25 18:24:06+00","-16.3352983","-71.5821333",8,0,0,0,"2539.2","0.0",7,0,"1.1",7,"0101000020E6100000675A07AC41E551C087E7001CD65530C0","{""1"":{},""2"":{},""4"":{},""8"":{}}","2025-06-25 18:25:49.179+00","2025-06-25 18:25:49.179+00","2025-06-25 18:25:49.179+00"
475,"863192057915457",1,"2025-06-25 18:24:11+00","-16.3352750","-71.5820683",9,0,0,0,"2558.9","0.0",10,0,"1.0",7,"0101000020E61000007422669B40E551C0992A1895D45530C0","{""1"":{},""2"":{},""4"":{},""8"":{}}","2025-06-25 18:25:49.182+00","2025-06-25 18:25:49.182+00","2025-06-25 18:25:49.182+00"
476,"863192057915457",1,"2025-06-25 18:24:16+00","-16.3352750","-71.5820683",10,0,0,0,"2558.9","0.0",10,0,"1.0",7,"0101000020E61000007422669B40E551C0992A1895D45530C0","{""1"":{},""2"":{},""4"":{},""8"":{}}","2025-06-25 18:25:49.187+00","2025-06-25 18:25:49.187+00","2025-06-25 18:25:49.187+00"
477,"863192057915457",1,"2025-06-25 18:24:21+00","-16.3352750","-71.5820683",11,0,0,0,"2558.9","0.0",10,0,"1.0",7,"0101000020E61000007422669B40E551C0992A1895D45530C0","{""1"":{},""2"":{},""4"":{},""8"":{}}","2025-06-25 18:25:49.191+00","2025-06-25 18:25:49.191+00","2025-06-25 18:25:49.191+00"
478,"863192057915457",1,"2025-06-25 18:24:26+00","-16.3352416","-71.5820133",12,0,0,0,"2577.9","0.0",10,0,"1.0",7,"0101000020E61000009255B6B43FE551C03B42BC64D25530C0","{""1"":{},""2"":{},""4"":{},""8"":{}}","2025-06-25 18:25:49.194+00","2025-06-25 18:25:49.195+00","2025-06-25 18:25:49.195+00"
479,"863192057915457",1,"2025-06-25 18:24:31+00","-16.3352416","-71.5820133",13,0,0,0,"2577.9","0.0",10,0,"1.0",7,"0101000020E61000009255B6B43FE551C03B42BC64D25530C0","{""1"":{},""2"":{},""4"":{},""8"":{}}","2025-06-25 18:25:49.199+00","2025-06-25 18:25:49.199+00","2025-06-25 18:25:49.199+00"
480,"863192057915457",1,"2025-06-25 18:24:36+00","-16.3352416","-71.5820133",14,0,0,0,"2577.9","0.0",11,0,"0.8",7,"0101000020E61000009255B6B43FE551C03B42BC64D25530C0","{""1"":{},""2"":{},""4"":{},""8"":{}}","2025-06-25 18:25:49.203+00","2025-06-25 18:25:49.203+00","2025-06-25 18:25:49.203+00"
481,"863192057915457",1,"2025-06-25 18:24:41+00","-16.3352416","-71.5820133",15,0,0,0,"2577.9","0.0",11,0,"0.8",7,"0101000020E61000009255B6B43FE551C03B42BC64D25530C0","{""1"":{},""2"":{},""4"":{},""8"":{}}","2025-06-25 18:25:49.207+00","2025-06-25 18:25:49.207+00","2025-06-25 18:25:49.207+00"
482,"863192057915457",1,"2025-06-25 18:24:46+00","-16.3352416","-71.5820133",16,0,0,0,"2577.9","0.0",11,0,"0.8",7,"0101000020E61000009255B6B43FE551C03B42BC64D25530C0","{""1"":{},""2"":{},""4"":{},""8"":{}}","2025-06-25 18:25:49.211+00","2025-06-25 18:25:49.211+00","2025-06-25 18:25:49.211+00"
483,"863192057915457",1,"2025-06-25 18:24:51+00","-16.3352416","-71.5820133",17,0,0,0,"2577.9","0.0",12,0,"0.8",7,"0101000020E61000009255B6B43FE551C03B42BC64D25530C0","{""1"":{},""2"":{},""4"":{},""8"":{}}","2025-06-25 18:25:49.215+00","2025-06-25 18:25:49.215+00","2025-06-25 18:25:49.215+00"
484,"863192057915457",1,"2025-06-25 18:24:56+00","-16.3352416","-71.5820133",18,0,0,0,"2577.9","0.0",12,0,"0.8",7,"0101000020E61000009255B6B43FE551C03B42BC64D25530C0","{""1"":{},""2"":{},""4"":{},""8"":{}}","2025-06-25 18:25:49.219+00","2025-06-25 18:25:49.219+00","2025-06-25 18:25:49.219+00"
485,"863192057915457",1,"2025-06-25 18:25:01+00","-16.3352416","-71.5820133",19,0,0,0,"2577.9","0.0",12,0,"0.8",7,"0101000020E61000009255B6B43FE551C03B42BC64D25530C0","{""1"":{},""2"":{},""4"":{},""8"":{}}","2025-06-25 18:25:49.224+00","2025-06-25 18:25:49.224+00","2025-06-25 18:25:49.224+00"
486,"863192057915457",1,"2025-06-25 18:25:06+00","-16.3352416","-71.5820133",20,0,0,0,"2577.9","0.0",12,0,"0.8",7,"0101000020E61000009255B6B43FE551C03B42BC64D25530C0","{""1"":{},""2"":{},""4"":{},""8"":{}}","2025-06-25 18:25:49.228+00","2025-06-25 18:25:49.228+00","2025-06-25 18:25:49.228+00"
487,"863192057915457",1,"2025-06-25 18:25:11+00","-16.3352416","-71.5820133",21,0,0,0,"2577.9","0.0",12,0,"0.8",7,"0101000020E61000009255B6B43FE551C03B42BC64D25530C0","{""1"":{},""2"":{},""4"":{},""8"":{}}","2025-06-25 18:25:49.231+00","2025-06-25 18:25:49.232+00","2025-06-25 18:25:49.232+00"
488,"863192057915457",1,"2025-06-25 18:25:16+00","-16.3352416","-71.5820133",22,0,0,0,"2577.9","0.0",12,0,"0.8",7,"0101000020E61000009255B6B43FE551C03B42BC64D25530C0","{""1"":{},""2"":{},""4"":{},""8"":{}}","2025-06-25 18:25:49.235+00","2025-06-25 18:25:49.236+00","2025-06-25 18:25:49.236+00"
489,"863192057915457",1,"2025-06-25 18:25:21+00","-16.3352416","-71.5820133",23,0,0,0,"2577.9","0.0",12,0,"0.8",7,"0101000020E61000009255B6B43FE551C03B42BC64D25530C0","{""1"":{},""2"":{},""4"":{},""8"":{}}","2025-06-25 18:25:49.238+00","2025-06-25 18:25:49.238+00","2025-06-25 18:25:49.238+00"
490,"863192057915457",1,"2025-06-25 18:25:26+00","-16.3352416","-71.5820133",24,0,0,0,"2577.9","0.0",12,0,"0.8",7,"0101000020E61000009255B6B43FE551C03B42BC64D25530C0","{""1"":{},""2"":{},""4"":{},""8"":{}}","2025-06-25 18:25:49.242+00","2025-06-25 18:25:49.242+00","2025-06-25 18:25:49.242+00"
491,"863192057915457",1,"2025-06-25 18:25:31+00","-16.3352416","-71.5820133",25,0,0,0,"2577.9","0.0",13,0,"0.7",7,"0101000020E61000009255B6B43FE551C03B42BC64D25530C0","{""1"":{},""2"":{},""4"":{},""8"":{}}","2025-06-25 18:25:49.245+00","2025-06-25 18:25:49.246+00","2025-06-25 18:25:49.246+00"
492,"863192057915457",1,"2025-06-25 18:25:36+00","-16.3352416","-71.5820133",26,0,0,0,"2577.9","0.0",13,0,"0.7",7,"0101000020E61000009255B6B43FE551C03B42BC64D25530C0","{""1"":{},""2"":{},""4"":{},""8"":{}}","2025-06-25 18:25:49.248+00","2025-06-25 18:25:49.248+00","2025-06-25 18:25:49.248+00"
493,"863192057915457",1,"2025-06-25 18:25:41+00","-16.3352416","-71.5820133",27,0,0,0,"2577.9","0.0",14,0,"0.7",7,"0101000020E61000009255B6B43FE551C03B42BC64D25530C0","{""1"":{},""2"":{},""4"":{},""8"":{}}","2025-06-25 18:25:49.251+00","2025-06-25 18:25:49.251+00","2025-06-25 18:25:49.251+00"
494,"863192057915457",1,"2025-06-25 18:25:46+00","-16.3352416","-71.5820133",28,0,0,0,"2577.9","0.0",14,0,"0.7",7,"0101000020E61000009255B6B43FE551C03B42BC64D25530C0","{""1"":{},""2"":{},""4"":{},""8"":{}}","2025-06-25 18:25:49.254+00","2025-06-25 18:25:49.254+00","2025-06-25 18:25:49.254+00"
495,"863192057915457",1,"2025-06-25 18:23:40+00","-16.3351916","-71.5827266",0,0,0,0,"2375.1","0.0",5,0,"1.4",7,"0101000020E6100000986082644BE551C0D8E4DF1DCF5530C0","{""1"":{},""2"":{},""4"":{},""8"":{}}","2025-06-25 18:27:51.338+00","2025-06-25 18:27:51.338+00","2025-06-25 18:27:51.338+00"
496,"863192057915457",1,"2025-06-25 18:23:45+00","-16.3351916","-71.5827266",1,0,0,0,"2375.1","0.0",5,0,"1.4",7,"0101000020E6100000986082644BE551C0D8E4DF1DCF5530C0","{""1"":{},""2"":{},""4"":{},""8"":{}}","2025-06-25 18:27:51.373+00","2025-06-25 18:27:51.373+00","2025-06-25 18:27:51.373+00"
497,"863192057915457",1,"2025-06-25 18:23:48+00","-16.3352183","-71.5828216",2,0,0,0,"2375.1","0.0",5,0,"1.4",8,"0101000020E6100000C1D9F7F24CE551C04E85D3DDD05530C0","{""1"":{},""2"":{},""4"":{},""8"":{}}","2025-06-25 18:27:51.376+00","2025-06-25 18:27:51.376+00","2025-06-25 18:27:51.376+00"
498,"863192057915457",1,"2025-06-25 18:23:53+00","-16.3352183","-71.5828216",3,0,0,0,"2357.3","0.0",5,0,"1.4",7,"0101000020E6100000C1D9F7F24CE551C04E85D3DDD05530C0","{""1"":{},""2"":{},""4"":{},""8"":{}}","2025-06-25 18:27:51.378+00","2025-06-25 18:27:51.378+00","2025-06-25 18:27:51.378+00"
499,"863192057915457",1,"2025-06-25 18:23:54+00","-16.3352483","-71.5826316",4,0,0,0,"2398.9","0.0",6,0,"1.3",8,"0101000020E61000006FE70CD649E551C0238A24D5D25530C0","{""1"":{},""2"":{},""4"":{},""8"":{}}","2025-06-25 18:27:51.381+00","2025-06-25 18:27:51.382+00","2025-06-25 18:27:51.382+00"
500,"863192057915457",1,"2025-06-25 18:23:55+00","-16.3352850","-71.5823683",5,0,0,0,"2476.1","0.0",6,0,"1.3",8,"0101000020E610000089AEB08545E551C0E0D6DD3CD55530C0","{""1"":{},""2"":{},""4"":{},""8"":{}}","2025-06-25 18:27:51.384+00","2025-06-25 18:27:51.384+00","2025-06-25 18:27:51.384+00"
501,"863192057915457",1,"2025-06-25 18:23:56+00","-16.3352983","-71.5822750",6,0,0,0,"2499.9","0.0",6,0,"1.3",8,"0101000020E6100000D1915CFE43E551C087E7001CD65530C0","{""1"":{},""2"":{},""4"":{},""8"":{}}","2025-06-25 18:27:51.387+00","2025-06-25 18:27:51.387+00","2025-06-25 18:27:51.387+00"
502,"863192057915457",1,"2025-06-25 18:24:01+00","-16.3353066","-71.5821983",7,0,0,0,"2519.6","0.0",7,0,"1.1",7,"0101000020E61000005B92A8BC42E551C0092241A7D65530C0","{""1"":{},""2"":{},""4"":{},""8"":{}}","2025-06-25 18:27:51.39+00","2025-06-25 18:27:51.39+00","2025-06-25 18:27:51.39+00"
503,"863192057915457",1,"2025-06-25 18:24:06+00","-16.3352983","-71.5821333",8,0,0,0,"2539.2","0.0",7,0,"1.1",7,"0101000020E6100000675A07AC41E551C087E7001CD65530C0","{""1"":{},""2"":{},""4"":{},""8"":{}}","2025-06-25 18:27:51.394+00","2025-06-25 18:27:51.394+00","2025-06-25 18:27:51.394+00"
504,"863192057915457",1,"2025-06-25 18:24:11+00","-16.3352750","-71.5820683",9,0,0,0,"2558.9","0.0",10,0,"1.0",7,"0101000020E61000007422669B40E551C0992A1895D45530C0","{""1"":{},""2"":{},""4"":{},""8"":{}}","2025-06-25 18:27:51.397+00","2025-06-25 18:27:51.397+00","2025-06-25 18:27:51.397+00"
505,"863192057915457",1,"2025-06-25 18:24:16+00","-16.3352750","-71.5820683",10,0,0,0,"2558.9","0.0",10,0,"1.0",7,"0101000020E61000007422669B40E551C0992A1895D45530C0","{""1"":{},""2"":{},""4"":{},""8"":{}}","2025-06-25 18:27:51.4+00","2025-06-25 18:27:51.4+00","2025-06-25 18:27:51.4+00"
506,"863192057915457",1,"2025-06-25 18:24:21+00","-16.3352750","-71.5820683",11,0,0,0,"2558.9","0.0",10,0,"1.0",7,"0101000020E61000007422669B40E551C0992A1895D45530C0","{""1"":{},""2"":{},""4"":{},""8"":{}}","2025-06-25 18:27:51.402+00","2025-06-25 18:27:51.403+00","2025-06-25 18:27:51.403+00"
507,"863192057915457",1,"2025-06-25 18:24:26+00","-16.3352416","-71.5820133",12,0,0,0,"2577.9","0.0",10,0,"1.0",7,"0101000020E61000009255B6B43FE551C03B42BC64D25530C0","{""1"":{},""2"":{},""4"":{},""8"":{}}","2025-06-25 18:27:51.405+00","2025-06-25 18:27:51.405+00","2025-06-25 18:27:51.405+00"
508,"863192057915457",1,"2025-06-25 18:24:31+00","-16.3352416","-71.5820133",13,0,0,0,"2577.9","0.0",10,0,"1.0",7,"0101000020E61000009255B6B43FE551C03B42BC64D25530C0","{""1"":{},""2"":{},""4"":{},""8"":{}}","2025-06-25 18:27:51.408+00","2025-06-25 18:27:51.408+00","2025-06-25 18:27:51.408+00"
509,"863192057915457",1,"2025-06-25 18:24:36+00","-16.3352416","-71.5820133",14,0,0,0,"2577.9","0.0",11,0,"0.8",7,"0101000020E61000009255B6B43FE551C03B42BC64D25530C0","{""1"":{},""2"":{},""4"":{},""8"":{}}","2025-06-25 18:27:51.41+00","2025-06-25 18:27:51.41+00","2025-06-25 18:27:51.41+00"
510,"863192057915457",1,"2025-06-25 18:24:41+00","-16.3352416","-71.5820133",15,0,0,0,"2577.9","0.0",11,0,"0.8",7,"0101000020E61000009255B6B43FE551C03B42BC64D25530C0","{""1"":{},""2"":{},""4"":{},""8"":{}}","2025-06-25 18:27:51.413+00","2025-06-25 18:27:51.413+00","2025-06-25 18:27:51.413+00"
511,"863192057915457",1,"2025-06-25 18:24:46+00","-16.3352416","-71.5820133",16,0,0,0,"2577.9","0.0",11,0,"0.8",7,"0101000020E61000009255B6B43FE551C03B42BC64D25530C0","{""1"":{},""2"":{},""4"":{},""8"":{}}","2025-06-25 18:27:51.416+00","2025-06-25 18:27:51.416+00","2025-06-25 18:27:51.416+00"
512,"863192057915457",1,"2025-06-25 18:24:51+00","-16.3352416","-71.5820133",17,0,0,0,"2577.9","0.0",12,0,"0.8",7,"0101000020E61000009255B6B43FE551C03B42BC64D25530C0","{""1"":{},""2"":{},""4"":{},""8"":{}}","2025-06-25 18:27:51.419+00","2025-06-25 18:27:51.419+00","2025-06-25 18:27:51.419+00"
513,"863192057915457",1,"2025-06-25 18:24:56+00","-16.3352416","-71.5820133",18,0,0,0,"2577.9","0.0",12,0,"0.8",7,"0101000020E61000009255B6B43FE551C03B42BC64D25530C0","{""1"":{},""2"":{},""4"":{},""8"":{}}","2025-06-25 18:27:51.422+00","2025-06-25 18:27:51.422+00","2025-06-25 18:27:51.422+00"
514,"863192057915457",1,"2025-06-25 18:25:01+00","-16.3352416","-71.5820133",19,0,0,0,"2577.9","0.0",12,0,"0.8",7,"0101000020E61000009255B6B43FE551C03B42BC64D25530C0","{""1"":{},""2"":{},""4"":{},""8"":{}}","2025-06-25 18:27:51.425+00","2025-06-25 18:27:51.425+00","2025-06-25 18:27:51.425+00"
515,"863192057915457",1,"2025-06-25 18:25:06+00","-16.3352416","-71.5820133",20,0,0,0,"2577.9","0.0",12,0,"0.8",7,"0101000020E61000009255B6B43FE551C03B42BC64D25530C0","{""1"":{},""2"":{},""4"":{},""8"":{}}","2025-06-25 18:27:51.427+00","2025-06-25 18:27:51.427+00","2025-06-25 18:27:51.427+00"
516,"863192057915457",1,"2025-06-25 18:25:11+00","-16.3352416","-71.5820133",21,0,0,0,"2577.9","0.0",12,0,"0.8",7,"0101000020E61000009255B6B43FE551C03B42BC64D25530C0","{""1"":{},""2"":{},""4"":{},""8"":{}}","2025-06-25 18:27:51.43+00","2025-06-25 18:27:51.43+00","2025-06-25 18:27:51.43+00"
517,"863192057915457",1,"2025-06-25 18:25:16+00","-16.3352416","-71.5820133",22,0,0,0,"2577.9","0.0",12,0,"0.8",7,"0101000020E61000009255B6B43FE551C03B42BC64D25530C0","{""1"":{},""2"":{},""4"":{},""8"":{}}","2025-06-25 18:27:51.432+00","2025-06-25 18:27:51.432+00","2025-06-25 18:27:51.432+00"
518,"863192057915457",1,"2025-06-25 18:25:21+00","-16.3352416","-71.5820133",23,0,0,0,"2577.9","0.0",12,0,"0.8",7,"0101000020E61000009255B6B43FE551C03B42BC64D25530C0","{""1"":{},""2"":{},""4"":{},""8"":{}}","2025-06-25 18:27:51.435+00","2025-06-25 18:27:51.435+00","2025-06-25 18:27:51.435+00"
519,"863192057915457",1,"2025-06-25 18:25:26+00","-16.3352416","-71.5820133",24,0,0,0,"2577.9","0.0",12,0,"0.8",7,"0101000020E61000009255B6B43FE551C03B42BC64D25530C0","{""1"":{},""2"":{},""4"":{},""8"":{}}","2025-06-25 18:27:51.438+00","2025-06-25 18:27:51.438+00","2025-06-25 18:27:51.438+00"
520,"863192057915457",1,"2025-06-25 18:25:31+00","-16.3352416","-71.5820133",25,0,0,0,"2577.9","0.0",13,0,"0.7",7,"0101000020E61000009255B6B43FE551C03B42BC64D25530C0","{""1"":{},""2"":{},""4"":{},""8"":{}}","2025-06-25 18:27:51.442+00","2025-06-25 18:27:51.442+00","2025-06-25 18:27:51.442+00"
521,"863192057915457",1,"2025-06-25 18:25:36+00","-16.3352416","-71.5820133",26,0,0,0,"2577.9","0.0",13,0,"0.7",7,"0101000020E61000009255B6B43FE551C03B42BC64D25530C0","{""1"":{},""2"":{},""4"":{},""8"":{}}","2025-06-25 18:27:51.445+00","2025-06-25 18:27:51.445+00","2025-06-25 18:27:51.445+00"
522,"863192057915457",1,"2025-06-25 18:25:41+00","-16.3352416","-71.5820133",27,0,0,0,"2577.9","0.0",14,0,"0.7",7,"0101000020E61000009255B6B43FE551C03B42BC64D25530C0","{""1"":{},""2"":{},""4"":{},""8"":{}}","2025-06-25 18:27:51.447+00","2025-06-25 18:27:51.447+00","2025-06-25 18:27:51.447+00"
523,"863192057915457",1,"2025-06-25 18:25:46+00","-16.3352416","-71.5820133",28,0,0,0,"2577.9","0.0",14,0,"0.7",7,"0101000020E61000009255B6B43FE551C03B42BC64D25530C0","{""1"":{},""2"":{},""4"":{},""8"":{}}","2025-06-25 18:27:51.45+00","2025-06-25 18:27:51.45+00","2025-06-25 18:27:51.45+00"
524,"863192057915457",1,"2025-06-25 18:25:51+00","-16.3352416","-71.5820133",29,0,0,0,"2577.9","0.0",15,0,"0.6",7,"0101000020E61000009255B6B43FE551C03B42BC64D25530C0","{""1"":{},""2"":{},""4"":{},""8"":{}}","2025-06-25 18:27:51.453+00","2025-06-25 18:27:51.453+00","2025-06-25 18:27:51.453+00"
525,"863192057915457",1,"2025-06-25 18:23:40+00","-16.3351916","-71.5827266",0,0,0,0,"2375.1","0.0",5,0,"1.4",7,"0101000020E6100000986082644BE551C0D8E4DF1DCF5530C0","{""1"":{},""2"":{},""4"":{},""8"":{}}","2025-06-25 18:29:53.341+00","2025-06-25 18:29:53.342+00","2025-06-25 18:29:53.342+00"
526,"863192057915457",1,"2025-06-25 18:23:45+00","-16.3351916","-71.5827266",1,0,0,0,"2375.1","0.0",5,0,"1.4",7,"0101000020E6100000986082644BE551C0D8E4DF1DCF5530C0","{""1"":{},""2"":{},""4"":{},""8"":{}}","2025-06-25 18:29:53.379+00","2025-06-25 18:29:53.379+00","2025-06-25 18:29:53.379+00"
527,"863192057915457",1,"2025-06-25 18:23:48+00","-16.3352183","-71.5828216",2,0,0,0,"2375.1","0.0",5,0,"1.4",8,"0101000020E6100000C1D9F7F24CE551C04E85D3DDD05530C0","{""1"":{},""2"":{},""4"":{},""8"":{}}","2025-06-25 18:29:53.382+00","2025-06-25 18:29:53.382+00","2025-06-25 18:29:53.382+00"
528,"863192057915457",1,"2025-06-25 18:23:53+00","-16.3352183","-71.5828216",3,0,0,0,"2357.3","0.0",5,0,"1.4",7,"0101000020E6100000C1D9F7F24CE551C04E85D3DDD05530C0","{""1"":{},""2"":{},""4"":{},""8"":{}}","2025-06-25 18:29:53.385+00","2025-06-25 18:29:53.385+00","2025-06-25 18:29:53.385+00"
529,"863192057915457",1,"2025-06-25 18:23:54+00","-16.3352483","-71.5826316",4,0,0,0,"2398.9","0.0",6,0,"1.3",8,"0101000020E61000006FE70CD649E551C0238A24D5D25530C0","{""1"":{},""2"":{},""4"":{},""8"":{}}","2025-06-25 18:29:53.387+00","2025-06-25 18:29:53.387+00","2025-06-25 18:29:53.387+00"
530,"863192057915457",1,"2025-06-25 18:23:55+00","-16.3352850","-71.5823683",5,0,0,0,"2476.1","0.0",6,0,"1.3",8,"0101000020E610000089AEB08545E551C0E0D6DD3CD55530C0","{""1"":{},""2"":{},""4"":{},""8"":{}}","2025-06-25 18:29:53.39+00","2025-06-25 18:29:53.39+00","2025-06-25 18:29:53.39+00"
531,"863192057915457",1,"2025-06-25 18:23:56+00","-16.3352983","-71.5822750",6,0,0,0,"2499.9","0.0",6,0,"1.3",8,"0101000020E6100000D1915CFE43E551C087E7001CD65530C0","{""1"":{},""2"":{},""4"":{},""8"":{}}","2025-06-25 18:29:53.392+00","2025-06-25 18:29:53.393+00","2025-06-25 18:29:53.393+00"
532,"863192057915457",1,"2025-06-25 18:24:01+00","-16.3353066","-71.5821983",7,0,0,0,"2519.6","0.0",7,0,"1.1",7,"0101000020E61000005B92A8BC42E551C0092241A7D65530C0","{""1"":{},""2"":{},""4"":{},""8"":{}}","2025-06-25 18:29:53.395+00","2025-06-25 18:29:53.395+00","2025-06-25 18:29:53.395+00"
533,"863192057915457",1,"2025-06-25 18:24:06+00","-16.3352983","-71.5821333",8,0,0,0,"2539.2","0.0",7,0,"1.1",7,"0101000020E6100000675A07AC41E551C087E7001CD65530C0","{""1"":{},""2"":{},""4"":{},""8"":{}}","2025-06-25 18:29:53.398+00","2025-06-25 18:29:53.398+00","2025-06-25 18:29:53.398+00"
534,"863192057915457",1,"2025-06-25 18:24:11+00","-16.3352750","-71.5820683",9,0,0,0,"2558.9","0.0",10,0,"1.0",7,"0101000020E61000007422669B40E551C0992A1895D45530C0","{""1"":{},""2"":{},""4"":{},""8"":{}}","2025-06-25 18:29:53.402+00","2025-06-25 18:29:53.402+00","2025-06-25 18:29:53.402+00"
535,"863192057915457",1,"2025-06-25 18:24:16+00","-16.3352750","-71.5820683",10,0,0,0,"2558.9","0.0",10,0,"1.0",7,"0101000020E61000007422669B40E551C0992A1895D45530C0","{""1"":{},""2"":{},""4"":{},""8"":{}}","2025-06-25 18:29:53.405+00","2025-06-25 18:29:53.405+00","2025-06-25 18:29:53.405+00"
536,"863192057915457",1,"2025-06-25 18:24:21+00","-16.3352750","-71.5820683",11,0,0,0,"2558.9","0.0",10,0,"1.0",7,"0101000020E61000007422669B40E551C0992A1895D45530C0","{""1"":{},""2"":{},""4"":{},""8"":{}}","2025-06-25 18:29:53.407+00","2025-06-25 18:29:53.407+00","2025-06-25 18:29:53.407+00"
537,"863192057915457",1,"2025-06-25 18:24:26+00","-16.3352416","-71.5820133",12,0,0,0,"2577.9","0.0",10,0,"1.0",7,"0101000020E61000009255B6B43FE551C03B42BC64D25530C0","{""1"":{},""2"":{},""4"":{},""8"":{}}","2025-06-25 18:29:53.41+00","2025-06-25 18:29:53.41+00","2025-06-25 18:29:53.41+00"
538,"863192057915457",1,"2025-06-25 18:24:31+00","-16.3352416","-71.5820133",13,0,0,0,"2577.9","0.0",10,0,"1.0",7,"0101000020E61000009255B6B43FE551C03B42BC64D25530C0","{""1"":{},""2"":{},""4"":{},""8"":{}}","2025-06-25 18:29:53.412+00","2025-06-25 18:29:53.413+00","2025-06-25 18:29:53.413+00"
539,"863192057915457",1,"2025-06-25 18:24:36+00","-16.3352416","-71.5820133",14,0,0,0,"2577.9","0.0",11,0,"0.8",7,"0101000020E61000009255B6B43FE551C03B42BC64D25530C0","{""1"":{},""2"":{},""4"":{},""8"":{}}","2025-06-25 18:29:53.415+00","2025-06-25 18:29:53.415+00","2025-06-25 18:29:53.415+00"
540,"863192057915457",1,"2025-06-25 18:24:41+00","-16.3352416","-71.5820133",15,0,0,0,"2577.9","0.0",11,0,"0.8",7,"0101000020E61000009255B6B43FE551C03B42BC64D25530C0","{""1"":{},""2"":{},""4"":{},""8"":{}}","2025-06-25 18:29:53.418+00","2025-06-25 18:29:53.418+00","2025-06-25 18:29:53.418+00"
541,"863192057915457",1,"2025-06-25 18:24:46+00","-16.3352416","-71.5820133",16,0,0,0,"2577.9","0.0",11,0,"0.8",7,"0101000020E61000009255B6B43FE551C03B42BC64D25530C0","{""1"":{},""2"":{},""4"":{},""8"":{}}","2025-06-25 18:29:53.42+00","2025-06-25 18:29:53.42+00","2025-06-25 18:29:53.42+00"
542,"863192057915457",1,"2025-06-25 18:24:51+00","-16.3352416","-71.5820133",17,0,0,0,"2577.9","0.0",12,0,"0.8",7,"0101000020E61000009255B6B43FE551C03B42BC64D25530C0","{""1"":{},""2"":{},""4"":{},""8"":{}}","2025-06-25 18:29:53.423+00","2025-06-25 18:29:53.423+00","2025-06-25 18:29:53.423+00"
543,"863192057915457",1,"2025-06-25 18:24:56+00","-16.3352416","-71.5820133",18,0,0,0,"2577.9","0.0",12,0,"0.8",7,"0101000020E61000009255B6B43FE551C03B42BC64D25530C0","{""1"":{},""2"":{},""4"":{},""8"":{}}","2025-06-25 18:29:53.426+00","2025-06-25 18:29:53.426+00","2025-06-25 18:29:53.426+00"
544,"863192057915457",1,"2025-06-25 18:25:01+00","-16.3352416","-71.5820133",19,0,0,0,"2577.9","0.0",12,0,"0.8",7,"0101000020E61000009255B6B43FE551C03B42BC64D25530C0","{""1"":{},""2"":{},""4"":{},""8"":{}}","2025-06-25 18:29:53.428+00","2025-06-25 18:29:53.428+00","2025-06-25 18:29:53.428+00"
545,"863192057915457",1,"2025-06-25 18:25:06+00","-16.3352416","-71.5820133",20,0,0,0,"2577.9","0.0",12,0,"0.8",7,"0101000020E61000009255B6B43FE551C03B42BC64D25530C0","{""1"":{},""2"":{},""4"":{},""8"":{}}","2025-06-25 18:29:53.431+00","2025-06-25 18:29:53.431+00","2025-06-25 18:29:53.431+00"
546,"863192057915457",1,"2025-06-25 18:25:11+00","-16.3352416","-71.5820133",21,0,0,0,"2577.9","0.0",12,0,"0.8",7,"0101000020E61000009255B6B43FE551C03B42BC64D25530C0","{""1"":{},""2"":{},""4"":{},""8"":{}}","2025-06-25 18:29:53.434+00","2025-06-25 18:29:53.434+00","2025-06-25 18:29:53.434+00"
547,"863192057915457",1,"2025-06-25 18:25:16+00","-16.3352416","-71.5820133",22,0,0,0,"2577.9","0.0",12,0,"0.8",7,"0101000020E61000009255B6B43FE551C03B42BC64D25530C0","{""1"":{},""2"":{},""4"":{},""8"":{}}","2025-06-25 18:29:53.437+00","2025-06-25 18:29:53.437+00","2025-06-25 18:29:53.437+00"
548,"863192057915457",1,"2025-06-25 18:25:21+00","-16.3352416","-71.5820133",23,0,0,0,"2577.9","0.0",12,0,"0.8",7,"0101000020E61000009255B6B43FE551C03B42BC64D25530C0","{""1"":{},""2"":{},""4"":{},""8"":{}}","2025-06-25 18:29:53.44+00","2025-06-25 18:29:53.44+00","2025-06-25 18:29:53.44+00"
549,"863192057915457",1,"2025-06-25 18:25:26+00","-16.3352416","-71.5820133",24,0,0,0,"2577.9","0.0",12,0,"0.8",7,"0101000020E61000009255B6B43FE551C03B42BC64D25530C0","{""1"":{},""2"":{},""4"":{},""8"":{}}","2025-06-25 18:29:53.444+00","2025-06-25 18:29:53.444+00","2025-06-25 18:29:53.444+00"
550,"863192057915457",1,"2025-06-25 18:25:31+00","-16.3352416","-71.5820133",25,0,0,0,"2577.9","0.0",13,0,"0.7",7,"0101000020E61000009255B6B43FE551C03B42BC64D25530C0","{""1"":{},""2"":{},""4"":{},""8"":{}}","2025-06-25 18:29:53.447+00","2025-06-25 18:29:53.447+00","2025-06-25 18:29:53.447+00"
551,"863192057915457",1,"2025-06-25 18:25:36+00","-16.3352416","-71.5820133",26,0,0,0,"2577.9","0.0",13,0,"0.7",7,"0101000020E61000009255B6B43FE551C03B42BC64D25530C0","{""1"":{},""2"":{},""4"":{},""8"":{}}","2025-06-25 18:29:53.45+00","2025-06-25 18:29:53.45+00","2025-06-25 18:29:53.45+00"
552,"863192057915457",1,"2025-06-25 18:25:41+00","-16.3352416","-71.5820133",27,0,0,0,"2577.9","0.0",14,0,"0.7",7,"0101000020E61000009255B6B43FE551C03B42BC64D25530C0","{""1"":{},""2"":{},""4"":{},""8"":{}}","2025-06-25 18:29:53.453+00","2025-06-25 18:29:53.453+00","2025-06-25 18:29:53.453+00"
553,"863192057915457",1,"2025-06-25 18:25:46+00","-16.3352416","-71.5820133",28,0,0,0,"2577.9","0.0",14,0,"0.7",7,"0101000020E61000009255B6B43FE551C03B42BC64D25530C0","{""1"":{},""2"":{},""4"":{},""8"":{}}","2025-06-25 18:29:53.456+00","2025-06-25 18:29:53.456+00","2025-06-25 18:29:53.456+00"
554,"863192057915457",1,"2025-06-25 18:25:51+00","-16.3352416","-71.5820133",29,0,0,0,"2577.9","0.0",15,0,"0.6",7,"0101000020E61000009255B6B43FE551C03B42BC64D25530C0","{""1"":{},""2"":{},""4"":{},""8"":{}}","2025-06-25 18:29:53.459+00","2025-06-25 18:29:53.459+00","2025-06-25 18:29:53.459+00"
555,"863192057915457",1,"2025-06-25 18:23:40+00","-16.3351916","-71.5827266",0,0,0,0,"2375.1","0.0",5,0,"1.4",7,"0101000020E6100000986082644BE551C0D8E4DF1DCF5530C0","{""1"":{},""2"":{},""4"":{},""8"":{}}","2025-06-25 18:31:53.919+00","2025-06-25 18:31:53.919+00","2025-06-25 18:31:53.919+00"
556,"863192057915457",1,"2025-06-25 18:23:45+00","-16.3351916","-71.5827266",1,0,0,0,"2375.1","0.0",5,0,"1.4",7,"0101000020E6100000986082644BE551C0D8E4DF1DCF5530C0","{""1"":{},""2"":{},""4"":{},""8"":{}}","2025-06-25 18:31:53.958+00","2025-06-25 18:31:53.958+00","2025-06-25 18:31:53.958+00"
557,"863192057915457",1,"2025-06-25 18:23:48+00","-16.3352183","-71.5828216",2,0,0,0,"2375.1","0.0",5,0,"1.4",8,"0101000020E6100000C1D9F7F24CE551C04E85D3DDD05530C0","{""1"":{},""2"":{},""4"":{},""8"":{}}","2025-06-25 18:31:53.961+00","2025-06-25 18:31:53.961+00","2025-06-25 18:31:53.961+00"
558,"863192057915457",1,"2025-06-25 18:23:53+00","-16.3352183","-71.5828216",3,0,0,0,"2357.3","0.0",5,0,"1.4",7,"0101000020E6100000C1D9F7F24CE551C04E85D3DDD05530C0","{""1"":{},""2"":{},""4"":{},""8"":{}}","2025-06-25 18:31:53.964+00","2025-06-25 18:31:53.964+00","2025-06-25 18:31:53.964+00"
559,"863192057915457",1,"2025-06-25 18:23:54+00","-16.3352483","-71.5826316",4,0,0,0,"2398.9","0.0",6,0,"1.3",8,"0101000020E61000006FE70CD649E551C0238A24D5D25530C0","{""1"":{},""2"":{},""4"":{},""8"":{}}","2025-06-25 18:31:53.967+00","2025-06-25 18:31:53.967+00","2025-06-25 18:31:53.967+00"
560,"863192057915457",1,"2025-06-25 18:23:55+00","-16.3352850","-71.5823683",5,0,0,0,"2476.1","0.0",6,0,"1.3",8,"0101000020E610000089AEB08545E551C0E0D6DD3CD55530C0","{""1"":{},""2"":{},""4"":{},""8"":{}}","2025-06-25 18:31:53.97+00","2025-06-25 18:31:53.97+00","2025-06-25 18:31:53.97+00"
561,"863192057915457",1,"2025-06-25 18:23:56+00","-16.3352983","-71.5822750",6,0,0,0,"2499.9","0.0",6,0,"1.3",8,"0101000020E6100000D1915CFE43E551C087E7001CD65530C0","{""1"":{},""2"":{},""4"":{},""8"":{}}","2025-06-25 18:31:53.974+00","2025-06-25 18:31:53.974+00","2025-06-25 18:31:53.974+00"
562,"863192057915457",1,"2025-06-25 18:24:01+00","-16.3353066","-71.5821983",7,0,0,0,"2519.6","0.0",7,0,"1.1",7,"0101000020E61000005B92A8BC42E551C0092241A7D65530C0","{""1"":{},""2"":{},""4"":{},""8"":{}}","2025-06-25 18:31:53.977+00","2025-06-25 18:31:53.977+00","2025-06-25 18:31:53.977+00"
563,"863192057915457",1,"2025-06-25 18:24:06+00","-16.3352983","-71.5821333",8,0,0,0,"2539.2","0.0",7,0,"1.1",7,"0101000020E6100000675A07AC41E551C087E7001CD65530C0","{""1"":{},""2"":{},""4"":{},""8"":{}}","2025-06-25 18:31:53.98+00","2025-06-25 18:31:53.98+00","2025-06-25 18:31:53.98+00"
564,"863192057915457",1,"2025-06-25 18:24:11+00","-16.3352750","-71.5820683",9,0,0,0,"2558.9","0.0",10,0,"1.0",7,"0101000020E61000007422669B40E551C0992A1895D45530C0","{""1"":{},""2"":{},""4"":{},""8"":{}}","2025-06-25 18:31:53.983+00","2025-06-25 18:31:53.984+00","2025-06-25 18:31:53.984+00"
565,"863192057915457",1,"2025-06-25 18:24:16+00","-16.3352750","-71.5820683",10,0,0,0,"2558.9","0.0",10,0,"1.0",7,"0101000020E61000007422669B40E551C0992A1895D45530C0","{""1"":{},""2"":{},""4"":{},""8"":{}}","2025-06-25 18:31:53.987+00","2025-06-25 18:31:53.987+00","2025-06-25 18:31:53.987+00"
566,"863192057915457",1,"2025-06-25 18:24:21+00","-16.3352750","-71.5820683",11,0,0,0,"2558.9","0.0",10,0,"1.0",7,"0101000020E61000007422669B40E551C0992A1895D45530C0","{""1"":{},""2"":{},""4"":{},""8"":{}}","2025-06-25 18:31:53.99+00","2025-06-25 18:31:53.99+00","2025-06-25 18:31:53.99+00"
567,"863192057915457",1,"2025-06-25 18:24:26+00","-16.3352416","-71.5820133",12,0,0,0,"2577.9","0.0",10,0,"1.0",7,"0101000020E61000009255B6B43FE551C03B42BC64D25530C0","{""1"":{},""2"":{},""4"":{},""8"":{}}","2025-06-25 18:31:53.993+00","2025-06-25 18:31:53.993+00","2025-06-25 18:31:53.993+00"
568,"863192057915457",1,"2025-06-25 18:24:31+00","-16.3352416","-71.5820133",13,0,0,0,"2577.9","0.0",10,0,"1.0",7,"0101000020E61000009255B6B43FE551C03B42BC64D25530C0","{""1"":{},""2"":{},""4"":{},""8"":{}}","2025-06-25 18:31:53.996+00","2025-06-25 18:31:53.996+00","2025-06-25 18:31:53.996+00"
569,"863192057915457",1,"2025-06-25 18:24:36+00","-16.3352416","-71.5820133",14,0,0,0,"2577.9","0.0",11,0,"0.8",7,"0101000020E61000009255B6B43FE551C03B42BC64D25530C0","{""1"":{},""2"":{},""4"":{},""8"":{}}","2025-06-25 18:31:54+00","2025-06-25 18:31:54+00","2025-06-25 18:31:54+00"
570,"863192057915457",1,"2025-06-25 18:24:41+00","-16.3352416","-71.5820133",15,0,0,0,"2577.9","0.0",11,0,"0.8",7,"0101000020E61000009255B6B43FE551C03B42BC64D25530C0","{""1"":{},""2"":{},""4"":{},""8"":{}}","2025-06-25 18:31:54.006+00","2025-06-25 18:31:54.006+00","2025-06-25 18:31:54.006+00"
571,"863192057915457",1,"2025-06-25 18:24:46+00","-16.3352416","-71.5820133",16,0,0,0,"2577.9","0.0",11,0,"0.8",7,"0101000020E61000009255B6B43FE551C03B42BC64D25530C0","{""1"":{},""2"":{},""4"":{},""8"":{}}","2025-06-25 18:31:54.01+00","2025-06-25 18:31:54.01+00","2025-06-25 18:31:54.01+00"
572,"863192057915457",1,"2025-06-25 18:24:51+00","-16.3352416","-71.5820133",17,0,0,0,"2577.9","0.0",12,0,"0.8",7,"0101000020E61000009255B6B43FE551C03B42BC64D25530C0","{""1"":{},""2"":{},""4"":{},""8"":{}}","2025-06-25 18:31:54.013+00","2025-06-25 18:31:54.013+00","2025-06-25 18:31:54.013+00"
573,"863192057915457",1,"2025-06-25 18:24:56+00","-16.3352416","-71.5820133",18,0,0,0,"2577.9","0.0",12,0,"0.8",7,"0101000020E61000009255B6B43FE551C03B42BC64D25530C0","{""1"":{},""2"":{},""4"":{},""8"":{}}","2025-06-25 18:31:54.016+00","2025-06-25 18:31:54.016+00","2025-06-25 18:31:54.016+00"
574,"863192057915457",1,"2025-06-25 18:25:01+00","-16.3352416","-71.5820133",19,0,0,0,"2577.9","0.0",12,0,"0.8",7,"0101000020E61000009255B6B43FE551C03B42BC64D25530C0","{""1"":{},""2"":{},""4"":{},""8"":{}}","2025-06-25 18:31:54.019+00","2025-06-25 18:31:54.019+00","2025-06-25 18:31:54.019+00"
575,"863192057915457",1,"2025-06-25 18:25:06+00","-16.3352416","-71.5820133",20,0,0,0,"2577.9","0.0",12,0,"0.8",7,"0101000020E61000009255B6B43FE551C03B42BC64D25530C0","{""1"":{},""2"":{},""4"":{},""8"":{}}","2025-06-25 18:31:54.022+00","2025-06-25 18:31:54.022+00","2025-06-25 18:31:54.022+00"
576,"863192057915457",1,"2025-06-25 18:25:11+00","-16.3352416","-71.5820133",21,0,0,0,"2577.9","0.0",12,0,"0.8",7,"0101000020E61000009255B6B43FE551C03B42BC64D25530C0","{""1"":{},""2"":{},""4"":{},""8"":{}}","2025-06-25 18:31:54.025+00","2025-06-25 18:31:54.025+00","2025-06-25 18:31:54.025+00"
577,"863192057915457",1,"2025-06-25 18:25:16+00","-16.3352416","-71.5820133",22,0,0,0,"2577.9","0.0",12,0,"0.8",7,"0101000020E61000009255B6B43FE551C03B42BC64D25530C0","{""1"":{},""2"":{},""4"":{},""8"":{}}","2025-06-25 18:31:54.028+00","2025-06-25 18:31:54.028+00","2025-06-25 18:31:54.028+00"
578,"863192057915457",1,"2025-06-25 18:25:21+00","-16.3352416","-71.5820133",23,0,0,0,"2577.9","0.0",12,0,"0.8",7,"0101000020E61000009255B6B43FE551C03B42BC64D25530C0","{""1"":{},""2"":{},""4"":{},""8"":{}}","2025-06-25 18:31:54.031+00","2025-06-25 18:31:54.031+00","2025-06-25 18:31:54.031+00"
579,"863192057915457",1,"2025-06-25 18:25:26+00","-16.3352416","-71.5820133",24,0,0,0,"2577.9","0.0",12,0,"0.8",7,"0101000020E61000009255B6B43FE551C03B42BC64D25530C0","{""1"":{},""2"":{},""4"":{},""8"":{}}","2025-06-25 18:31:54.035+00","2025-06-25 18:31:54.035+00","2025-06-25 18:31:54.035+00"
580,"863192057915457",1,"2025-06-25 18:25:31+00","-16.3352416","-71.5820133",25,0,0,0,"2577.9","0.0",13,0,"0.7",7,"0101000020E61000009255B6B43FE551C03B42BC64D25530C0","{""1"":{},""2"":{},""4"":{},""8"":{}}","2025-06-25 18:31:54.038+00","2025-06-25 18:31:54.038+00","2025-06-25 18:31:54.038+00"
581,"863192057915457",1,"2025-06-25 18:25:36+00","-16.3352416","-71.5820133",26,0,0,0,"2577.9","0.0",13,0,"0.7",7,"0101000020E61000009255B6B43FE551C03B42BC64D25530C0","{""1"":{},""2"":{},""4"":{},""8"":{}}","2025-06-25 18:31:54.04+00","2025-06-25 18:31:54.04+00","2025-06-25 18:31:54.04+00"
582,"863192057915457",1,"2025-06-25 18:25:41+00","-16.3352416","-71.5820133",27,0,0,0,"2577.9","0.0",14,0,"0.7",7,"0101000020E61000009255B6B43FE551C03B42BC64D25530C0","{""1"":{},""2"":{},""4"":{},""8"":{}}","2025-06-25 18:31:54.043+00","2025-06-25 18:31:54.043+00","2025-06-25 18:31:54.043+00"
583,"863192057915457",1,"2025-06-25 18:25:46+00","-16.3352416","-71.5820133",28,0,0,0,"2577.9","0.0",14,0,"0.7",7,"0101000020E61000009255B6B43FE551C03B42BC64D25530C0","{""1"":{},""2"":{},""4"":{},""8"":{}}","2025-06-25 18:31:54.046+00","2025-06-25 18:31:54.046+00","2025-06-25 18:31:54.046+00"
584,"863192057915457",1,"2025-06-25 18:25:51+00","-16.3352416","-71.5820133",29,0,0,0,"2577.9","0.0",15,0,"0.6",7,"0101000020E61000009255B6B43FE551C03B42BC64D25530C0","{""1"":{},""2"":{},""4"":{},""8"":{}}","2025-06-25 18:31:54.049+00","2025-06-25 18:31:54.049+00","2025-06-25 18:31:54.049+00"
585,"863192057915457",1,"2025-06-25 18:23:40+00","-16.3351916","-71.5827266",0,0,0,0,"2375.1","0.0",5,0,"1.4",7,"0101000020E6100000986082644BE551C0D8E4DF1DCF5530C0","{""1"":{},""2"":{},""4"":{},""8"":{}}","2025-06-25 18:34:45.344+00","2025-06-25 18:34:45.344+00","2025-06-25 18:34:45.344+00"
586,"863192057915457",1,"2025-06-25 18:23:45+00","-16.3351916","-71.5827266",1,0,0,0,"2375.1","0.0",5,0,"1.4",7,"0101000020E6100000986082644BE551C0D8E4DF1DCF5530C0","{""1"":{},""2"":{},""4"":{},""8"":{}}","2025-06-25 18:34:45.377+00","2025-06-25 18:34:45.377+00","2025-06-25 18:34:45.377+00"
587,"863192057915457",1,"2025-06-25 18:23:48+00","-16.3352183","-71.5828216",2,0,0,0,"2375.1","0.0",5,0,"1.4",8,"0101000020E6100000C1D9F7F24CE551C04E85D3DDD05530C0","{""1"":{},""2"":{},""4"":{},""8"":{}}","2025-06-25 18:34:45.38+00","2025-06-25 18:34:45.38+00","2025-06-25 18:34:45.38+00"
588,"863192057915457",1,"2025-06-25 18:23:53+00","-16.3352183","-71.5828216",3,0,0,0,"2357.3","0.0",5,0,"1.4",7,"0101000020E6100000C1D9F7F24CE551C04E85D3DDD05530C0","{""1"":{},""2"":{},""4"":{},""8"":{}}","2025-06-25 18:34:45.384+00","2025-06-25 18:34:45.384+00","2025-06-25 18:34:45.384+00"
589,"863192057915457",1,"2025-06-25 18:23:54+00","-16.3352483","-71.5826316",4,0,0,0,"2398.9","0.0",6,0,"1.3",8,"0101000020E61000006FE70CD649E551C0238A24D5D25530C0","{""1"":{},""2"":{},""4"":{},""8"":{}}","2025-06-25 18:34:45.387+00","2025-06-25 18:34:45.388+00","2025-06-25 18:34:45.388+00"
590,"863192057915457",1,"2025-06-25 18:23:55+00","-16.3352850","-71.5823683",5,0,0,0,"2476.1","0.0",6,0,"1.3",8,"0101000020E610000089AEB08545E551C0E0D6DD3CD55530C0","{""1"":{},""2"":{},""4"":{},""8"":{}}","2025-06-25 18:34:45.391+00","2025-06-25 18:34:45.391+00","2025-06-25 18:34:45.391+00"
591,"863192057915457",1,"2025-06-25 18:23:56+00","-16.3352983","-71.5822750",6,0,0,0,"2499.9","0.0",6,0,"1.3",8,"0101000020E6100000D1915CFE43E551C087E7001CD65530C0","{""1"":{},""2"":{},""4"":{},""8"":{}}","2025-06-25 18:34:45.394+00","2025-06-25 18:34:45.394+00","2025-06-25 18:34:45.394+00"
592,"863192057915457",1,"2025-06-25 18:24:01+00","-16.3353066","-71.5821983",7,0,0,0,"2519.6","0.0",7,0,"1.1",7,"0101000020E61000005B92A8BC42E551C0092241A7D65530C0","{""1"":{},""2"":{},""4"":{},""8"":{}}","2025-06-25 18:34:45.398+00","2025-06-25 18:34:45.398+00","2025-06-25 18:34:45.398+00"
593,"863192057915457",1,"2025-06-25 18:24:06+00","-16.3352983","-71.5821333",8,0,0,0,"2539.2","0.0",7,0,"1.1",7,"0101000020E6100000675A07AC41E551C087E7001CD65530C0","{""1"":{},""2"":{},""4"":{},""8"":{}}","2025-06-25 18:34:45.401+00","2025-06-25 18:34:45.401+00","2025-06-25 18:34:45.401+00"
594,"863192057915457",1,"2025-06-25 18:24:11+00","-16.3352750","-71.5820683",9,0,0,0,"2558.9","0.0",10,0,"1.0",7,"0101000020E61000007422669B40E551C0992A1895D45530C0","{""1"":{},""2"":{},""4"":{},""8"":{}}","2025-06-25 18:34:45.403+00","2025-06-25 18:34:45.403+00","2025-06-25 18:34:45.403+00"
595,"863192057915457",1,"2025-06-25 18:24:16+00","-16.3352750","-71.5820683",10,0,0,0,"2558.9","0.0",10,0,"1.0",7,"0101000020E61000007422669B40E551C0992A1895D45530C0","{""1"":{},""2"":{},""4"":{},""8"":{}}","2025-06-25 18:34:45.406+00","2025-06-25 18:34:45.406+00","2025-06-25 18:34:45.406+00"
596,"863192057915457",1,"2025-06-25 18:24:21+00","-16.3352750","-71.5820683",11,0,0,0,"2558.9","0.0",10,0,"1.0",7,"0101000020E61000007422669B40E551C0992A1895D45530C0","{""1"":{},""2"":{},""4"":{},""8"":{}}","2025-06-25 18:34:45.41+00","2025-06-25 18:34:45.41+00","2025-06-25 18:34:45.41+00"
597,"863192057915457",1,"2025-06-25 18:24:26+00","-16.3352416","-71.5820133",12,0,0,0,"2577.9","0.0",10,0,"1.0",7,"0101000020E61000009255B6B43FE551C03B42BC64D25530C0","{""1"":{},""2"":{},""4"":{},""8"":{}}","2025-06-25 18:34:45.412+00","2025-06-25 18:34:45.412+00","2025-06-25 18:34:45.412+00"
598,"863192057915457",1,"2025-06-25 18:24:31+00","-16.3352416","-71.5820133",13,0,0,0,"2577.9","0.0",10,0,"1.0",7,"0101000020E61000009255B6B43FE551C03B42BC64D25530C0","{""1"":{},""2"":{},""4"":{},""8"":{}}","2025-06-25 18:34:45.415+00","2025-06-25 18:34:45.415+00","2025-06-25 18:34:45.415+00"
599,"863192057915457",1,"2025-06-25 18:24:36+00","-16.3352416","-71.5820133",14,0,0,0,"2577.9","0.0",11,0,"0.8",7,"0101000020E61000009255B6B43FE551C03B42BC64D25530C0","{""1"":{},""2"":{},""4"":{},""8"":{}}","2025-06-25 18:34:45.419+00","2025-06-25 18:34:45.419+00","2025-06-25 18:34:45.419+00"
600,"863192057915457",1,"2025-06-25 18:24:41+00","-16.3352416","-71.5820133",15,0,0,0,"2577.9","0.0",11,0,"0.8",7,"0101000020E61000009255B6B43FE551C03B42BC64D25530C0","{""1"":{},""2"":{},""4"":{},""8"":{}}","2025-06-25 18:34:45.423+00","2025-06-25 18:34:45.424+00","2025-06-25 18:34:45.424+00"
601,"863192057915457",1,"2025-06-25 18:24:46+00","-16.3352416","-71.5820133",16,0,0,0,"2577.9","0.0",11,0,"0.8",7,"0101000020E61000009255B6B43FE551C03B42BC64D25530C0","{""1"":{},""2"":{},""4"":{},""8"":{}}","2025-06-25 18:34:45.427+00","2025-06-25 18:34:45.427+00","2025-06-25 18:34:45.427+00"
602,"863192057915457",1,"2025-06-25 18:24:51+00","-16.3352416","-71.5820133",17,0,0,0,"2577.9","0.0",12,0,"0.8",7,"0101000020E61000009255B6B43FE551C03B42BC64D25530C0","{""1"":{},""2"":{},""4"":{},""8"":{}}","2025-06-25 18:34:45.43+00","2025-06-25 18:34:45.43+00","2025-06-25 18:34:45.43+00"
603,"863192057915457",1,"2025-06-25 18:24:56+00","-16.3352416","-71.5820133",18,0,0,0,"2577.9","0.0",12,0,"0.8",7,"0101000020E61000009255B6B43FE551C03B42BC64D25530C0","{""1"":{},""2"":{},""4"":{},""8"":{}}","2025-06-25 18:34:45.434+00","2025-06-25 18:34:45.435+00","2025-06-25 18:34:45.435+00"
604,"863192057915457",1,"2025-06-25 18:25:01+00","-16.3352416","-71.5820133",19,0,0,0,"2577.9","0.0",12,0,"0.8",7,"0101000020E61000009255B6B43FE551C03B42BC64D25530C0","{""1"":{},""2"":{},""4"":{},""8"":{}}","2025-06-25 18:34:45.439+00","2025-06-25 18:34:45.439+00","2025-06-25 18:34:45.439+00"
605,"863192057915457",1,"2025-06-25 18:25:06+00","-16.3352416","-71.5820133",20,0,0,0,"2577.9","0.0",12,0,"0.8",7,"0101000020E61000009255B6B43FE551C03B42BC64D25530C0","{""1"":{},""2"":{},""4"":{},""8"":{}}","2025-06-25 18:34:45.442+00","2025-06-25 18:34:45.442+00","2025-06-25 18:34:45.442+00"
606,"863192057915457",1,"2025-06-25 18:25:11+00","-16.3352416","-71.5820133",21,0,0,0,"2577.9","0.0",12,0,"0.8",7,"0101000020E61000009255B6B43FE551C03B42BC64D25530C0","{""1"":{},""2"":{},""4"":{},""8"":{}}","2025-06-25 18:34:45.445+00","2025-06-25 18:34:45.445+00","2025-06-25 18:34:45.445+00"
607,"863192057915457",1,"2025-06-25 18:25:16+00","-16.3352416","-71.5820133",22,0,0,0,"2577.9","0.0",12,0,"0.8",7,"0101000020E61000009255B6B43FE551C03B42BC64D25530C0","{""1"":{},""2"":{},""4"":{},""8"":{}}","2025-06-25 18:34:45.448+00","2025-06-25 18:34:45.448+00","2025-06-25 18:34:45.448+00"
608,"863192057915457",1,"2025-06-25 18:25:21+00","-16.3352416","-71.5820133",23,0,0,0,"2577.9","0.0",12,0,"0.8",7,"0101000020E61000009255B6B43FE551C03B42BC64D25530C0","{""1"":{},""2"":{},""4"":{},""8"":{}}","2025-06-25 18:34:45.452+00","2025-06-25 18:34:45.452+00","2025-06-25 18:34:45.452+00"
609,"863192057915457",1,"2025-06-25 18:25:26+00","-16.3352416","-71.5820133",24,0,0,0,"2577.9","0.0",12,0,"0.8",7,"0101000020E61000009255B6B43FE551C03B42BC64D25530C0","{""1"":{},""2"":{},""4"":{},""8"":{}}","2025-06-25 18:34:45.455+00","2025-06-25 18:34:45.455+00","2025-06-25 18:34:45.455+00"
610,"863192057915457",1,"2025-06-25 18:25:31+00","-16.3352416","-71.5820133",25,0,0,0,"2577.9","0.0",13,0,"0.7",7,"0101000020E61000009255B6B43FE551C03B42BC64D25530C0","{""1"":{},""2"":{},""4"":{},""8"":{}}","2025-06-25 18:34:45.458+00","2025-06-25 18:34:45.458+00","2025-06-25 18:34:45.458+00"
611,"863192057915457",1,"2025-06-25 18:25:36+00","-16.3352416","-71.5820133",26,0,0,0,"2577.9","0.0",13,0,"0.7",7,"0101000020E61000009255B6B43FE551C03B42BC64D25530C0","{""1"":{},""2"":{},""4"":{},""8"":{}}","2025-06-25 18:34:45.462+00","2025-06-25 18:34:45.462+00","2025-06-25 18:34:45.462+00"
612,"863192057915457",1,"2025-06-25 18:25:41+00","-16.3352416","-71.5820133",27,0,0,0,"2577.9","0.0",14,0,"0.7",7,"0101000020E61000009255B6B43FE551C03B42BC64D25530C0","{""1"":{},""2"":{},""4"":{},""8"":{}}","2025-06-25 18:34:45.466+00","2025-06-25 18:34:45.466+00","2025-06-25 18:34:45.466+00"
613,"863192057915457",1,"2025-06-25 18:25:46+00","-16.3352416","-71.5820133",28,0,0,0,"2577.9","0.0",14,0,"0.7",7,"0101000020E61000009255B6B43FE551C03B42BC64D25530C0","{""1"":{},""2"":{},""4"":{},""8"":{}}","2025-06-25 18:34:45.47+00","2025-06-25 18:34:45.47+00","2025-06-25 18:34:45.47+00"
614,"863192057915457",1,"2025-06-25 18:25:51+00","-16.3352416","-71.5820133",29,0,0,0,"2577.9","0.0",15,0,"0.6",7,"0101000020E61000009255B6B43FE551C03B42BC64D25530C0","{""1"":{},""2"":{},""4"":{},""8"":{}}","2025-06-25 18:34:45.473+00","2025-06-25 18:34:45.473+00","2025-06-25 18:34:45.473+00"
615,"863192057915457",1,"2025-06-25 18:25:56+00","-16.3352416","-71.5820133",0,0,0,0,"2577.9","0.0",15,0,"0.6",7,"0101000020E61000009255B6B43FE551C03B42BC64D25530C0","{""1"":{},""2"":{},""4"":{},""8"":{}}","2025-06-25 18:34:47.447+00","2025-06-25 18:34:47.447+00","2025-06-25 18:34:47.447+00"
616,"863192057915457",1,"2025-06-25 18:26:01+00","-16.3352416","-71.5820133",1,0,0,0,"2577.9","0.0",15,0,"0.6",7,"0101000020E61000009255B6B43FE551C03B42BC64D25530C0","{""1"":{},""2"":{},""4"":{},""8"":{}}","2025-06-25 18:34:47.455+00","2025-06-25 18:34:47.455+00","2025-06-25 18:34:47.455+00"
617,"863192057915457",1,"2025-06-25 18:26:06+00","-16.3352416","-71.5820133",2,0,0,0,"2577.9","0.0",15,0,"0.6",7,"0101000020E61000009255B6B43FE551C03B42BC64D25530C0","{""1"":{},""2"":{},""4"":{},""8"":{}}","2025-06-25 18:34:47.459+00","2025-06-25 18:34:47.459+00","2025-06-25 18:34:47.459+00"
618,"863192057915457",1,"2025-06-25 18:26:11+00","-16.3352416","-71.5820133",3,0,0,0,"2577.9","0.0",15,0,"0.6",7,"0101000020E61000009255B6B43FE551C03B42BC64D25530C0","{""1"":{},""2"":{},""4"":{},""8"":{}}","2025-06-25 18:34:47.462+00","2025-06-25 18:34:47.462+00","2025-06-25 18:34:47.462+00"
619,"863192057915457",1,"2025-06-25 18:26:16+00","-16.3352416","-71.5820133",4,0,0,0,"2577.9","0.0",15,0,"0.6",7,"0101000020E61000009255B6B43FE551C03B42BC64D25530C0","{""1"":{},""2"":{},""4"":{},""8"":{}}","2025-06-25 18:34:47.465+00","2025-06-25 18:34:47.465+00","2025-06-25 18:34:47.465+00"
620,"863192057915457",1,"2025-06-25 18:26:21+00","-16.3352416","-71.5820133",5,0,0,0,"2577.9","0.0",15,0,"0.6",7,"0101000020E61000009255B6B43FE551C03B42BC64D25530C0","{""1"":{},""2"":{},""4"":{},""8"":{}}","2025-06-25 18:34:47.468+00","2025-06-25 18:34:47.468+00","2025-06-25 18:34:47.468+00"
621,"863192057915457",1,"2025-06-25 18:26:26+00","-16.3352416","-71.5820133",6,0,0,0,"2577.9","0.0",16,0,"0.6",7,"0101000020E61000009255B6B43FE551C03B42BC64D25530C0","{""1"":{},""2"":{},""4"":{},""8"":{}}","2025-06-25 18:34:47.472+00","2025-06-25 18:34:47.472+00","2025-06-25 18:34:47.472+00"
622,"863192057915457",1,"2025-06-25 18:26:31+00","-16.3352416","-71.5820133",7,0,0,0,"2577.9","0.0",15,0,"0.6",7,"0101000020E61000009255B6B43FE551C03B42BC64D25530C0","{""1"":{},""2"":{},""4"":{},""8"":{}}","2025-06-25 18:34:47.476+00","2025-06-25 18:34:47.477+00","2025-06-25 18:34:47.477+00"
623,"863192057915457",1,"2025-06-25 18:26:36+00","-16.3352416","-71.5820133",8,0,0,0,"2577.9","0.0",16,0,"0.6",7,"0101000020E61000009255B6B43FE551C03B42BC64D25530C0","{""1"":{},""2"":{},""4"":{},""8"":{}}","2025-06-25 18:34:47.48+00","2025-06-25 18:34:47.48+00","2025-06-25 18:34:47.48+00"
624,"863192057915457",1,"2025-06-25 18:26:41+00","-16.3352416","-71.5820133",9,0,0,0,"2577.9","0.0",16,0,"0.6",7,"0101000020E61000009255B6B43FE551C03B42BC64D25530C0","{""1"":{},""2"":{},""4"":{},""8"":{}}","2025-06-25 18:34:47.484+00","2025-06-25 18:34:47.484+00","2025-06-25 18:34:47.484+00"
625,"863192057915457",1,"2025-06-25 18:26:46+00","-16.3352416","-71.5820133",10,0,0,0,"2577.9","0.0",16,0,"0.6",7,"0101000020E61000009255B6B43FE551C03B42BC64D25530C0","{""1"":{},""2"":{},""4"":{},""8"":{}}","2025-06-25 18:34:47.487+00","2025-06-25 18:34:47.487+00","2025-06-25 18:34:47.487+00"
626,"863192057915457",1,"2025-06-25 18:26:51+00","-16.3352416","-71.5820133",11,0,0,0,"2577.9","0.0",16,0,"0.6",7,"0101000020E61000009255B6B43FE551C03B42BC64D25530C0","{""1"":{},""2"":{},""4"":{},""8"":{}}","2025-06-25 18:34:47.49+00","2025-06-25 18:34:47.49+00","2025-06-25 18:34:47.49+00"
627,"863192057915457",1,"2025-06-25 18:26:56+00","-16.3352416","-71.5820133",12,0,0,0,"2577.9","0.0",16,0,"0.6",7,"0101000020E61000009255B6B43FE551C03B42BC64D25530C0","{""1"":{},""2"":{},""4"":{},""8"":{}}","2025-06-25 18:34:47.493+00","2025-06-25 18:34:47.493+00","2025-06-25 18:34:47.493+00"
628,"863192057915457",1,"2025-06-25 18:27:01+00","-16.3352416","-71.5820133",13,0,0,0,"2577.9","0.0",16,0,"0.6",7,"0101000020E61000009255B6B43FE551C03B42BC64D25530C0","{""1"":{},""2"":{},""4"":{},""8"":{}}","2025-06-25 18:34:47.496+00","2025-06-25 18:34:47.496+00","2025-06-25 18:34:47.496+00"
629,"863192057915457",1,"2025-06-25 18:27:06+00","-16.3352416","-71.5820133",14,0,0,0,"2577.9","0.0",15,0,"0.6",7,"0101000020E61000009255B6B43FE551C03B42BC64D25530C0","{""1"":{},""2"":{},""4"":{},""8"":{}}","2025-06-25 18:34:47.499+00","2025-06-25 18:34:47.499+00","2025-06-25 18:34:47.499+00"
630,"863192057915457",1,"2025-06-25 18:27:11+00","-16.3352416","-71.5820133",15,0,0,0,"2577.9","0.0",15,0,"0.6",7,"0101000020E61000009255B6B43FE551C03B42BC64D25530C0","{""1"":{},""2"":{},""4"":{},""8"":{}}","2025-06-25 18:34:47.502+00","2025-06-25 18:34:47.503+00","2025-06-25 18:34:47.503+00"
631,"863192057915457",1,"2025-06-25 18:27:16+00","-16.3352416","-71.5820133",16,0,0,0,"2577.9","0.0",16,0,"0.6",7,"0101000020E61000009255B6B43FE551C03B42BC64D25530C0","{""1"":{},""2"":{},""4"":{},""8"":{}}","2025-06-25 18:34:47.506+00","2025-06-25 18:34:47.506+00","2025-06-25 18:34:47.506+00"
632,"863192057915457",1,"2025-06-25 18:27:21+00","-16.3352416","-71.5820133",17,0,0,0,"2577.9","0.0",17,0,"0.6",7,"0101000020E61000009255B6B43FE551C03B42BC64D25530C0","{""1"":{},""2"":{},""4"":{},""8"":{}}","2025-06-25 18:34:47.509+00","2025-06-25 18:34:47.509+00","2025-06-25 18:34:47.509+00"
633,"863192057915457",1,"2025-06-25 18:27:26+00","-16.3352416","-71.5820133",18,0,0,0,"2577.9","0.0",17,0,"0.6",7,"0101000020E61000009255B6B43FE551C03B42BC64D25530C0","{""1"":{},""2"":{},""4"":{},""8"":{}}","2025-06-25 18:34:47.512+00","2025-06-25 18:34:47.512+00","2025-06-25 18:34:47.512+00"
634,"863192057915457",1,"2025-06-25 18:27:31+00","-16.3352416","-71.5820133",19,0,0,0,"2577.9","0.0",17,0,"0.6",7,"0101000020E61000009255B6B43FE551C03B42BC64D25530C0","{""1"":{},""2"":{},""4"":{},""8"":{}}","2025-06-25 18:34:47.514+00","2025-06-25 18:34:47.514+00","2025-06-25 18:34:47.514+00"
635,"863192057915457",1,"2025-06-25 18:27:36+00","-16.3352416","-71.5820133",20,0,0,0,"2577.9","0.0",17,0,"0.6",7,"0101000020E61000009255B6B43FE551C03B42BC64D25530C0","{""1"":{},""2"":{},""4"":{},""8"":{}}","2025-06-25 18:34:47.517+00","2025-06-25 18:34:47.517+00","2025-06-25 18:34:47.517+00"
636,"863192057915457",1,"2025-06-25 18:27:41+00","-16.3352416","-71.5820133",21,0,0,0,"2577.9","0.0",18,0,"0.5",7,"0101000020E61000009255B6B43FE551C03B42BC64D25530C0","{""1"":{},""2"":{},""4"":{},""8"":{}}","2025-06-25 18:34:47.527+00","2025-06-25 18:34:47.527+00","2025-06-25 18:34:47.527+00"
637,"863192057915457",1,"2025-06-25 18:27:46+00","-16.3352416","-71.5820133",22,0,0,0,"2577.9","0.0",18,0,"0.5",7,"0101000020E61000009255B6B43FE551C03B42BC64D25530C0","{""1"":{},""2"":{},""4"":{},""8"":{}}","2025-06-25 18:34:47.53+00","2025-06-25 18:34:47.53+00","2025-06-25 18:34:47.53+00"
638,"863192057915457",1,"2025-06-25 18:27:51+00","-16.3352416","-71.5820133",23,0,0,0,"2577.9","0.0",18,0,"0.6",7,"0101000020E61000009255B6B43FE551C03B42BC64D25530C0","{""1"":{},""2"":{},""4"":{},""8"":{}}","2025-06-25 18:34:47.534+00","2025-06-25 18:34:47.534+00","2025-06-25 18:34:47.534+00"
639,"863192057915457",1,"2025-06-25 18:27:56+00","-16.3352416","-71.5820133",24,0,0,0,"2577.9","0.0",18,0,"0.6",7,"0101000020E61000009255B6B43FE551C03B42BC64D25530C0","{""1"":{},""2"":{},""4"":{},""8"":{}}","2025-06-25 18:34:47.537+00","2025-06-25 18:34:47.537+00","2025-06-25 18:34:47.537+00"
640,"863192057915457",1,"2025-06-25 18:28:01+00","-16.3352416","-71.5820133",25,0,0,0,"2577.9","0.0",18,0,"0.6",7,"0101000020E61000009255B6B43FE551C03B42BC64D25530C0","{""1"":{},""2"":{},""4"":{},""8"":{}}","2025-06-25 18:34:47.539+00","2025-06-25 18:34:47.539+00","2025-06-25 18:34:47.539+00"
641,"863192057915457",1,"2025-06-25 18:28:06+00","-16.3352466","-71.5820116",26,0,0,0,"2576.2","0.0",18,0,"0.6",7,"0101000020E610000021F994AD3FE551C05F189FB8D25530C0","{""1"":{},""2"":{},""4"":{},""8"":{}}","2025-06-25 18:34:47.542+00","2025-06-25 18:34:47.542+00","2025-06-25 18:34:47.542+00"
642,"863192057915457",1,"2025-06-25 18:28:11+00","-16.3352466","-71.5820116",27,0,0,0,"2576.2","0.0",18,0,"0.6",7,"0101000020E610000021F994AD3FE551C05F189FB8D25530C0","{""1"":{},""2"":{},""4"":{},""8"":{}}","2025-06-25 18:34:47.545+00","2025-06-25 18:34:47.545+00","2025-06-25 18:34:47.545+00"
643,"863192057915457",1,"2025-06-25 18:28:16+00","-16.3352466","-71.5820116",28,0,0,0,"2576.2","0.0",18,0,"0.5",7,"0101000020E610000021F994AD3FE551C05F189FB8D25530C0","{""1"":{},""2"":{},""4"":{},""8"":{}}","2025-06-25 18:34:47.548+00","2025-06-25 18:34:47.548+00","2025-06-25 18:34:47.548+00"
644,"863192057915457",1,"2025-06-25 18:28:21+00","-16.3352466","-71.5820116",29,0,0,0,"2576.2","0.0",19,0,"0.5",7,"0101000020E610000021F994AD3FE551C05F189FB8D25530C0","{""1"":{},""2"":{},""4"":{},""8"":{}}","2025-06-25 18:34:47.551+00","2025-06-25 18:34:47.551+00","2025-06-25 18:34:47.551+00"
645,"863192057915457",1,"2025-06-25 18:28:26+00","-16.3352466","-71.5820116",0,0,0,0,"2576.2","0.0",19,0,"0.5",7,"0101000020E610000021F994AD3FE551C05F189FB8D25530C0","{""1"":{},""2"":{},""4"":{},""8"":{}}","2025-06-25 18:34:49.127+00","2025-06-25 18:34:49.127+00","2025-06-25 18:34:49.127+00"
646,"863192057915457",1,"2025-06-25 18:28:31+00","-16.3352466","-71.5820116",1,0,0,0,"2576.2","0.0",18,0,"0.5",7,"0101000020E610000021F994AD3FE551C05F189FB8D25530C0","{""1"":{},""2"":{},""4"":{},""8"":{}}","2025-06-25 18:34:49.135+00","2025-06-25 18:34:49.135+00","2025-06-25 18:34:49.135+00"
647,"863192057915457",1,"2025-06-25 18:28:36+00","-16.3352466","-71.5820116",2,0,0,0,"2576.2","0.0",19,0,"0.5",7,"0101000020E610000021F994AD3FE551C05F189FB8D25530C0","{""1"":{},""2"":{},""4"":{},""8"":{}}","2025-06-25 18:34:49.138+00","2025-06-25 18:34:49.138+00","2025-06-25 18:34:49.138+00"
648,"863192057915457",1,"2025-06-25 18:28:41+00","-16.3352466","-71.5820116",3,0,0,0,"2576.2","0.0",19,0,"0.5",7,"0101000020E610000021F994AD3FE551C05F189FB8D25530C0","{""1"":{},""2"":{},""4"":{},""8"":{}}","2025-06-25 18:34:49.141+00","2025-06-25 18:34:49.141+00","2025-06-25 18:34:49.141+00"
649,"863192057915457",1,"2025-06-25 18:28:46+00","-16.3352466","-71.5820116",4,0,0,0,"2576.2","0.0",19,0,"0.5",7,"0101000020E610000021F994AD3FE551C05F189FB8D25530C0","{""1"":{},""2"":{},""4"":{},""8"":{}}","2025-06-25 18:34:49.143+00","2025-06-25 18:34:49.143+00","2025-06-25 18:34:49.143+00"
650,"863192057915457",1,"2025-06-25 18:28:51+00","-16.3352466","-71.5820116",5,0,0,0,"2576.2","0.0",19,0,"0.5",7,"0101000020E610000021F994AD3FE551C05F189FB8D25530C0","{""1"":{},""2"":{},""4"":{},""8"":{}}","2025-06-25 18:34:49.146+00","2025-06-25 18:34:49.146+00","2025-06-25 18:34:49.146+00"
651,"863192057915457",1,"2025-06-25 18:28:56+00","-16.3352466","-71.5820116",6,0,0,0,"2576.2","0.0",19,0,"0.5",7,"0101000020E610000021F994AD3FE551C05F189FB8D25530C0","{""1"":{},""2"":{},""4"":{},""8"":{}}","2025-06-25 18:34:49.148+00","2025-06-25 18:34:49.148+00","2025-06-25 18:34:49.148+00"
652,"863192057915457",1,"2025-06-25 18:29:01+00","-16.3352466","-71.5820116",7,0,0,0,"2576.2","0.0",19,0,"0.5",7,"0101000020E610000021F994AD3FE551C05F189FB8D25530C0","{""1"":{},""2"":{},""4"":{},""8"":{}}","2025-06-25 18:34:49.151+00","2025-06-25 18:34:49.151+00","2025-06-25 18:34:49.151+00"
653,"863192057915457",1,"2025-06-25 18:29:06+00","-16.3352466","-71.5820116",8,0,0,0,"2576.2","0.0",19,0,"0.5",7,"0101000020E610000021F994AD3FE551C05F189FB8D25530C0","{""1"":{},""2"":{},""4"":{},""8"":{}}","2025-06-25 18:34:49.153+00","2025-06-25 18:34:49.154+00","2025-06-25 18:34:49.154+00"
654,"863192057915457",1,"2025-06-25 18:29:11+00","-16.3352466","-71.5820116",9,0,0,0,"2576.2","0.0",19,0,"0.5",7,"0101000020E610000021F994AD3FE551C05F189FB8D25530C0","{""1"":{},""2"":{},""4"":{},""8"":{}}","2025-06-25 18:34:49.156+00","2025-06-25 18:34:49.157+00","2025-06-25 18:34:49.157+00"
655,"863192057915457",1,"2025-06-25 18:29:16+00","-16.3352466","-71.5820116",10,0,0,0,"2576.2","0.0",19,0,"0.5",7,"0101000020E610000021F994AD3FE551C05F189FB8D25530C0","{""1"":{},""2"":{},""4"":{},""8"":{}}","2025-06-25 18:34:49.159+00","2025-06-25 18:34:49.159+00","2025-06-25 18:34:49.159+00"
656,"863192057915457",1,"2025-06-25 18:29:21+00","-16.3352466","-71.5820116",11,0,0,0,"2576.2","0.0",19,0,"0.5",7,"0101000020E610000021F994AD3FE551C05F189FB8D25530C0","{""1"":{},""2"":{},""4"":{},""8"":{}}","2025-06-25 18:34:49.162+00","2025-06-25 18:34:49.162+00","2025-06-25 18:34:49.162+00"
657,"863192057915457",1,"2025-06-25 18:29:26+00","-16.3352466","-71.5820116",12,0,0,0,"2576.2","0.0",19,0,"0.5",7,"0101000020E610000021F994AD3FE551C05F189FB8D25530C0","{""1"":{},""2"":{},""4"":{},""8"":{}}","2025-06-25 18:34:49.164+00","2025-06-25 18:34:49.164+00","2025-06-25 18:34:49.164+00"
658,"863192057915457",1,"2025-06-25 18:29:31+00","-16.3352466","-71.5820116",13,0,0,0,"2576.2","0.0",19,0,"0.5",7,"0101000020E610000021F994AD3FE551C05F189FB8D25530C0","{""1"":{},""2"":{},""4"":{},""8"":{}}","2025-06-25 18:34:49.166+00","2025-06-25 18:34:49.167+00","2025-06-25 18:34:49.167+00"
659,"863192057915457",1,"2025-06-25 18:29:36+00","-16.3352466","-71.5820116",14,0,0,0,"2576.2","0.0",19,0,"0.5",7,"0101000020E610000021F994AD3FE551C05F189FB8D25530C0","{""1"":{},""2"":{},""4"":{},""8"":{}}","2025-06-25 18:34:49.169+00","2025-06-25 18:34:49.17+00","2025-06-25 18:34:49.17+00"
660,"863192057915457",1,"2025-06-25 18:29:41+00","-16.3352466","-71.5820116",15,0,0,0,"2576.2","0.0",19,0,"0.5",7,"0101000020E610000021F994AD3FE551C05F189FB8D25530C0","{""1"":{},""2"":{},""4"":{},""8"":{}}","2025-06-25 18:34:49.172+00","2025-06-25 18:34:49.172+00","2025-06-25 18:34:49.172+00"
661,"863192057915457",1,"2025-06-25 18:29:46+00","-16.3352466","-71.5820116",16,0,0,0,"2576.2","0.0",19,0,"0.5",7,"0101000020E610000021F994AD3FE551C05F189FB8D25530C0","{""1"":{},""2"":{},""4"":{},""8"":{}}","2025-06-25 18:34:49.174+00","2025-06-25 18:34:49.174+00","2025-06-25 18:34:49.174+00"
662,"863192057915457",1,"2025-06-25 18:29:51+00","-16.3352466","-71.5820116",17,0,0,0,"2576.2","0.0",19,0,"0.5",7,"0101000020E610000021F994AD3FE551C05F189FB8D25530C0","{""1"":{},""2"":{},""4"":{},""8"":{}}","2025-06-25 18:34:49.177+00","2025-06-25 18:34:49.177+00","2025-06-25 18:34:49.177+00"
663,"863192057915457",1,"2025-06-25 18:29:56+00","-16.3352466","-71.5820100",18,0,0,0,"2576.4","0.0",19,0,"0.5",7,"0101000020E61000007AFCDEA63FE551C05F189FB8D25530C0","{""1"":{},""2"":{},""4"":{},""8"":{}}","2025-06-25 18:34:49.179+00","2025-06-25 18:34:49.18+00","2025-06-25 18:34:49.18+00"
664,"863192057915457",1,"2025-06-25 18:30:01+00","-16.3352466","-71.5820100",19,0,0,0,"2576.4","0.0",19,0,"0.5",7,"0101000020E61000007AFCDEA63FE551C05F189FB8D25530C0","{""1"":{},""2"":{},""4"":{},""8"":{}}","2025-06-25 18:34:49.182+00","2025-06-25 18:34:49.182+00","2025-06-25 18:34:49.182+00"
665,"863192057915457",1,"2025-06-25 18:30:06+00","-16.3352466","-71.5820100",20,0,0,0,"2576.4","0.0",19,0,"0.5",7,"0101000020E61000007AFCDEA63FE551C05F189FB8D25530C0","{""1"":{},""2"":{},""4"":{},""8"":{}}","2025-06-25 18:34:49.184+00","2025-06-25 18:34:49.184+00","2025-06-25 18:34:49.184+00"
666,"863192057915457",1,"2025-06-25 18:30:11+00","-16.3352466","-71.5820100",21,0,0,0,"2576.4","0.0",19,0,"0.5",7,"0101000020E61000007AFCDEA63FE551C05F189FB8D25530C0","{""1"":{},""2"":{},""4"":{},""8"":{}}","2025-06-25 18:34:49.186+00","2025-06-25 18:34:49.186+00","2025-06-25 18:34:49.186+00"
667,"863192057915457",1,"2025-06-25 18:30:16+00","-16.3352466","-71.5820100",22,0,0,0,"2576.4","0.0",19,0,"0.5",7,"0101000020E61000007AFCDEA63FE551C05F189FB8D25530C0","{""1"":{},""2"":{},""4"":{},""8"":{}}","2025-06-25 18:34:49.189+00","2025-06-25 18:34:49.189+00","2025-06-25 18:34:49.189+00"
668,"863192057915457",1,"2025-06-25 18:30:21+00","-16.3352466","-71.5820100",23,0,0,0,"2576.4","0.0",19,0,"0.5",7,"0101000020E61000007AFCDEA63FE551C05F189FB8D25530C0","{""1"":{},""2"":{},""4"":{},""8"":{}}","2025-06-25 18:34:49.191+00","2025-06-25 18:34:49.191+00","2025-06-25 18:34:49.191+00"
669,"863192057915457",1,"2025-06-25 18:30:26+00","-16.3352466","-71.5820100",24,0,0,0,"2576.4","0.0",19,0,"0.5",7,"0101000020E61000007AFCDEA63FE551C05F189FB8D25530C0","{""1"":{},""2"":{},""4"":{},""8"":{}}","2025-06-25 18:34:49.194+00","2025-06-25 18:34:49.194+00","2025-06-25 18:34:49.194+00"
670,"863192057915457",1,"2025-06-25 18:30:31+00","-16.3352466","-71.5820100",25,0,0,0,"2576.4","0.0",19,0,"0.5",7,"0101000020E61000007AFCDEA63FE551C05F189FB8D25530C0","{""1"":{},""2"":{},""4"":{},""8"":{}}","2025-06-25 18:34:49.196+00","2025-06-25 18:34:49.196+00","2025-06-25 18:34:49.196+00"
671,"863192057915457",1,"2025-06-25 18:30:36+00","-16.3352466","-71.5820100",26,0,0,0,"2576.4","0.0",19,0,"0.5",7,"0101000020E61000007AFCDEA63FE551C05F189FB8D25530C0","{""1"":{},""2"":{},""4"":{},""8"":{}}","2025-06-25 18:34:49.199+00","2025-06-25 18:34:49.199+00","2025-06-25 18:34:49.199+00"
672,"863192057915457",1,"2025-06-25 18:30:41+00","-16.3352466","-71.5820100",27,0,0,0,"2576.4","0.0",19,0,"0.5",7,"0101000020E61000007AFCDEA63FE551C05F189FB8D25530C0","{""1"":{},""2"":{},""4"":{},""8"":{}}","2025-06-25 18:34:49.202+00","2025-06-25 18:34:49.202+00","2025-06-25 18:34:49.202+00"
673,"863192057915457",1,"2025-06-25 18:30:46+00","-16.3352466","-71.5820100",28,0,0,0,"2576.4","0.0",19,0,"0.5",7,"0101000020E61000007AFCDEA63FE551C05F189FB8D25530C0","{""1"":{},""2"":{},""4"":{},""8"":{}}","2025-06-25 18:34:49.204+00","2025-06-25 18:34:49.204+00","2025-06-25 18:34:49.204+00"
674,"863192057915457",1,"2025-06-25 18:30:51+00","-16.3352466","-71.5820100",29,0,0,0,"2576.4","0.0",19,0,"0.5",7,"0101000020E61000007AFCDEA63FE551C05F189FB8D25530C0","{""1"":{},""2"":{},""4"":{},""8"":{}}","2025-06-25 18:34:49.207+00","2025-06-25 18:34:49.207+00","2025-06-25 18:34:49.207+00"
675,"863192057915457",1,"2025-06-25 18:30:56+00","-16.3352466","-71.5820100",0,0,0,0,"2576.4","0.0",19,0,"0.5",7,"0101000020E61000007AFCDEA63FE551C05F189FB8D25530C0","{""1"":{},""2"":{},""4"":{},""8"":{}}","2025-06-25 18:34:50.68+00","2025-06-25 18:34:50.68+00","2025-06-25 18:34:50.68+00"
676,"863192057915457",1,"2025-06-25 18:31:01+00","-16.3352466","-71.5820100",1,0,0,0,"2576.4","0.0",19,0,"0.5",7,"0101000020E61000007AFCDEA63FE551C05F189FB8D25530C0","{""1"":{},""2"":{},""4"":{},""8"":{}}","2025-06-25 18:34:50.687+00","2025-06-25 18:34:50.687+00","2025-06-25 18:34:50.687+00"
677,"863192057915457",1,"2025-06-25 18:31:06+00","-16.3352466","-71.5820100",2,0,0,0,"2576.4","0.0",19,0,"0.5",7,"0101000020E61000007AFCDEA63FE551C05F189FB8D25530C0","{""1"":{},""2"":{},""4"":{},""8"":{}}","2025-06-25 18:34:50.69+00","2025-06-25 18:34:50.69+00","2025-06-25 18:34:50.69+00"
678,"863192057915457",1,"2025-06-25 18:31:11+00","-16.3352466","-71.5820100",3,0,0,0,"2576.4","0.0",19,0,"0.5",7,"0101000020E61000007AFCDEA63FE551C05F189FB8D25530C0","{""1"":{},""2"":{},""4"":{},""8"":{}}","2025-06-25 18:34:50.693+00","2025-06-25 18:34:50.693+00","2025-06-25 18:34:50.693+00"
679,"863192057915457",1,"2025-06-25 18:31:16+00","-16.3352466","-71.5820100",4,0,0,0,"2576.4","0.0",18,0,"0.5",7,"0101000020E61000007AFCDEA63FE551C05F189FB8D25530C0","{""1"":{},""2"":{},""4"":{},""8"":{}}","2025-06-25 18:34:50.696+00","2025-06-25 18:34:50.696+00","2025-06-25 18:34:50.696+00"
680,"863192057915457",1,"2025-06-25 18:31:21+00","-16.3352466","-71.5820100",5,0,0,0,"2576.4","0.0",18,0,"0.5",7,"0101000020E61000007AFCDEA63FE551C05F189FB8D25530C0","{""1"":{},""2"":{},""4"":{},""8"":{}}","2025-06-25 18:34:50.698+00","2025-06-25 18:34:50.698+00","2025-06-25 18:34:50.698+00"
681,"863192057915457",1,"2025-06-25 18:31:26+00","-16.3352466","-71.5820100",6,0,0,0,"2576.4","0.0",18,0,"0.5",7,"0101000020E61000007AFCDEA63FE551C05F189FB8D25530C0","{""1"":{},""2"":{},""4"":{},""8"":{}}","2025-06-25 18:34:50.701+00","2025-06-25 18:34:50.701+00","2025-06-25 18:34:50.701+00"
682,"863192057915457",1,"2025-06-25 18:31:31+00","-16.3352466","-71.5820100",7,0,0,0,"2576.4","0.0",19,0,"0.5",7,"0101000020E61000007AFCDEA63FE551C05F189FB8D25530C0","{""1"":{},""2"":{},""4"":{},""8"":{}}","2025-06-25 18:34:50.704+00","2025-06-25 18:34:50.704+00","2025-06-25 18:34:50.704+00"
683,"863192057915457",1,"2025-06-25 18:31:36+00","-16.3352466","-71.5820100",8,0,0,0,"2576.4","0.0",19,0,"0.5",7,"0101000020E61000007AFCDEA63FE551C05F189FB8D25530C0","{""1"":{},""2"":{},""4"":{},""8"":{}}","2025-06-25 18:34:50.706+00","2025-06-25 18:34:50.706+00","2025-06-25 18:34:50.706+00"
684,"863192057915457",1,"2025-06-25 18:31:41+00","-16.3352450","-71.5820100",9,0,0,0,"2576.7","0.0",19,0,"0.5",7,"0101000020E61000007AFCDEA63FE551C0C425C79DD25530C0","{""1"":{},""2"":{},""4"":{},""8"":{}}","2025-06-25 18:34:50.709+00","2025-06-25 18:34:50.709+00","2025-06-25 18:34:50.709+00"
685,"863192057915457",1,"2025-06-25 18:31:46+00","-16.3352450","-71.5820100",10,0,0,0,"2576.7","0.0",19,0,"0.5",7,"0101000020E61000007AFCDEA63FE551C0C425C79DD25530C0","{""1"":{},""2"":{},""4"":{},""8"":{}}","2025-06-25 18:34:50.711+00","2025-06-25 18:34:50.711+00","2025-06-25 18:34:50.711+00"
686,"863192057915457",1,"2025-06-25 18:31:51+00","-16.3352450","-71.5820100",11,0,0,0,"2576.7","0.0",19,0,"0.5",7,"0101000020E61000007AFCDEA63FE551C0C425C79DD25530C0","{""1"":{},""2"":{},""4"":{},""8"":{}}","2025-06-25 18:34:50.714+00","2025-06-25 18:34:50.714+00","2025-06-25 18:34:50.714+00"
687,"863192057915457",1,"2025-06-25 18:31:56+00","-16.3352450","-71.5820100",12,0,0,0,"2576.7","0.0",19,0,"0.5",7,"0101000020E61000007AFCDEA63FE551C0C425C79DD25530C0","{""1"":{},""2"":{},""4"":{},""8"":{}}","2025-06-25 18:34:50.717+00","2025-06-25 18:34:50.717+00","2025-06-25 18:34:50.717+00"
688,"863192057915457",1,"2025-06-25 18:32:01+00","-16.3352450","-71.5820100",13,0,0,0,"2576.7","0.0",19,0,"0.5",7,"0101000020E61000007AFCDEA63FE551C0C425C79DD25530C0","{""1"":{},""2"":{},""4"":{},""8"":{}}","2025-06-25 18:34:50.719+00","2025-06-25 18:34:50.719+00","2025-06-25 18:34:50.719+00"
689,"863192057915457",1,"2025-06-25 18:32:06+00","-16.3352450","-71.5820100",14,0,0,0,"2576.7","0.0",18,0,"0.5",7,"0101000020E61000007AFCDEA63FE551C0C425C79DD25530C0","{""1"":{},""2"":{},""4"":{},""8"":{}}","2025-06-25 18:34:50.722+00","2025-06-25 18:34:50.722+00","2025-06-25 18:34:50.722+00"
690,"863192057915457",1,"2025-06-25 18:32:11+00","-16.3352450","-71.5820100",15,0,0,0,"2576.7","0.0",18,0,"0.5",7,"0101000020E61000007AFCDEA63FE551C0C425C79DD25530C0","{""1"":{},""2"":{},""4"":{},""8"":{}}","2025-06-25 18:34:50.724+00","2025-06-25 18:34:50.724+00","2025-06-25 18:34:50.724+00"
691,"863192057915457",1,"2025-06-25 18:32:16+00","-16.3352450","-71.5820100",16,0,0,0,"2576.7","0.0",18,0,"0.6",7,"0101000020E61000007AFCDEA63FE551C0C425C79DD25530C0","{""1"":{},""2"":{},""4"":{},""8"":{}}","2025-06-25 18:34:50.727+00","2025-06-25 18:34:50.727+00","2025-06-25 18:34:50.727+00"
692,"863192057915457",1,"2025-06-25 18:32:21+00","-16.3352450","-71.5820100",17,0,0,0,"2576.7","0.0",19,0,"0.5",7,"0101000020E61000007AFCDEA63FE551C0C425C79DD25530C0","{""1"":{},""2"":{},""4"":{},""8"":{}}","2025-06-25 18:34:50.729+00","2025-06-25 18:34:50.729+00","2025-06-25 18:34:50.729+00"
693,"863192057915457",1,"2025-06-25 18:32:26+00","-16.3352450","-71.5820100",18,0,0,0,"2576.7","0.0",19,0,"0.5",7,"0101000020E61000007AFCDEA63FE551C0C425C79DD25530C0","{""1"":{},""2"":{},""4"":{},""8"":{}}","2025-06-25 18:34:50.732+00","2025-06-25 18:34:50.732+00","2025-06-25 18:34:50.732+00"
694,"863192057915457",1,"2025-06-25 18:32:31+00","-16.3352450","-71.5820100",19,0,0,0,"2576.7","0.0",19,0,"0.5",7,"0101000020E61000007AFCDEA63FE551C0C425C79DD25530C0","{""1"":{},""2"":{},""4"":{},""8"":{}}","2025-06-25 18:34:50.734+00","2025-06-25 18:34:50.734+00","2025-06-25 18:34:50.734+00"
695,"863192057915457",1,"2025-06-25 18:32:36+00","-16.3352450","-71.5820100",20,0,0,0,"2576.7","0.0",19,0,"0.5",7,"0101000020E61000007AFCDEA63FE551C0C425C79DD25530C0","{""1"":{},""2"":{},""4"":{},""8"":{}}","2025-06-25 18:34:50.737+00","2025-06-25 18:34:50.737+00","2025-06-25 18:34:50.737+00"
696,"863192057915457",1,"2025-06-25 18:32:41+00","-16.3352450","-71.5820100",21,0,0,0,"2576.7","0.0",19,0,"0.5",7,"0101000020E61000007AFCDEA63FE551C0C425C79DD25530C0","{""1"":{},""2"":{},""4"":{},""8"":{}}","2025-06-25 18:34:50.739+00","2025-06-25 18:34:50.74+00","2025-06-25 18:34:50.74+00"
697,"863192057915457",1,"2025-06-25 18:32:46+00","-16.3352450","-71.5820100",22,0,0,0,"2576.7","0.0",19,0,"0.5",7,"0101000020E61000007AFCDEA63FE551C0C425C79DD25530C0","{""1"":{},""2"":{},""4"":{},""8"":{}}","2025-06-25 18:34:50.742+00","2025-06-25 18:34:50.742+00","2025-06-25 18:34:50.742+00"
698,"863192057915457",1,"2025-06-25 18:32:51+00","-16.3352450","-71.5820100",23,0,0,0,"2576.7","0.0",19,0,"0.5",7,"0101000020E61000007AFCDEA63FE551C0C425C79DD25530C0","{""1"":{},""2"":{},""4"":{},""8"":{}}","2025-06-25 18:34:50.744+00","2025-06-25 18:34:50.744+00","2025-06-25 18:34:50.744+00"
699,"863192057915457",1,"2025-06-25 18:32:56+00","-16.3352450","-71.5820100",24,0,0,0,"2576.7","0.0",19,0,"0.5",7,"0101000020E61000007AFCDEA63FE551C0C425C79DD25530C0","{""1"":{},""2"":{},""4"":{},""8"":{}}","2025-06-25 18:34:50.747+00","2025-06-25 18:34:50.747+00","2025-06-25 18:34:50.747+00"
700,"863192057915457",1,"2025-06-25 18:33:01+00","-16.3352450","-71.5820100",25,0,0,0,"2576.7","0.0",19,0,"0.5",7,"0101000020E61000007AFCDEA63FE551C0C425C79DD25530C0","{""1"":{},""2"":{},""4"":{},""8"":{}}","2025-06-25 18:34:50.749+00","2025-06-25 18:34:50.749+00","2025-06-25 18:34:50.749+00"
701,"863192057915457",1,"2025-06-25 18:33:06+00","-16.3352450","-71.5820100",26,0,0,0,"2576.7","0.0",19,0,"0.5",7,"0101000020E61000007AFCDEA63FE551C0C425C79DD25530C0","{""1"":{},""2"":{},""4"":{},""8"":{}}","2025-06-25 18:34:50.752+00","2025-06-25 18:34:50.752+00","2025-06-25 18:34:50.752+00"
702,"863192057915457",1,"2025-06-25 18:33:11+00","-16.3352450","-71.5820100",27,0,0,0,"2576.7","0.0",19,0,"0.5",7,"0101000020E61000007AFCDEA63FE551C0C425C79DD25530C0","{""1"":{},""2"":{},""4"":{},""8"":{}}","2025-06-25 18:34:50.754+00","2025-06-25 18:34:50.754+00","2025-06-25 18:34:50.754+00"
703,"863192057915457",1,"2025-06-25 18:33:16+00","-16.3352450","-71.5820100",28,0,0,0,"2576.7","0.0",19,0,"0.5",7,"0101000020E61000007AFCDEA63FE551C0C425C79DD25530C0","{""1"":{},""2"":{},""4"":{},""8"":{}}","2025-06-25 18:34:50.757+00","2025-06-25 18:34:50.757+00","2025-06-25 18:34:50.757+00"
704,"863192057915457",1,"2025-06-25 18:33:21+00","-16.3352450","-71.5820100",29,0,0,0,"2576.7","0.0",19,0,"0.5",7,"0101000020E61000007AFCDEA63FE551C0C425C79DD25530C0","{""1"":{},""2"":{},""4"":{},""8"":{}}","2025-06-25 18:34:50.759+00","2025-06-25 18:34:50.759+00","2025-06-25 18:34:50.759+00"
705,"863192057915457",1,"2025-06-25 18:33:26+00","-16.3352450","-71.5820100",0,0,0,0,"2576.7","0.0",19,0,"0.5",7,"0101000020E61000007AFCDEA63FE551C0C425C79DD25530C0","{""1"":{},""2"":{},""4"":{},""8"":{}}","2025-06-25 18:34:52.526+00","2025-06-25 18:34:52.526+00","2025-06-25 18:34:52.526+00"
706,"863192057915457",1,"2025-06-25 18:33:31+00","-16.3352450","-71.5820100",1,0,0,0,"2576.7","0.0",19,0,"0.5",7,"0101000020E61000007AFCDEA63FE551C0C425C79DD25530C0","{""1"":{},""2"":{},""4"":{},""8"":{}}","2025-06-25 18:34:52.53+00","2025-06-25 18:34:52.53+00","2025-06-25 18:34:52.53+00"
707,"863192057915457",1,"2025-06-25 18:33:36+00","-16.3352450","-71.5820100",2,0,0,0,"2576.7","0.0",19,0,"0.5",7,"0101000020E61000007AFCDEA63FE551C0C425C79DD25530C0","{""1"":{},""2"":{},""4"":{},""8"":{}}","2025-06-25 18:34:52.532+00","2025-06-25 18:34:52.532+00","2025-06-25 18:34:52.532+00"
708,"863192057915457",1,"2025-06-25 18:33:41+00","-16.3352450","-71.5820100",3,0,0,0,"2576.7","0.0",19,0,"0.6",7,"0101000020E61000007AFCDEA63FE551C0C425C79DD25530C0","{""1"":{},""2"":{},""4"":{},""8"":{}}","2025-06-25 18:34:52.534+00","2025-06-25 18:34:52.534+00","2025-06-25 18:34:52.534+00"
709,"863192057915457",1,"2025-06-25 18:33:46+00","-16.3352450","-71.5820100",4,0,0,0,"2576.7","0.0",19,0,"0.6",7,"0101000020E61000007AFCDEA63FE551C0C425C79DD25530C0","{""1"":{},""2"":{},""4"":{},""8"":{}}","2025-06-25 18:34:52.537+00","2025-06-25 18:34:52.537+00","2025-06-25 18:34:52.537+00"
710,"863192057915457",1,"2025-06-25 18:33:51+00","-16.3352450","-71.5820100",5,0,0,0,"2576.7","0.0",19,0,"0.6",7,"0101000020E61000007AFCDEA63FE551C0C425C79DD25530C0","{""1"":{},""2"":{},""4"":{},""8"":{}}","2025-06-25 18:34:52.54+00","2025-06-25 18:34:52.54+00","2025-06-25 18:34:52.54+00"
711,"863192057915457",1,"2025-06-25 18:33:56+00","-16.3352450","-71.5820100",6,0,0,0,"2576.7","0.0",19,0,"0.6",7,"0101000020E61000007AFCDEA63FE551C0C425C79DD25530C0","{""1"":{},""2"":{},""4"":{},""8"":{}}","2025-06-25 18:34:52.542+00","2025-06-25 18:34:52.542+00","2025-06-25 18:34:52.542+00"
712,"863192057915457",1,"2025-06-25 18:34:01+00","-16.3352450","-71.5820100",7,0,0,0,"2576.7","0.0",18,0,"0.7",7,"0101000020E61000007AFCDEA63FE551C0C425C79DD25530C0","{""1"":{},""2"":{},""4"":{},""8"":{}}","2025-06-25 18:34:52.545+00","2025-06-25 18:34:52.545+00","2025-06-25 18:34:52.545+00"
713,"863192057915457",1,"2025-06-25 18:34:06+00","-16.3352450","-71.5820100",8,0,0,0,"2576.7","0.0",19,0,"0.6",7,"0101000020E61000007AFCDEA63FE551C0C425C79DD25530C0","{""1"":{},""2"":{},""4"":{},""8"":{}}","2025-06-25 18:34:52.548+00","2025-06-25 18:34:52.548+00","2025-06-25 18:34:52.548+00"
714,"863192057915457",1,"2025-06-25 18:34:11+00","-16.3352450","-71.5820100",9,0,0,0,"2576.7","0.0",19,0,"0.5",7,"0101000020E61000007AFCDEA63FE551C0C425C79DD25530C0","{""1"":{},""2"":{},""4"":{},""8"":{}}","2025-06-25 18:34:52.551+00","2025-06-25 18:34:52.551+00","2025-06-25 18:34:52.551+00"
715,"863192057915457",1,"2025-06-25 18:34:16+00","-16.3352450","-71.5820100",10,0,0,0,"2576.7","0.0",19,0,"0.5",7,"0101000020E61000007AFCDEA63FE551C0C425C79DD25530C0","{""1"":{},""2"":{},""4"":{},""8"":{}}","2025-06-25 18:34:52.554+00","2025-06-25 18:34:52.554+00","2025-06-25 18:34:52.554+00"
716,"863192057915457",1,"2025-06-25 18:34:21+00","-16.3352416","-71.5820083",11,0,0,0,"2577.2","0.0",21,0,"0.5",7,"0101000020E610000009A0BD9F3FE551C03B42BC64D25530C0","{""1"":{},""2"":{},""4"":{},""8"":{}}","2025-06-25 18:34:52.556+00","2025-06-25 18:34:52.556+00","2025-06-25 18:34:52.556+00"
717,"863192057915457",1,"2025-06-25 18:34:26+00","-16.3352416","-71.5820083",12,0,0,0,"2577.2","0.0",21,0,"0.5",7,"0101000020E610000009A0BD9F3FE551C03B42BC64D25530C0","{""1"":{},""2"":{},""4"":{},""8"":{}}","2025-06-25 18:34:52.559+00","2025-06-25 18:34:52.559+00","2025-06-25 18:34:52.559+00"
718,"863192057915457",1,"2025-06-25 18:34:31+00","-16.3352416","-71.5820083",13,0,0,0,"2577.2","0.0",21,0,"0.5",7,"0101000020E610000009A0BD9F3FE551C03B42BC64D25530C0","{""1"":{},""2"":{},""4"":{},""8"":{}}","2025-06-25 18:34:52.561+00","2025-06-25 18:34:52.561+00","2025-06-25 18:34:52.561+00"
719,"863192057915457",1,"2025-06-25 18:34:36+00","-16.3352416","-71.5820083",14,0,0,0,"2577.2","0.0",21,0,"0.5",7,"0101000020E610000009A0BD9F3FE551C03B42BC64D25530C0","{""1"":{},""2"":{},""4"":{},""8"":{}}","2025-06-25 18:34:52.564+00","2025-06-25 18:34:52.564+00","2025-06-25 18:34:52.564+00"
720,"863192057915457",1,"2025-06-25 18:34:41+00","-16.3352416","-71.5820083",15,0,0,0,"2577.3","0.0",21,0,"0.5",7,"0101000020E610000009A0BD9F3FE551C03B42BC64D25530C0","{""1"":{},""2"":{},""4"":{},""8"":{}}","2025-06-25 18:34:52.567+00","2025-06-25 18:34:52.567+00","2025-06-25 18:34:52.567+00"
721,"863192057915457",1,"2025-06-25 18:34:46+00","-16.3352400","-71.5820083",16,0,0,0,"2577.3","0.0",21,0,"0.5",7,"0101000020E610000009A0BD9F3FE551C0A04FE449D25530C0","{""1"":{},""2"":{},""4"":{},""8"":{}}","2025-06-25 18:34:52.57+00","2025-06-25 18:34:52.57+00","2025-06-25 18:34:52.57+00"
722,"863192057915457",1,"2025-06-25 18:34:51+00","-16.3352400","-71.5820116",0,0,0,0,"2577.2","0.0",20,0,"0.5",7,"0101000020E610000021F994AD3FE551C0A04FE449D25530C0","{""1"":{},""2"":{},""4"":{},""8"":{}}","2025-06-25 18:34:53.074+00","2025-06-25 18:34:53.074+00","2025-06-25 18:34:53.074+00"
723,"863192057915457",1,"2025-06-25 18:34:56+00","-16.3352400","-71.5820116",0,0,0,0,"2577.2","0.0",21,0,"0.5",7,"0101000020E610000021F994AD3FE551C0A04FE449D25530C0","{""1"":{},""2"":{},""4"":{},""8"":{}}","2025-06-25 18:34:57.932+00","2025-06-25 18:34:57.932+00","2025-06-25 18:34:57.932+00"
724,"863192057915457",1,"2025-06-25 18:35:01+00","-16.3352400","-71.5820116",0,0,0,0,"2577.2","0.0",21,0,"0.5",7,"0101000020E610000021F994AD3FE551C0A04FE449D25530C0","{""1"":{},""2"":{},""4"":{},""8"":{}}","2025-06-25 18:35:02.695+00","2025-06-25 18:35:02.696+00","2025-06-25 18:35:02.696+00"
725,"863192057915457",1,"2025-06-25 18:35:01+00","-16.3352400","-71.5820116",0,0,0,0,"2577.2","0.0",21,0,"0.5",7,"0101000020E610000021F994AD3FE551C0A04FE449D25530C0","{""1"":{},""2"":{},""4"":{},""8"":{}}","2025-06-25 18:35:04.154+00","2025-06-25 18:35:04.155+00","2025-06-25 18:35:04.155+00"
726,"863192057915457",1,"2025-06-25 18:35:01+00","-16.3352400","-71.5820116",0,0,0,0,"2577.2","0.0",21,0,"0.5",7,"0101000020E610000021F994AD3FE551C0A04FE449D25530C0","{""1"":{},""2"":{},""4"":{},""8"":{}}","2025-06-25 18:37:07.298+00","2025-06-25 18:37:07.298+00","2025-06-25 18:37:07.298+00"
727,"863192057915457",1,"2025-06-25 18:35:06+00","-16.3352400","-71.5820116",1,0,0,0,"2577.2","0.0",21,0,"0.5",7,"0101000020E610000021F994AD3FE551C0A04FE449D25530C0","{""1"":{},""2"":{},""4"":{},""8"":{}}","2025-06-25 18:37:07.328+00","2025-06-25 18:37:07.328+00","2025-06-25 18:37:07.328+00"
728,"863192057915457",1,"2025-06-25 18:35:11+00","-16.3352400","-71.5820116",2,0,0,0,"2577.2","0.0",21,0,"0.5",7,"0101000020E610000021F994AD3FE551C0A04FE449D25530C0","{""1"":{},""2"":{},""4"":{},""8"":{}}","2025-06-25 18:37:07.331+00","2025-06-25 18:37:07.331+00","2025-06-25 18:37:07.331+00"
729,"863192057915457",1,"2025-06-25 18:35:16+00","-16.3352400","-71.5820116",3,0,0,0,"2577.2","0.0",21,0,"0.5",7,"0101000020E610000021F994AD3FE551C0A04FE449D25530C0","{""1"":{},""2"":{},""4"":{},""8"":{}}","2025-06-25 18:37:07.333+00","2025-06-25 18:37:07.334+00","2025-06-25 18:37:07.334+00"
730,"863192057915457",1,"2025-06-25 18:35:21+00","-16.3352400","-71.5820116",4,0,0,0,"2577.2","0.0",21,0,"0.5",7,"0101000020E610000021F994AD3FE551C0A04FE449D25530C0","{""1"":{},""2"":{},""4"":{},""8"":{}}","2025-06-25 18:37:07.337+00","2025-06-25 18:37:07.338+00","2025-06-25 18:37:07.338+00"
731,"863192057915457",1,"2025-06-25 18:35:26+00","-16.3352400","-71.5820116",5,0,0,0,"2577.2","0.0",21,0,"0.5",7,"0101000020E610000021F994AD3FE551C0A04FE449D25530C0","{""1"":{},""2"":{},""4"":{},""8"":{}}","2025-06-25 18:37:07.341+00","2025-06-25 18:37:07.341+00","2025-06-25 18:37:07.341+00"
732,"863192057915457",1,"2025-06-25 18:35:31+00","-16.3352400","-71.5820116",6,0,0,0,"2577.2","0.0",21,0,"0.5",7,"0101000020E610000021F994AD3FE551C0A04FE449D25530C0","{""1"":{},""2"":{},""4"":{},""8"":{}}","2025-06-25 18:37:07.344+00","2025-06-25 18:37:07.344+00","2025-06-25 18:37:07.344+00"
733,"863192057915457",1,"2025-06-25 18:35:36+00","-16.3352400","-71.5820116",7,0,0,0,"2577.2","0.0",21,0,"0.5",7,"0101000020E610000021F994AD3FE551C0A04FE449D25530C0","{""1"":{},""2"":{},""4"":{},""8"":{}}","2025-06-25 18:37:07.346+00","2025-06-25 18:37:07.346+00","2025-06-25 18:37:07.346+00"
734,"863192057915457",1,"2025-06-25 18:35:41+00","-16.3352400","-71.5820116",8,0,0,0,"2577.2","0.0",21,0,"0.5",7,"0101000020E610000021F994AD3FE551C0A04FE449D25530C0","{""1"":{},""2"":{},""4"":{},""8"":{}}","2025-06-25 18:37:07.349+00","2025-06-25 18:37:07.349+00","2025-06-25 18:37:07.349+00"
735,"863192057915457",1,"2025-06-25 18:35:46+00","-16.3352400","-71.5820116",9,0,0,0,"2577.2","0.0",21,0,"0.5",7,"0101000020E610000021F994AD3FE551C0A04FE449D25530C0","{""1"":{},""2"":{},""4"":{},""8"":{}}","2025-06-25 18:37:07.351+00","2025-06-25 18:37:07.352+00","2025-06-25 18:37:07.352+00"
736,"863192057915457",1,"2025-06-25 18:35:51+00","-16.3352400","-71.5820116",10,0,0,0,"2577.2","0.0",21,0,"0.5",7,"0101000020E610000021F994AD3FE551C0A04FE449D25530C0","{""1"":{},""2"":{},""4"":{},""8"":{}}","2025-06-25 18:37:07.354+00","2025-06-25 18:37:07.354+00","2025-06-25 18:37:07.354+00"
737,"863192057915457",1,"2025-06-25 18:35:56+00","-16.3352400","-71.5820116",11,0,0,0,"2577.2","0.0",21,0,"0.5",7,"0101000020E610000021F994AD3FE551C0A04FE449D25530C0","{""1"":{},""2"":{},""4"":{},""8"":{}}","2025-06-25 18:37:07.357+00","2025-06-25 18:37:07.357+00","2025-06-25 18:37:07.357+00"
738,"863192057915457",1,"2025-06-25 18:36:01+00","-16.3352400","-71.5820116",12,0,0,0,"2577.2","0.0",21,0,"0.5",7,"0101000020E610000021F994AD3FE551C0A04FE449D25530C0","{""1"":{},""2"":{},""4"":{},""8"":{}}","2025-06-25 18:37:07.36+00","2025-06-25 18:37:07.36+00","2025-06-25 18:37:07.36+00"
739,"863192057915457",1,"2025-06-25 18:36:06+00","-16.3352400","-71.5820116",13,0,0,0,"2577.2","0.0",21,0,"0.5",7,"0101000020E610000021F994AD3FE551C0A04FE449D25530C0","{""1"":{},""2"":{},""4"":{},""8"":{}}","2025-06-25 18:37:07.363+00","2025-06-25 18:37:07.363+00","2025-06-25 18:37:07.363+00"
740,"863192057915457",1,"2025-06-25 18:36:11+00","-16.3352400","-71.5820116",14,0,0,0,"2577.2","0.0",21,0,"0.5",7,"0101000020E610000021F994AD3FE551C0A04FE449D25530C0","{""1"":{},""2"":{},""4"":{},""8"":{}}","2025-06-25 18:37:07.366+00","2025-06-25 18:37:07.366+00","2025-06-25 18:37:07.366+00"
741,"863192057915457",1,"2025-06-25 18:36:16+00","-16.3352400","-71.5820116",15,0,0,0,"2577.2","0.0",21,0,"0.5",7,"0101000020E610000021F994AD3FE551C0A04FE449D25530C0","{""1"":{},""2"":{},""4"":{},""8"":{}}","2025-06-25 18:37:07.369+00","2025-06-25 18:37:07.369+00","2025-06-25 18:37:07.369+00"
742,"863192057915457",1,"2025-06-25 18:36:21+00","-16.3352400","-71.5820116",16,0,0,0,"2577.2","0.0",22,0,"0.5",7,"0101000020E610000021F994AD3FE551C0A04FE449D25530C0","{""1"":{},""2"":{},""4"":{},""8"":{}}","2025-06-25 18:37:07.372+00","2025-06-25 18:37:07.372+00","2025-06-25 18:37:07.372+00"
743,"863192057915457",1,"2025-06-25 18:36:26+00","-16.3352400","-71.5820116",17,0,0,0,"2577.2","0.0",21,0,"0.5",7,"0101000020E610000021F994AD3FE551C0A04FE449D25530C0","{""1"":{},""2"":{},""4"":{},""8"":{}}","2025-06-25 18:37:07.376+00","2025-06-25 18:37:07.376+00","2025-06-25 18:37:07.376+00"
744,"863192057915457",1,"2025-06-25 18:36:31+00","-16.3352400","-71.5820116",18,0,0,0,"2577.2","0.0",22,0,"0.5",7,"0101000020E610000021F994AD3FE551C0A04FE449D25530C0","{""1"":{},""2"":{},""4"":{},""8"":{}}","2025-06-25 18:37:07.382+00","2025-06-25 18:37:07.382+00","2025-06-25 18:37:07.382+00"
745,"863192057915457",1,"2025-06-25 18:36:36+00","-16.3352400","-71.5820116",19,0,0,0,"2577.2","0.0",22,0,"0.5",7,"0101000020E610000021F994AD3FE551C0A04FE449D25530C0","{""1"":{},""2"":{},""4"":{},""8"":{}}","2025-06-25 18:37:07.385+00","2025-06-25 18:37:07.385+00","2025-06-25 18:37:07.385+00"
746,"863192057915457",1,"2025-06-25 18:36:41+00","-16.3352400","-71.5820116",20,0,0,0,"2577.2","0.0",22,0,"0.5",7,"0101000020E610000021F994AD3FE551C0A04FE449D25530C0","{""1"":{},""2"":{},""4"":{},""8"":{}}","2025-06-25 18:37:07.388+00","2025-06-25 18:37:07.388+00","2025-06-25 18:37:07.388+00"
747,"863192057915457",1,"2025-06-25 18:36:46+00","-16.3352400","-71.5820116",21,0,0,0,"2577.2","0.0",22,0,"0.5",7,"0101000020E610000021F994AD3FE551C0A04FE449D25530C0","{""1"":{},""2"":{},""4"":{},""8"":{}}","2025-06-25 18:37:07.392+00","2025-06-25 18:37:07.392+00","2025-06-25 18:37:07.392+00"
748,"863192057915457",1,"2025-06-25 18:36:51+00","-16.3352400","-71.5820116",22,0,0,0,"2577.2","0.0",22,0,"0.5",7,"0101000020E610000021F994AD3FE551C0A04FE449D25530C0","{""1"":{},""2"":{},""4"":{},""8"":{}}","2025-06-25 18:37:07.394+00","2025-06-25 18:37:07.394+00","2025-06-25 18:37:07.394+00"
749,"863192057915457",1,"2025-06-25 18:36:56+00","-16.3352400","-71.5820116",23,0,0,0,"2577.2","0.0",22,0,"0.5",7,"0101000020E610000021F994AD3FE551C0A04FE449D25530C0","{""1"":{},""2"":{},""4"":{},""8"":{}}","2025-06-25 18:37:07.397+00","2025-06-25 18:37:07.397+00","2025-06-25 18:37:07.397+00"
750,"863192057915457",1,"2025-06-25 18:37:01+00","-16.3352400","-71.5820116",24,0,0,0,"2577.2","0.0",22,0,"0.5",7,"0101000020E610000021F994AD3FE551C0A04FE449D25530C0","{""1"":{},""2"":{},""4"":{},""8"":{}}","2025-06-25 18:37:07.4+00","2025-06-25 18:37:07.4+00","2025-06-25 18:37:07.4+00"
751,"123456789012345",1,"2025-06-25 18:37:20+00","40.4168000","-3.7038000",0,0,0,1,"700.0","180.0",8,60,"1.5",1,"0101000020E6100000FE65F7E461A10DC0857CD0B359354440","{""1"":{""0"":0,""257"":2},""2"":{},""4"":{},""8"":{}}","2025-06-25 18:37:22+00","2025-06-25 18:37:22+00","2025-06-25 18:37:22+00"
752,"123456789012345",1,"2025-06-25 18:37:32+00","40.4168000","-3.7038000",0,0,0,1,"700.0","180.0",8,60,"1.5",1,"0101000020E6100000FE65F7E461A10DC0857CD0B359354440","{""1"":{""0"":0,""257"":2},""2"":{},""4"":{},""8"":{}}","2025-06-25 18:37:33.951+00","2025-06-25 18:37:33.951+00","2025-06-25 18:37:33.951+00"
753,"123456789012345",1,"2025-06-25 18:38:49+00","40.4168000","-3.7038000",0,0,0,1,"700.0","180.0",8,60,"1.5",1,"0101000020E6100000FE65F7E461A10DC0857CD0B359354440","{""1"":{""0"":0,""257"":2},""2"":{},""4"":{},""8"":{}}","2025-06-25 18:38:50.214+00","2025-06-25 18:38:50.214+00","2025-06-25 18:38:50.214+00"
754,"123456789012345",1,"2025-06-25 18:39:05+00","40.4168000","-3.7038000",0,0,0,1,"700.0","180.0",8,60,"1.5",1,"0101000020E6100000FE65F7E461A10DC0857CD0B359354440","{""1"":{""0"":0,""257"":2},""2"":{},""4"":{},""8"":{}}","2025-06-25 18:39:06.53+00","2025-06-25 18:39:06.53+00","2025-06-25 18:39:06.53+00"
755,"863192057915457",1,"2025-06-25 18:35:01+00","-16.3352400","-71.5820116",0,0,0,0,"2577.2","0.0",21,0,"0.5",7,"0101000020E610000021F994AD3FE551C0A04FE449D25530C0","{""1"":{},""2"":{},""4"":{},""8"":{}}","2025-06-25 18:39:08.579+00","2025-06-25 18:39:08.579+00","2025-06-25 18:39:08.579+00"
756,"863192057915457",1,"2025-06-25 18:35:06+00","-16.3352400","-71.5820116",1,0,0,0,"2577.2","0.0",21,0,"0.5",7,"0101000020E610000021F994AD3FE551C0A04FE449D25530C0","{""1"":{},""2"":{},""4"":{},""8"":{}}","2025-06-25 18:39:08.584+00","2025-06-25 18:39:08.584+00","2025-06-25 18:39:08.584+00"
757,"863192057915457",1,"2025-06-25 18:35:11+00","-16.3352400","-71.5820116",2,0,0,0,"2577.2","0.0",21,0,"0.5",7,"0101000020E610000021F994AD3FE551C0A04FE449D25530C0","{""1"":{},""2"":{},""4"":{},""8"":{}}","2025-06-25 18:39:08.587+00","2025-06-25 18:39:08.587+00","2025-06-25 18:39:08.587+00"
758,"863192057915457",1,"2025-06-25 18:35:16+00","-16.3352400","-71.5820116",3,0,0,0,"2577.2","0.0",21,0,"0.5",7,"0101000020E610000021F994AD3FE551C0A04FE449D25530C0","{""1"":{},""2"":{},""4"":{},""8"":{}}","2025-06-25 18:39:08.59+00","2025-06-25 18:39:08.59+00","2025-06-25 18:39:08.59+00"
759,"863192057915457",1,"2025-06-25 18:35:21+00","-16.3352400","-71.5820116",4,0,0,0,"2577.2","0.0",21,0,"0.5",7,"0101000020E610000021F994AD3FE551C0A04FE449D25530C0","{""1"":{},""2"":{},""4"":{},""8"":{}}","2025-06-25 18:39:08.593+00","2025-06-25 18:39:08.593+00","2025-06-25 18:39:08.593+00"
760,"863192057915457",1,"2025-06-25 18:35:26+00","-16.3352400","-71.5820116",5,0,0,0,"2577.2","0.0",21,0,"0.5",7,"0101000020E610000021F994AD3FE551C0A04FE449D25530C0","{""1"":{},""2"":{},""4"":{},""8"":{}}","2025-06-25 18:39:08.596+00","2025-06-25 18:39:08.596+00","2025-06-25 18:39:08.596+00"
761,"863192057915457",1,"2025-06-25 18:35:31+00","-16.3352400","-71.5820116",6,0,0,0,"2577.2","0.0",21,0,"0.5",7,"0101000020E610000021F994AD3FE551C0A04FE449D25530C0","{""1"":{},""2"":{},""4"":{},""8"":{}}","2025-06-25 18:39:08.599+00","2025-06-25 18:39:08.599+00","2025-06-25 18:39:08.599+00"
762,"863192057915457",1,"2025-06-25 18:35:36+00","-16.3352400","-71.5820116",7,0,0,0,"2577.2","0.0",21,0,"0.5",7,"0101000020E610000021F994AD3FE551C0A04FE449D25530C0","{""1"":{},""2"":{},""4"":{},""8"":{}}","2025-06-25 18:39:08.601+00","2025-06-25 18:39:08.601+00","2025-06-25 18:39:08.601+00"
763,"863192057915457",1,"2025-06-25 18:35:41+00","-16.3352400","-71.5820116",8,0,0,0,"2577.2","0.0",21,0,"0.5",7,"0101000020E610000021F994AD3FE551C0A04FE449D25530C0","{""1"":{},""2"":{},""4"":{},""8"":{}}","2025-06-25 18:39:08.604+00","2025-06-25 18:39:08.604+00","2025-06-25 18:39:08.604+00"
764,"863192057915457",1,"2025-06-25 18:35:46+00","-16.3352400","-71.5820116",9,0,0,0,"2577.2","0.0",21,0,"0.5",7,"0101000020E610000021F994AD3FE551C0A04FE449D25530C0","{""1"":{},""2"":{},""4"":{},""8"":{}}","2025-06-25 18:39:08.607+00","2025-06-25 18:39:08.607+00","2025-06-25 18:39:08.607+00"
765,"863192057915457",1,"2025-06-25 18:35:51+00","-16.3352400","-71.5820116",10,0,0,0,"2577.2","0.0",21,0,"0.5",7,"0101000020E610000021F994AD3FE551C0A04FE449D25530C0","{""1"":{},""2"":{},""4"":{},""8"":{}}","2025-06-25 18:39:08.609+00","2025-06-25 18:39:08.609+00","2025-06-25 18:39:08.609+00"
766,"863192057915457",1,"2025-06-25 18:35:56+00","-16.3352400","-71.5820116",11,0,0,0,"2577.2","0.0",21,0,"0.5",7,"0101000020E610000021F994AD3FE551C0A04FE449D25530C0","{""1"":{},""2"":{},""4"":{},""8"":{}}","2025-06-25 18:39:08.612+00","2025-06-25 18:39:08.612+00","2025-06-25 18:39:08.612+00"
767,"863192057915457",1,"2025-06-25 18:36:01+00","-16.3352400","-71.5820116",12,0,0,0,"2577.2","0.0",21,0,"0.5",7,"0101000020E610000021F994AD3FE551C0A04FE449D25530C0","{""1"":{},""2"":{},""4"":{},""8"":{}}","2025-06-25 18:39:08.616+00","2025-06-25 18:39:08.616+00","2025-06-25 18:39:08.616+00"
768,"863192057915457",1,"2025-06-25 18:36:06+00","-16.3352400","-71.5820116",13,0,0,0,"2577.2","0.0",21,0,"0.5",7,"0101000020E610000021F994AD3FE551C0A04FE449D25530C0","{""1"":{},""2"":{},""4"":{},""8"":{}}","2025-06-25 18:39:08.619+00","2025-06-25 18:39:08.619+00","2025-06-25 18:39:08.619+00"
769,"863192057915457",1,"2025-06-25 18:36:11+00","-16.3352400","-71.5820116",14,0,0,0,"2577.2","0.0",21,0,"0.5",7,"0101000020E610000021F994AD3FE551C0A04FE449D25530C0","{""1"":{},""2"":{},""4"":{},""8"":{}}","2025-06-25 18:39:08.622+00","2025-06-25 18:39:08.622+00","2025-06-25 18:39:08.622+00"
770,"863192057915457",1,"2025-06-25 18:36:16+00","-16.3352400","-71.5820116",15,0,0,0,"2577.2","0.0",21,0,"0.5",7,"0101000020E610000021F994AD3FE551C0A04FE449D25530C0","{""1"":{},""2"":{},""4"":{},""8"":{}}","2025-06-25 18:39:08.625+00","2025-06-25 18:39:08.625+00","2025-06-25 18:39:08.625+00"
771,"863192057915457",1,"2025-06-25 18:36:21+00","-16.3352400","-71.5820116",16,0,0,0,"2577.2","0.0",22,0,"0.5",7,"0101000020E610000021F994AD3FE551C0A04FE449D25530C0","{""1"":{},""2"":{},""4"":{},""8"":{}}","2025-06-25 18:39:08.628+00","2025-06-25 18:39:08.628+00","2025-06-25 18:39:08.628+00"
772,"863192057915457",1,"2025-06-25 18:36:26+00","-16.3352400","-71.5820116",17,0,0,0,"2577.2","0.0",21,0,"0.5",7,"0101000020E610000021F994AD3FE551C0A04FE449D25530C0","{""1"":{},""2"":{},""4"":{},""8"":{}}","2025-06-25 18:39:08.631+00","2025-06-25 18:39:08.631+00","2025-06-25 18:39:08.631+00"
773,"863192057915457",1,"2025-06-25 18:36:31+00","-16.3352400","-71.5820116",18,0,0,0,"2577.2","0.0",22,0,"0.5",7,"0101000020E610000021F994AD3FE551C0A04FE449D25530C0","{""1"":{},""2"":{},""4"":{},""8"":{}}","2025-06-25 18:39:08.634+00","2025-06-25 18:39:08.634+00","2025-06-25 18:39:08.634+00"
774,"863192057915457",1,"2025-06-25 18:36:36+00","-16.3352400","-71.5820116",19,0,0,0,"2577.2","0.0",22,0,"0.5",7,"0101000020E610000021F994AD3FE551C0A04FE449D25530C0","{""1"":{},""2"":{},""4"":{},""8"":{}}","2025-06-25 18:39:08.636+00","2025-06-25 18:39:08.636+00","2025-06-25 18:39:08.636+00"
775,"863192057915457",1,"2025-06-25 18:36:41+00","-16.3352400","-71.5820116",20,0,0,0,"2577.2","0.0",22,0,"0.5",7,"0101000020E610000021F994AD3FE551C0A04FE449D25530C0","{""1"":{},""2"":{},""4"":{},""8"":{}}","2025-06-25 18:39:08.639+00","2025-06-25 18:39:08.639+00","2025-06-25 18:39:08.639+00"
776,"863192057915457",1,"2025-06-25 18:36:46+00","-16.3352400","-71.5820116",21,0,0,0,"2577.2","0.0",22,0,"0.5",7,"0101000020E610000021F994AD3FE551C0A04FE449D25530C0","{""1"":{},""2"":{},""4"":{},""8"":{}}","2025-06-25 18:39:08.642+00","2025-06-25 18:39:08.642+00","2025-06-25 18:39:08.642+00"
777,"863192057915457",1,"2025-06-25 18:36:51+00","-16.3352400","-71.5820116",22,0,0,0,"2577.2","0.0",22,0,"0.5",7,"0101000020E610000021F994AD3FE551C0A04FE449D25530C0","{""1"":{},""2"":{},""4"":{},""8"":{}}","2025-06-25 18:39:08.645+00","2025-06-25 18:39:08.646+00","2025-06-25 18:39:08.646+00"
778,"863192057915457",1,"2025-06-25 18:36:56+00","-16.3352400","-71.5820116",23,0,0,0,"2577.2","0.0",22,0,"0.5",7,"0101000020E610000021F994AD3FE551C0A04FE449D25530C0","{""1"":{},""2"":{},""4"":{},""8"":{}}","2025-06-25 18:39:08.649+00","2025-06-25 18:39:08.649+00","2025-06-25 18:39:08.649+00"
779,"863192057915457",1,"2025-06-25 18:37:01+00","-16.3352400","-71.5820116",24,0,0,0,"2577.2","0.0",22,0,"0.5",7,"0101000020E610000021F994AD3FE551C0A04FE449D25530C0","{""1"":{},""2"":{},""4"":{},""8"":{}}","2025-06-25 18:39:08.652+00","2025-06-25 18:39:08.652+00","2025-06-25 18:39:08.652+00"
780,"863192057915457",1,"2025-06-25 18:37:06+00","-16.3352400","-71.5820116",25,0,0,0,"2577.2","0.0",22,0,"0.5",7,"0101000020E610000021F994AD3FE551C0A04FE449D25530C0","{""1"":{},""2"":{},""4"":{},""8"":{}}","2025-06-25 18:39:08.656+00","2025-06-25 18:39:08.656+00","2025-06-25 18:39:08.656+00"
781,"863192057915457",1,"2025-06-25 18:37:11+00","-16.3352400","-71.5820116",26,0,0,0,"2577.2","0.0",22,0,"0.5",7,"0101000020E610000021F994AD3FE551C0A04FE449D25530C0","{""1"":{},""2"":{},""4"":{},""8"":{}}","2025-06-25 18:39:08.661+00","2025-06-25 18:39:08.661+00","2025-06-25 18:39:08.661+00"
782,"863192057915457",1,"2025-06-25 18:37:16+00","-16.3352400","-71.5820116",27,0,0,0,"2577.2","0.0",21,0,"0.5",7,"0101000020E610000021F994AD3FE551C0A04FE449D25530C0","{""1"":{},""2"":{},""4"":{},""8"":{}}","2025-06-25 18:39:08.664+00","2025-06-25 18:39:08.665+00","2025-06-25 18:39:08.665+00"
783,"863192057915457",1,"2025-06-25 18:37:21+00","-16.3352400","-71.5820116",28,0,0,0,"2577.2","0.0",21,0,"0.5",7,"0101000020E610000021F994AD3FE551C0A04FE449D25530C0","{""1"":{},""2"":{},""4"":{},""8"":{}}","2025-06-25 18:39:08.668+00","2025-06-25 18:39:08.668+00","2025-06-25 18:39:08.668+00"
784,"863192057915457",1,"2025-06-25 18:37:26+00","-16.3352400","-71.5820116",29,0,0,0,"2577.2","0.0",21,0,"0.5",7,"0101000020E610000021F994AD3FE551C0A04FE449D25530C0","{""1"":{},""2"":{},""4"":{},""8"":{}}","2025-06-25 18:39:08.671+00","2025-06-25 18:39:08.671+00","2025-06-25 18:39:08.671+00"
785,"123456789012345",1,"2025-06-25 18:39:10+00","40.4168000","-3.7038000",0,0,0,1,"700.0","180.0",8,60,"1.5",1,"0101000020E6100000FE65F7E461A10DC0857CD0B359354440","{""1"":{""0"":0,""257"":2},""2"":{},""4"":{},""8"":{}}","2025-06-25 18:39:11.888+00","2025-06-25 18:39:11.888+00","2025-06-25 18:39:11.888+00"
786,"863192057915457",1,"2025-06-25 18:35:01+00","-16.3352400","-71.5820116",0,0,0,0,"2577.2","0.0",21,0,"0.5",7,"0101000020E610000021F994AD3FE551C0A04FE449D25530C0","{""1"":{},""2"":{},""4"":{},""8"":{}}","2025-06-25 18:41:10.898+00","2025-06-25 18:41:10.899+00","2025-06-25 18:41:10.899+00"
787,"863192057915457",1,"2025-06-25 18:35:06+00","-16.3352400","-71.5820116",1,0,0,0,"2577.2","0.0",21,0,"0.5",7,"0101000020E610000021F994AD3FE551C0A04FE449D25530C0","{""1"":{},""2"":{},""4"":{},""8"":{}}","2025-06-25 18:41:10.931+00","2025-06-25 18:41:10.931+00","2025-06-25 18:41:10.931+00"
788,"863192057915457",1,"2025-06-25 18:35:11+00","-16.3352400","-71.5820116",2,0,0,0,"2577.2","0.0",21,0,"0.5",7,"0101000020E610000021F994AD3FE551C0A04FE449D25530C0","{""1"":{},""2"":{},""4"":{},""8"":{}}","2025-06-25 18:41:10.934+00","2025-06-25 18:41:10.934+00","2025-06-25 18:41:10.934+00"
789,"863192057915457",1,"2025-06-25 18:35:16+00","-16.3352400","-71.5820116",3,0,0,0,"2577.2","0.0",21,0,"0.5",7,"0101000020E610000021F994AD3FE551C0A04FE449D25530C0","{""1"":{},""2"":{},""4"":{},""8"":{}}","2025-06-25 18:41:10.937+00","2025-06-25 18:41:10.937+00","2025-06-25 18:41:10.937+00"
790,"863192057915457",1,"2025-06-25 18:35:21+00","-16.3352400","-71.5820116",4,0,0,0,"2577.2","0.0",21,0,"0.5",7,"0101000020E610000021F994AD3FE551C0A04FE449D25530C0","{""1"":{},""2"":{},""4"":{},""8"":{}}","2025-06-25 18:41:10.94+00","2025-06-25 18:41:10.94+00","2025-06-25 18:41:10.94+00"
791,"863192057915457",1,"2025-06-25 18:35:26+00","-16.3352400","-71.5820116",5,0,0,0,"2577.2","0.0",21,0,"0.5",7,"0101000020E610000021F994AD3FE551C0A04FE449D25530C0","{""1"":{},""2"":{},""4"":{},""8"":{}}","2025-06-25 18:41:10.942+00","2025-06-25 18:41:10.943+00","2025-06-25 18:41:10.943+00"
792,"863192057915457",1,"2025-06-25 18:35:31+00","-16.3352400","-71.5820116",6,0,0,0,"2577.2","0.0",21,0,"0.5",7,"0101000020E610000021F994AD3FE551C0A04FE449D25530C0","{""1"":{},""2"":{},""4"":{},""8"":{}}","2025-06-25 18:41:10.945+00","2025-06-25 18:41:10.945+00","2025-06-25 18:41:10.945+00"
793,"863192057915457",1,"2025-06-25 18:35:36+00","-16.3352400","-71.5820116",7,0,0,0,"2577.2","0.0",21,0,"0.5",7,"0101000020E610000021F994AD3FE551C0A04FE449D25530C0","{""1"":{},""2"":{},""4"":{},""8"":{}}","2025-06-25 18:41:10.949+00","2025-06-25 18:41:10.949+00","2025-06-25 18:41:10.949+00"
794,"863192057915457",1,"2025-06-25 18:35:41+00","-16.3352400","-71.5820116",8,0,0,0,"2577.2","0.0",21,0,"0.5",7,"0101000020E610000021F994AD3FE551C0A04FE449D25530C0","{""1"":{},""2"":{},""4"":{},""8"":{}}","2025-06-25 18:41:10.953+00","2025-06-25 18:41:10.953+00","2025-06-25 18:41:10.953+00"
795,"863192057915457",1,"2025-06-25 18:35:46+00","-16.3352400","-71.5820116",9,0,0,0,"2577.2","0.0",21,0,"0.5",7,"0101000020E610000021F994AD3FE551C0A04FE449D25530C0","{""1"":{},""2"":{},""4"":{},""8"":{}}","2025-06-25 18:41:10.957+00","2025-06-25 18:41:10.958+00","2025-06-25 18:41:10.958+00"
796,"863192057915457",1,"2025-06-25 18:35:51+00","-16.3352400","-71.5820116",10,0,0,0,"2577.2","0.0",21,0,"0.5",7,"0101000020E610000021F994AD3FE551C0A04FE449D25530C0","{""1"":{},""2"":{},""4"":{},""8"":{}}","2025-06-25 18:41:10.961+00","2025-06-25 18:41:10.961+00","2025-06-25 18:41:10.961+00"
797,"863192057915457",1,"2025-06-25 18:35:56+00","-16.3352400","-71.5820116",11,0,0,0,"2577.2","0.0",21,0,"0.5",7,"0101000020E610000021F994AD3FE551C0A04FE449D25530C0","{""1"":{},""2"":{},""4"":{},""8"":{}}","2025-06-25 18:41:10.965+00","2025-06-25 18:41:10.965+00","2025-06-25 18:41:10.965+00"
798,"863192057915457",1,"2025-06-25 18:36:01+00","-16.3352400","-71.5820116",12,0,0,0,"2577.2","0.0",21,0,"0.5",7,"0101000020E610000021F994AD3FE551C0A04FE449D25530C0","{""1"":{},""2"":{},""4"":{},""8"":{}}","2025-06-25 18:41:10.968+00","2025-06-25 18:41:10.968+00","2025-06-25 18:41:10.968+00"
799,"863192057915457",1,"2025-06-25 18:36:06+00","-16.3352400","-71.5820116",13,0,0,0,"2577.2","0.0",21,0,"0.5",7,"0101000020E610000021F994AD3FE551C0A04FE449D25530C0","{""1"":{},""2"":{},""4"":{},""8"":{}}","2025-06-25 18:41:10.975+00","2025-06-25 18:41:10.975+00","2025-06-25 18:41:10.975+00"
800,"863192057915457",1,"2025-06-25 18:36:11+00","-16.3352400","-71.5820116",14,0,0,0,"2577.2","0.0",21,0,"0.5",7,"0101000020E610000021F994AD3FE551C0A04FE449D25530C0","{""1"":{},""2"":{},""4"":{},""8"":{}}","2025-06-25 18:41:10.979+00","2025-06-25 18:41:10.979+00","2025-06-25 18:41:10.979+00"
801,"863192057915457",1,"2025-06-25 18:36:16+00","-16.3352400","-71.5820116",15,0,0,0,"2577.2","0.0",21,0,"0.5",7,"0101000020E610000021F994AD3FE551C0A04FE449D25530C0","{""1"":{},""2"":{},""4"":{},""8"":{}}","2025-06-25 18:41:10.982+00","2025-06-25 18:41:10.982+00","2025-06-25 18:41:10.982+00"
802,"863192057915457",1,"2025-06-25 18:36:21+00","-16.3352400","-71.5820116",16,0,0,0,"2577.2","0.0",22,0,"0.5",7,"0101000020E610000021F994AD3FE551C0A04FE449D25530C0","{""1"":{},""2"":{},""4"":{},""8"":{}}","2025-06-25 18:41:10.986+00","2025-06-25 18:41:10.986+00","2025-06-25 18:41:10.986+00"
803,"863192057915457",1,"2025-06-25 18:36:26+00","-16.3352400","-71.5820116",17,0,0,0,"2577.2","0.0",21,0,"0.5",7,"0101000020E610000021F994AD3FE551C0A04FE449D25530C0","{""1"":{},""2"":{},""4"":{},""8"":{}}","2025-06-25 18:41:10.99+00","2025-06-25 18:41:10.99+00","2025-06-25 18:41:10.99+00"
804,"863192057915457",1,"2025-06-25 18:36:31+00","-16.3352400","-71.5820116",18,0,0,0,"2577.2","0.0",22,0,"0.5",7,"0101000020E610000021F994AD3FE551C0A04FE449D25530C0","{""1"":{},""2"":{},""4"":{},""8"":{}}","2025-06-25 18:41:10.993+00","2025-06-25 18:41:10.993+00","2025-06-25 18:41:10.993+00"
805,"863192057915457",1,"2025-06-25 18:36:36+00","-16.3352400","-71.5820116",19,0,0,0,"2577.2","0.0",22,0,"0.5",7,"0101000020E610000021F994AD3FE551C0A04FE449D25530C0","{""1"":{},""2"":{},""4"":{},""8"":{}}","2025-06-25 18:41:10.997+00","2025-06-25 18:41:10.997+00","2025-06-25 18:41:10.997+00"
806,"863192057915457",1,"2025-06-25 18:36:41+00","-16.3352400","-71.5820116",20,0,0,0,"2577.2","0.0",22,0,"0.5",7,"0101000020E610000021F994AD3FE551C0A04FE449D25530C0","{""1"":{},""2"":{},""4"":{},""8"":{}}","2025-06-25 18:41:11+00","2025-06-25 18:41:11+00","2025-06-25 18:41:11+00"
807,"863192057915457",1,"2025-06-25 18:36:46+00","-16.3352400","-71.5820116",21,0,0,0,"2577.2","0.0",22,0,"0.5",7,"0101000020E610000021F994AD3FE551C0A04FE449D25530C0","{""1"":{},""2"":{},""4"":{},""8"":{}}","2025-06-25 18:41:11.004+00","2025-06-25 18:41:11.004+00","2025-06-25 18:41:11.004+00"
808,"863192057915457",1,"2025-06-25 18:36:51+00","-16.3352400","-71.5820116",22,0,0,0,"2577.2","0.0",22,0,"0.5",7,"0101000020E610000021F994AD3FE551C0A04FE449D25530C0","{""1"":{},""2"":{},""4"":{},""8"":{}}","2025-06-25 18:41:11.01+00","2025-06-25 18:41:11.01+00","2025-06-25 18:41:11.01+00"
809,"863192057915457",1,"2025-06-25 18:36:56+00","-16.3352400","-71.5820116",23,0,0,0,"2577.2","0.0",22,0,"0.5",7,"0101000020E610000021F994AD3FE551C0A04FE449D25530C0","{""1"":{},""2"":{},""4"":{},""8"":{}}","2025-06-25 18:41:11.017+00","2025-06-25 18:41:11.017+00","2025-06-25 18:41:11.017+00"
810,"863192057915457",1,"2025-06-25 18:37:01+00","-16.3352400","-71.5820116",24,0,0,0,"2577.2","0.0",22,0,"0.5",7,"0101000020E610000021F994AD3FE551C0A04FE449D25530C0","{""1"":{},""2"":{},""4"":{},""8"":{}}","2025-06-25 18:41:11.022+00","2025-06-25 18:41:11.022+00","2025-06-25 18:41:11.022+00"
811,"863192057915457",1,"2025-06-25 18:37:06+00","-16.3352400","-71.5820116",25,0,0,0,"2577.2","0.0",22,0,"0.5",7,"0101000020E610000021F994AD3FE551C0A04FE449D25530C0","{""1"":{},""2"":{},""4"":{},""8"":{}}","2025-06-25 18:41:11.028+00","2025-06-25 18:41:11.028+00","2025-06-25 18:41:11.028+00"
812,"863192057915457",1,"2025-06-25 18:37:11+00","-16.3352400","-71.5820116",26,0,0,0,"2577.2","0.0",22,0,"0.5",7,"0101000020E610000021F994AD3FE551C0A04FE449D25530C0","{""1"":{},""2"":{},""4"":{},""8"":{}}","2025-06-25 18:41:11.036+00","2025-06-25 18:41:11.036+00","2025-06-25 18:41:11.036+00"
813,"863192057915457",1,"2025-06-25 18:37:16+00","-16.3352400","-71.5820116",27,0,0,0,"2577.2","0.0",21,0,"0.5",7,"0101000020E610000021F994AD3FE551C0A04FE449D25530C0","{""1"":{},""2"":{},""4"":{},""8"":{}}","2025-06-25 18:41:11.041+00","2025-06-25 18:41:11.041+00","2025-06-25 18:41:11.041+00"
814,"863192057915457",1,"2025-06-25 18:37:21+00","-16.3352400","-71.5820116",28,0,0,0,"2577.2","0.0",21,0,"0.5",7,"0101000020E610000021F994AD3FE551C0A04FE449D25530C0","{""1"":{},""2"":{},""4"":{},""8"":{}}","2025-06-25 18:41:11.045+00","2025-06-25 18:41:11.045+00","2025-06-25 18:41:11.045+00"
815,"863192057915457",1,"2025-06-25 18:37:26+00","-16.3352400","-71.5820116",29,0,0,0,"2577.2","0.0",21,0,"0.5",7,"0101000020E610000021F994AD3FE551C0A04FE449D25530C0","{""1"":{},""2"":{},""4"":{},""8"":{}}","2025-06-25 18:41:11.049+00","2025-06-25 18:41:11.049+00","2025-06-25 18:41:11.049+00"
816,"863192057915457",1,"2025-06-25 18:35:01+00","-16.3352400","-71.5820116",0,0,0,0,"2577.2","0.0",21,0,"0.5",7,"0101000020E610000021F994AD3FE551C0A04FE449D25530C0","{""1"":{},""2"":{},""4"":{},""8"":{}}","2025-06-25 18:43:12.777+00","2025-06-25 18:43:12.778+00","2025-06-25 18:43:12.778+00"
817,"863192057915457",1,"2025-06-25 18:35:06+00","-16.3352400","-71.5820116",1,0,0,0,"2577.2","0.0",21,0,"0.5",7,"0101000020E610000021F994AD3FE551C0A04FE449D25530C0","{""1"":{},""2"":{},""4"":{},""8"":{}}","2025-06-25 18:43:12.808+00","2025-06-25 18:43:12.808+00","2025-06-25 18:43:12.808+00"
818,"863192057915457",1,"2025-06-25 18:35:11+00","-16.3352400","-71.5820116",2,0,0,0,"2577.2","0.0",21,0,"0.5",7,"0101000020E610000021F994AD3FE551C0A04FE449D25530C0","{""1"":{},""2"":{},""4"":{},""8"":{}}","2025-06-25 18:43:12.812+00","2025-06-25 18:43:12.812+00","2025-06-25 18:43:12.812+00"
819,"863192057915457",1,"2025-06-25 18:35:16+00","-16.3352400","-71.5820116",3,0,0,0,"2577.2","0.0",21,0,"0.5",7,"0101000020E610000021F994AD3FE551C0A04FE449D25530C0","{""1"":{},""2"":{},""4"":{},""8"":{}}","2025-06-25 18:43:12.815+00","2025-06-25 18:43:12.815+00","2025-06-25 18:43:12.815+00"
820,"863192057915457",1,"2025-06-25 18:35:21+00","-16.3352400","-71.5820116",4,0,0,0,"2577.2","0.0",21,0,"0.5",7,"0101000020E610000021F994AD3FE551C0A04FE449D25530C0","{""1"":{},""2"":{},""4"":{},""8"":{}}","2025-06-25 18:43:12.819+00","2025-06-25 18:43:12.819+00","2025-06-25 18:43:12.819+00"
821,"863192057915457",1,"2025-06-25 18:35:26+00","-16.3352400","-71.5820116",5,0,0,0,"2577.2","0.0",21,0,"0.5",7,"0101000020E610000021F994AD3FE551C0A04FE449D25530C0","{""1"":{},""2"":{},""4"":{},""8"":{}}","2025-06-25 18:43:12.821+00","2025-06-25 18:43:12.821+00","2025-06-25 18:43:12.821+00"
822,"863192057915457",1,"2025-06-25 18:35:31+00","-16.3352400","-71.5820116",6,0,0,0,"2577.2","0.0",21,0,"0.5",7,"0101000020E610000021F994AD3FE551C0A04FE449D25530C0","{""1"":{},""2"":{},""4"":{},""8"":{}}","2025-06-25 18:43:12.824+00","2025-06-25 18:43:12.824+00","2025-06-25 18:43:12.824+00"
823,"863192057915457",1,"2025-06-25 18:35:36+00","-16.3352400","-71.5820116",7,0,0,0,"2577.2","0.0",21,0,"0.5",7,"0101000020E610000021F994AD3FE551C0A04FE449D25530C0","{""1"":{},""2"":{},""4"":{},""8"":{}}","2025-06-25 18:43:12.827+00","2025-06-25 18:43:12.827+00","2025-06-25 18:43:12.827+00"
824,"863192057915457",1,"2025-06-25 18:35:41+00","-16.3352400","-71.5820116",8,0,0,0,"2577.2","0.0",21,0,"0.5",7,"0101000020E610000021F994AD3FE551C0A04FE449D25530C0","{""1"":{},""2"":{},""4"":{},""8"":{}}","2025-06-25 18:43:12.83+00","2025-06-25 18:43:12.83+00","2025-06-25 18:43:12.83+00"
825,"863192057915457",1,"2025-06-25 18:35:46+00","-16.3352400","-71.5820116",9,0,0,0,"2577.2","0.0",21,0,"0.5",7,"0101000020E610000021F994AD3FE551C0A04FE449D25530C0","{""1"":{},""2"":{},""4"":{},""8"":{}}","2025-06-25 18:43:12.833+00","2025-06-25 18:43:12.833+00","2025-06-25 18:43:12.833+00"
826,"863192057915457",1,"2025-06-25 18:35:51+00","-16.3352400","-71.5820116",10,0,0,0,"2577.2","0.0",21,0,"0.5",7,"0101000020E610000021F994AD3FE551C0A04FE449D25530C0","{""1"":{},""2"":{},""4"":{},""8"":{}}","2025-06-25 18:43:12.836+00","2025-06-25 18:43:12.836+00","2025-06-25 18:43:12.836+00"
827,"863192057915457",1,"2025-06-25 18:35:56+00","-16.3352400","-71.5820116",11,0,0,0,"2577.2","0.0",21,0,"0.5",7,"0101000020E610000021F994AD3FE551C0A04FE449D25530C0","{""1"":{},""2"":{},""4"":{},""8"":{}}","2025-06-25 18:43:12.838+00","2025-06-25 18:43:12.838+00","2025-06-25 18:43:12.838+00"
828,"863192057915457",1,"2025-06-25 18:36:01+00","-16.3352400","-71.5820116",12,0,0,0,"2577.2","0.0",21,0,"0.5",7,"0101000020E610000021F994AD3FE551C0A04FE449D25530C0","{""1"":{},""2"":{},""4"":{},""8"":{}}","2025-06-25 18:43:12.841+00","2025-06-25 18:43:12.841+00","2025-06-25 18:43:12.841+00"
829,"863192057915457",1,"2025-06-25 18:36:06+00","-16.3352400","-71.5820116",13,0,0,0,"2577.2","0.0",21,0,"0.5",7,"0101000020E610000021F994AD3FE551C0A04FE449D25530C0","{""1"":{},""2"":{},""4"":{},""8"":{}}","2025-06-25 18:43:12.844+00","2025-06-25 18:43:12.844+00","2025-06-25 18:43:12.844+00"
830,"863192057915457",1,"2025-06-25 18:36:11+00","-16.3352400","-71.5820116",14,0,0,0,"2577.2","0.0",21,0,"0.5",7,"0101000020E610000021F994AD3FE551C0A04FE449D25530C0","{""1"":{},""2"":{},""4"":{},""8"":{}}","2025-06-25 18:43:12.847+00","2025-06-25 18:43:12.847+00","2025-06-25 18:43:12.847+00"
831,"863192057915457",1,"2025-06-25 18:36:16+00","-16.3352400","-71.5820116",15,0,0,0,"2577.2","0.0",21,0,"0.5",7,"0101000020E610000021F994AD3FE551C0A04FE449D25530C0","{""1"":{},""2"":{},""4"":{},""8"":{}}","2025-06-25 18:43:12.85+00","2025-06-25 18:43:12.85+00","2025-06-25 18:43:12.85+00"
832,"863192057915457",1,"2025-06-25 18:36:21+00","-16.3352400","-71.5820116",16,0,0,0,"2577.2","0.0",22,0,"0.5",7,"0101000020E610000021F994AD3FE551C0A04FE449D25530C0","{""1"":{},""2"":{},""4"":{},""8"":{}}","2025-06-25 18:43:12.853+00","2025-06-25 18:43:12.853+00","2025-06-25 18:43:12.853+00"
833,"863192057915457",1,"2025-06-25 18:36:26+00","-16.3352400","-71.5820116",17,0,0,0,"2577.2","0.0",21,0,"0.5",7,"0101000020E610000021F994AD3FE551C0A04FE449D25530C0","{""1"":{},""2"":{},""4"":{},""8"":{}}","2025-06-25 18:43:12.856+00","2025-06-25 18:43:12.856+00","2025-06-25 18:43:12.856+00"
834,"863192057915457",1,"2025-06-25 18:36:31+00","-16.3352400","-71.5820116",18,0,0,0,"2577.2","0.0",22,0,"0.5",7,"0101000020E610000021F994AD3FE551C0A04FE449D25530C0","{""1"":{},""2"":{},""4"":{},""8"":{}}","2025-06-25 18:43:12.859+00","2025-06-25 18:43:12.859+00","2025-06-25 18:43:12.859+00"
835,"863192057915457",1,"2025-06-25 18:36:36+00","-16.3352400","-71.5820116",19,0,0,0,"2577.2","0.0",22,0,"0.5",7,"0101000020E610000021F994AD3FE551C0A04FE449D25530C0","{""1"":{},""2"":{},""4"":{},""8"":{}}","2025-06-25 18:43:12.862+00","2025-06-25 18:43:12.862+00","2025-06-25 18:43:12.862+00"
836,"863192057915457",1,"2025-06-25 18:36:41+00","-16.3352400","-71.5820116",20,0,0,0,"2577.2","0.0",22,0,"0.5",7,"0101000020E610000021F994AD3FE551C0A04FE449D25530C0","{""1"":{},""2"":{},""4"":{},""8"":{}}","2025-06-25 18:43:12.864+00","2025-06-25 18:43:12.865+00","2025-06-25 18:43:12.865+00"
837,"863192057915457",1,"2025-06-25 18:36:46+00","-16.3352400","-71.5820116",21,0,0,0,"2577.2","0.0",22,0,"0.5",7,"0101000020E610000021F994AD3FE551C0A04FE449D25530C0","{""1"":{},""2"":{},""4"":{},""8"":{}}","2025-06-25 18:43:12.867+00","2025-06-25 18:43:12.868+00","2025-06-25 18:43:12.868+00"
838,"863192057915457",1,"2025-06-25 18:36:51+00","-16.3352400","-71.5820116",22,0,0,0,"2577.2","0.0",22,0,"0.5",7,"0101000020E610000021F994AD3FE551C0A04FE449D25530C0","{""1"":{},""2"":{},""4"":{},""8"":{}}","2025-06-25 18:43:12.871+00","2025-06-25 18:43:12.871+00","2025-06-25 18:43:12.871+00"
839,"863192057915457",1,"2025-06-25 18:36:56+00","-16.3352400","-71.5820116",23,0,0,0,"2577.2","0.0",22,0,"0.5",7,"0101000020E610000021F994AD3FE551C0A04FE449D25530C0","{""1"":{},""2"":{},""4"":{},""8"":{}}","2025-06-25 18:43:12.875+00","2025-06-25 18:43:12.875+00","2025-06-25 18:43:12.875+00"
840,"863192057915457",1,"2025-06-25 18:37:01+00","-16.3352400","-71.5820116",24,0,0,0,"2577.2","0.0",22,0,"0.5",7,"0101000020E610000021F994AD3FE551C0A04FE449D25530C0","{""1"":{},""2"":{},""4"":{},""8"":{}}","2025-06-25 18:43:12.878+00","2025-06-25 18:43:12.878+00","2025-06-25 18:43:12.878+00"
841,"863192057915457",1,"2025-06-25 18:37:06+00","-16.3352400","-71.5820116",25,0,0,0,"2577.2","0.0",22,0,"0.5",7,"0101000020E610000021F994AD3FE551C0A04FE449D25530C0","{""1"":{},""2"":{},""4"":{},""8"":{}}","2025-06-25 18:43:12.881+00","2025-06-25 18:43:12.881+00","2025-06-25 18:43:12.881+00"
842,"863192057915457",1,"2025-06-25 18:37:11+00","-16.3352400","-71.5820116",26,0,0,0,"2577.2","0.0",22,0,"0.5",7,"0101000020E610000021F994AD3FE551C0A04FE449D25530C0","{""1"":{},""2"":{},""4"":{},""8"":{}}","2025-06-25 18:43:12.884+00","2025-06-25 18:43:12.884+00","2025-06-25 18:43:12.884+00"
843,"863192057915457",1,"2025-06-25 18:37:16+00","-16.3352400","-71.5820116",27,0,0,0,"2577.2","0.0",21,0,"0.5",7,"0101000020E610000021F994AD3FE551C0A04FE449D25530C0","{""1"":{},""2"":{},""4"":{},""8"":{}}","2025-06-25 18:43:12.886+00","2025-06-25 18:43:12.887+00","2025-06-25 18:43:12.887+00"
844,"863192057915457",1,"2025-06-25 18:37:21+00","-16.3352400","-71.5820116",28,0,0,0,"2577.2","0.0",21,0,"0.5",7,"0101000020E610000021F994AD3FE551C0A04FE449D25530C0","{""1"":{},""2"":{},""4"":{},""8"":{}}","2025-06-25 18:43:12.889+00","2025-06-25 18:43:12.889+00","2025-06-25 18:43:12.889+00"
845,"863192057915457",1,"2025-06-25 18:37:26+00","-16.3352400","-71.5820116",29,0,0,0,"2577.2","0.0",21,0,"0.5",7,"0101000020E610000021F994AD3FE551C0A04FE449D25530C0","{""1"":{},""2"":{},""4"":{},""8"":{}}","2025-06-25 18:43:12.892+00","2025-06-25 18:43:12.892+00","2025-06-25 18:43:12.892+00"
846,"863192057915457",1,"2025-06-25 18:35:01+00","-16.3352400","-71.5820116",0,0,0,0,"2577.2","0.0",21,0,"0.5",7,"0101000020E610000021F994AD3FE551C0A04FE449D25530C0","{""1"":{},""2"":{},""4"":{},""8"":{}}","2025-06-25 18:45:48.257+00","2025-06-25 18:45:48.257+00","2025-06-25 18:45:48.257+00"
847,"863192057915457",1,"2025-06-25 18:35:06+00","-16.3352400","-71.5820116",1,0,0,0,"2577.2","0.0",21,0,"0.5",7,"0101000020E610000021F994AD3FE551C0A04FE449D25530C0","{""1"":{},""2"":{},""4"":{},""8"":{}}","2025-06-25 18:45:48.288+00","2025-06-25 18:45:48.288+00","2025-06-25 18:45:48.288+00"
848,"863192057915457",1,"2025-06-25 18:35:11+00","-16.3352400","-71.5820116",2,0,0,0,"2577.2","0.0",21,0,"0.5",7,"0101000020E610000021F994AD3FE551C0A04FE449D25530C0","{""1"":{},""2"":{},""4"":{},""8"":{}}","2025-06-25 18:45:48.291+00","2025-06-25 18:45:48.291+00","2025-06-25 18:45:48.291+00"
849,"863192057915457",1,"2025-06-25 18:35:16+00","-16.3352400","-71.5820116",3,0,0,0,"2577.2","0.0",21,0,"0.5",7,"0101000020E610000021F994AD3FE551C0A04FE449D25530C0","{""1"":{},""2"":{},""4"":{},""8"":{}}","2025-06-25 18:45:48.294+00","2025-06-25 18:45:48.294+00","2025-06-25 18:45:48.294+00"
850,"863192057915457",1,"2025-06-25 18:35:21+00","-16.3352400","-71.5820116",4,0,0,0,"2577.2","0.0",21,0,"0.5",7,"0101000020E610000021F994AD3FE551C0A04FE449D25530C0","{""1"":{},""2"":{},""4"":{},""8"":{}}","2025-06-25 18:45:48.297+00","2025-06-25 18:45:48.297+00","2025-06-25 18:45:48.297+00"
851,"863192057915457",1,"2025-06-25 18:35:26+00","-16.3352400","-71.5820116",5,0,0,0,"2577.2","0.0",21,0,"0.5",7,"0101000020E610000021F994AD3FE551C0A04FE449D25530C0","{""1"":{},""2"":{},""4"":{},""8"":{}}","2025-06-25 18:45:48.3+00","2025-06-25 18:45:48.3+00","2025-06-25 18:45:48.3+00"
852,"863192057915457",1,"2025-06-25 18:35:31+00","-16.3352400","-71.5820116",6,0,0,0,"2577.2","0.0",21,0,"0.5",7,"0101000020E610000021F994AD3FE551C0A04FE449D25530C0","{""1"":{},""2"":{},""4"":{},""8"":{}}","2025-06-25 18:45:48.303+00","2025-06-25 18:45:48.303+00","2025-06-25 18:45:48.303+00"
853,"863192057915457",1,"2025-06-25 18:35:36+00","-16.3352400","-71.5820116",7,0,0,0,"2577.2","0.0",21,0,"0.5",7,"0101000020E610000021F994AD3FE551C0A04FE449D25530C0","{""1"":{},""2"":{},""4"":{},""8"":{}}","2025-06-25 18:45:48.306+00","2025-06-25 18:45:48.306+00","2025-06-25 18:45:48.306+00"
854,"863192057915457",1,"2025-06-25 18:35:41+00","-16.3352400","-71.5820116",8,0,0,0,"2577.2","0.0",21,0,"0.5",7,"0101000020E610000021F994AD3FE551C0A04FE449D25530C0","{""1"":{},""2"":{},""4"":{},""8"":{}}","2025-06-25 18:45:48.309+00","2025-06-25 18:45:48.309+00","2025-06-25 18:45:48.309+00"
855,"863192057915457",1,"2025-06-25 18:35:46+00","-16.3352400","-71.5820116",9,0,0,0,"2577.2","0.0",21,0,"0.5",7,"0101000020E610000021F994AD3FE551C0A04FE449D25530C0","{""1"":{},""2"":{},""4"":{},""8"":{}}","2025-06-25 18:45:48.312+00","2025-06-25 18:45:48.312+00","2025-06-25 18:45:48.312+00"
856,"863192057915457",1,"2025-06-25 18:35:51+00","-16.3352400","-71.5820116",10,0,0,0,"2577.2","0.0",21,0,"0.5",7,"0101000020E610000021F994AD3FE551C0A04FE449D25530C0","{""1"":{},""2"":{},""4"":{},""8"":{}}","2025-06-25 18:45:48.314+00","2025-06-25 18:45:48.314+00","2025-06-25 18:45:48.314+00"
857,"863192057915457",1,"2025-06-25 18:35:56+00","-16.3352400","-71.5820116",11,0,0,0,"2577.2","0.0",21,0,"0.5",7,"0101000020E610000021F994AD3FE551C0A04FE449D25530C0","{""1"":{},""2"":{},""4"":{},""8"":{}}","2025-06-25 18:45:48.32+00","2025-06-25 18:45:48.32+00","2025-06-25 18:45:48.32+00"
858,"863192057915457",1,"2025-06-25 18:36:01+00","-16.3352400","-71.5820116",12,0,0,0,"2577.2","0.0",21,0,"0.5",7,"0101000020E610000021F994AD3FE551C0A04FE449D25530C0","{""1"":{},""2"":{},""4"":{},""8"":{}}","2025-06-25 18:45:48.323+00","2025-06-25 18:45:48.323+00","2025-06-25 18:45:48.323+00"
859,"863192057915457",1,"2025-06-25 18:36:06+00","-16.3352400","-71.5820116",13,0,0,0,"2577.2","0.0",21,0,"0.5",7,"0101000020E610000021F994AD3FE551C0A04FE449D25530C0","{""1"":{},""2"":{},""4"":{},""8"":{}}","2025-06-25 18:45:48.326+00","2025-06-25 18:45:48.326+00","2025-06-25 18:45:48.326+00"
860,"863192057915457",1,"2025-06-25 18:36:11+00","-16.3352400","-71.5820116",14,0,0,0,"2577.2","0.0",21,0,"0.5",7,"0101000020E610000021F994AD3FE551C0A04FE449D25530C0","{""1"":{},""2"":{},""4"":{},""8"":{}}","2025-06-25 18:45:48.329+00","2025-06-25 18:45:48.329+00","2025-06-25 18:45:48.329+00"
861,"863192057915457",1,"2025-06-25 18:36:16+00","-16.3352400","-71.5820116",15,0,0,0,"2577.2","0.0",21,0,"0.5",7,"0101000020E610000021F994AD3FE551C0A04FE449D25530C0","{""1"":{},""2"":{},""4"":{},""8"":{}}","2025-06-25 18:45:48.332+00","2025-06-25 18:45:48.332+00","2025-06-25 18:45:48.332+00"
862,"863192057915457",1,"2025-06-25 18:36:21+00","-16.3352400","-71.5820116",16,0,0,0,"2577.2","0.0",22,0,"0.5",7,"0101000020E610000021F994AD3FE551C0A04FE449D25530C0","{""1"":{},""2"":{},""4"":{},""8"":{}}","2025-06-25 18:45:48.334+00","2025-06-25 18:45:48.334+00","2025-06-25 18:45:48.334+00"
863,"863192057915457",1,"2025-06-25 18:36:26+00","-16.3352400","-71.5820116",17,0,0,0,"2577.2","0.0",21,0,"0.5",7,"0101000020E610000021F994AD3FE551C0A04FE449D25530C0","{""1"":{},""2"":{},""4"":{},""8"":{}}","2025-06-25 18:45:48.337+00","2025-06-25 18:45:48.337+00","2025-06-25 18:45:48.337+00"
864,"863192057915457",1,"2025-06-25 18:36:31+00","-16.3352400","-71.5820116",18,0,0,0,"2577.2","0.0",22,0,"0.5",7,"0101000020E610000021F994AD3FE551C0A04FE449D25530C0","{""1"":{},""2"":{},""4"":{},""8"":{}}","2025-06-25 18:45:48.34+00","2025-06-25 18:45:48.34+00","2025-06-25 18:45:48.34+00"
865,"863192057915457",1,"2025-06-25 18:36:36+00","-16.3352400","-71.5820116",19,0,0,0,"2577.2","0.0",22,0,"0.5",7,"0101000020E610000021F994AD3FE551C0A04FE449D25530C0","{""1"":{},""2"":{},""4"":{},""8"":{}}","2025-06-25 18:45:48.344+00","2025-06-25 18:45:48.344+00","2025-06-25 18:45:48.344+00"
866,"863192057915457",1,"2025-06-25 18:36:41+00","-16.3352400","-71.5820116",20,0,0,0,"2577.2","0.0",22,0,"0.5",7,"0101000020E610000021F994AD3FE551C0A04FE449D25530C0","{""1"":{},""2"":{},""4"":{},""8"":{}}","2025-06-25 18:45:48.346+00","2025-06-25 18:45:48.346+00","2025-06-25 18:45:48.346+00"
867,"863192057915457",1,"2025-06-25 18:36:46+00","-16.3352400","-71.5820116",21,0,0,0,"2577.2","0.0",22,0,"0.5",7,"0101000020E610000021F994AD3FE551C0A04FE449D25530C0","{""1"":{},""2"":{},""4"":{},""8"":{}}","2025-06-25 18:45:48.349+00","2025-06-25 18:45:48.349+00","2025-06-25 18:45:48.349+00"
868,"863192057915457",1,"2025-06-25 18:36:51+00","-16.3352400","-71.5820116",22,0,0,0,"2577.2","0.0",22,0,"0.5",7,"0101000020E610000021F994AD3FE551C0A04FE449D25530C0","{""1"":{},""2"":{},""4"":{},""8"":{}}","2025-06-25 18:45:48.351+00","2025-06-25 18:45:48.352+00","2025-06-25 18:45:48.352+00"
869,"863192057915457",1,"2025-06-25 18:36:56+00","-16.3352400","-71.5820116",23,0,0,0,"2577.2","0.0",22,0,"0.5",7,"0101000020E610000021F994AD3FE551C0A04FE449D25530C0","{""1"":{},""2"":{},""4"":{},""8"":{}}","2025-06-25 18:45:48.354+00","2025-06-25 18:45:48.354+00","2025-06-25 18:45:48.354+00"
870,"863192057915457",1,"2025-06-25 18:37:01+00","-16.3352400","-71.5820116",24,0,0,0,"2577.2","0.0",22,0,"0.5",7,"0101000020E610000021F994AD3FE551C0A04FE449D25530C0","{""1"":{},""2"":{},""4"":{},""8"":{}}","2025-06-25 18:45:48.358+00","2025-06-25 18:45:48.358+00","2025-06-25 18:45:48.358+00"
871,"863192057915457",1,"2025-06-25 18:37:06+00","-16.3352400","-71.5820116",25,0,0,0,"2577.2","0.0",22,0,"0.5",7,"0101000020E610000021F994AD3FE551C0A04FE449D25530C0","{""1"":{},""2"":{},""4"":{},""8"":{}}","2025-06-25 18:45:48.361+00","2025-06-25 18:45:48.361+00","2025-06-25 18:45:48.361+00"
872,"863192057915457",1,"2025-06-25 18:37:11+00","-16.3352400","-71.5820116",26,0,0,0,"2577.2","0.0",22,0,"0.5",7,"0101000020E610000021F994AD3FE551C0A04FE449D25530C0","{""1"":{},""2"":{},""4"":{},""8"":{}}","2025-06-25 18:45:48.363+00","2025-06-25 18:45:48.363+00","2025-06-25 18:45:48.363+00"
873,"863192057915457",1,"2025-06-25 18:37:16+00","-16.3352400","-71.5820116",27,0,0,0,"2577.2","0.0",21,0,"0.5",7,"0101000020E610000021F994AD3FE551C0A04FE449D25530C0","{""1"":{},""2"":{},""4"":{},""8"":{}}","2025-06-25 18:45:48.366+00","2025-06-25 18:45:48.366+00","2025-06-25 18:45:48.366+00"
874,"863192057915457",1,"2025-06-25 18:37:21+00","-16.3352400","-71.5820116",28,0,0,0,"2577.2","0.0",21,0,"0.5",7,"0101000020E610000021F994AD3FE551C0A04FE449D25530C0","{""1"":{},""2"":{},""4"":{},""8"":{}}","2025-06-25 18:45:48.369+00","2025-06-25 18:45:48.369+00","2025-06-25 18:45:48.369+00"
875,"863192057915457",1,"2025-06-25 18:37:26+00","-16.3352400","-71.5820116",29,0,0,0,"2577.2","0.0",21,0,"0.5",7,"0101000020E610000021F994AD3FE551C0A04FE449D25530C0","{""1"":{},""2"":{},""4"":{},""8"":{}}","2025-06-25 18:45:48.372+00","2025-06-25 18:45:48.372+00","2025-06-25 18:45:48.372+00"
876,"863192057915457",1,"2025-06-25 18:37:31+00","-16.3352400","-71.5820116",0,0,0,0,"2577.2","0.0",21,0,"0.5",7,"0101000020E610000021F994AD3FE551C0A04FE449D25530C0","{""1"":{},""2"":{},""4"":{},""8"":{}}","2025-06-25 18:45:50.347+00","2025-06-25 18:45:50.347+00","2025-06-25 18:45:50.347+00"
877,"863192057915457",1,"2025-06-25 18:37:36+00","-16.3352400","-71.5820116",1,0,0,0,"2577.2","0.0",21,0,"0.5",7,"0101000020E610000021F994AD3FE551C0A04FE449D25530C0","{""1"":{},""2"":{},""4"":{},""8"":{}}","2025-06-25 18:45:50.354+00","2025-06-25 18:45:50.354+00","2025-06-25 18:45:50.354+00"
878,"863192057915457",1,"2025-06-25 18:37:41+00","-16.3352400","-71.5820116",2,0,0,0,"2577.2","0.0",21,0,"0.5",7,"0101000020E610000021F994AD3FE551C0A04FE449D25530C0","{""1"":{},""2"":{},""4"":{},""8"":{}}","2025-06-25 18:45:50.357+00","2025-06-25 18:45:50.357+00","2025-06-25 18:45:50.357+00"
879,"863192057915457",1,"2025-06-25 18:37:46+00","-16.3352400","-71.5820116",3,0,0,0,"2577.2","0.0",20,0,"0.5",7,"0101000020E610000021F994AD3FE551C0A04FE449D25530C0","{""1"":{},""2"":{},""4"":{},""8"":{}}","2025-06-25 18:45:50.361+00","2025-06-25 18:45:50.361+00","2025-06-25 18:45:50.361+00"
880,"863192057915457",1,"2025-06-25 18:37:51+00","-16.3352400","-71.5820116",4,0,0,0,"2577.2","0.0",20,0,"0.5",7,"0101000020E610000021F994AD3FE551C0A04FE449D25530C0","{""1"":{},""2"":{},""4"":{},""8"":{}}","2025-06-25 18:45:50.366+00","2025-06-25 18:45:50.366+00","2025-06-25 18:45:50.366+00"
881,"863192057915457",1,"2025-06-25 18:37:56+00","-16.3352400","-71.5820116",5,0,0,0,"2577.2","0.0",21,0,"0.5",7,"0101000020E610000021F994AD3FE551C0A04FE449D25530C0","{""1"":{},""2"":{},""4"":{},""8"":{}}","2025-06-25 18:45:50.374+00","2025-06-25 18:45:50.374+00","2025-06-25 18:45:50.374+00"
882,"863192057915457",1,"2025-06-25 18:38:01+00","-16.3352400","-71.5820116",6,0,0,0,"2577.2","0.0",21,0,"0.5",7,"0101000020E610000021F994AD3FE551C0A04FE449D25530C0","{""1"":{},""2"":{},""4"":{},""8"":{}}","2025-06-25 18:45:50.377+00","2025-06-25 18:45:50.377+00","2025-06-25 18:45:50.377+00"
883,"863192057915457",1,"2025-06-25 18:38:06+00","-16.3352400","-71.5820116",7,0,0,0,"2577.2","0.0",22,0,"0.5",7,"0101000020E610000021F994AD3FE551C0A04FE449D25530C0","{""1"":{},""2"":{},""4"":{},""8"":{}}","2025-06-25 18:45:50.383+00","2025-06-25 18:45:50.383+00","2025-06-25 18:45:50.383+00"
884,"863192057915457",1,"2025-06-25 18:38:11+00","-16.3352400","-71.5820116",8,0,0,0,"2577.2","0.0",21,0,"0.5",7,"0101000020E610000021F994AD3FE551C0A04FE449D25530C0","{""1"":{},""2"":{},""4"":{},""8"":{}}","2025-06-25 18:45:50.386+00","2025-06-25 18:45:50.386+00","2025-06-25 18:45:50.386+00"
885,"863192057915457",1,"2025-06-25 18:38:16+00","-16.3352400","-71.5820116",9,0,0,0,"2577.2","0.0",20,0,"0.5",7,"0101000020E610000021F994AD3FE551C0A04FE449D25530C0","{""1"":{},""2"":{},""4"":{},""8"":{}}","2025-06-25 18:45:50.39+00","2025-06-25 18:45:50.39+00","2025-06-25 18:45:50.39+00"
886,"863192057915457",1,"2025-06-25 18:38:21+00","-16.3352400","-71.5820116",10,0,0,0,"2577.2","0.0",20,0,"0.5",7,"0101000020E610000021F994AD3FE551C0A04FE449D25530C0","{""1"":{},""2"":{},""4"":{},""8"":{}}","2025-06-25 18:45:50.394+00","2025-06-25 18:45:50.394+00","2025-06-25 18:45:50.394+00"
887,"863192057915457",1,"2025-06-25 18:38:26+00","-16.3352400","-71.5820116",11,0,0,0,"2577.2","0.0",20,0,"0.5",7,"0101000020E610000021F994AD3FE551C0A04FE449D25530C0","{""1"":{},""2"":{},""4"":{},""8"":{}}","2025-06-25 18:45:50.398+00","2025-06-25 18:45:50.398+00","2025-06-25 18:45:50.398+00"
888,"863192057915457",1,"2025-06-25 18:38:31+00","-16.3352400","-71.5820116",12,0,0,0,"2577.2","0.0",20,0,"0.5",7,"0101000020E610000021F994AD3FE551C0A04FE449D25530C0","{""1"":{},""2"":{},""4"":{},""8"":{}}","2025-06-25 18:45:50.401+00","2025-06-25 18:45:50.401+00","2025-06-25 18:45:50.401+00"
889,"863192057915457",1,"2025-06-25 18:38:36+00","-16.3352400","-71.5820116",13,0,0,0,"2577.2","0.0",22,0,"0.5",7,"0101000020E610000021F994AD3FE551C0A04FE449D25530C0","{""1"":{},""2"":{},""4"":{},""8"":{}}","2025-06-25 18:45:50.405+00","2025-06-25 18:45:50.405+00","2025-06-25 18:45:50.405+00"
890,"863192057915457",1,"2025-06-25 18:38:41+00","-16.3352400","-71.5820116",14,0,0,0,"2577.2","0.0",22,0,"0.5",7,"0101000020E610000021F994AD3FE551C0A04FE449D25530C0","{""1"":{},""2"":{},""4"":{},""8"":{}}","2025-06-25 18:45:50.408+00","2025-06-25 18:45:50.408+00","2025-06-25 18:45:50.408+00"
891,"863192057915457",1,"2025-06-25 18:38:46+00","-16.3352400","-71.5820116",15,0,0,0,"2577.2","0.0",22,0,"0.5",7,"0101000020E610000021F994AD3FE551C0A04FE449D25530C0","{""1"":{},""2"":{},""4"":{},""8"":{}}","2025-06-25 18:45:50.411+00","2025-06-25 18:45:50.411+00","2025-06-25 18:45:50.411+00"
892,"863192057915457",1,"2025-06-25 18:38:51+00","-16.3352400","-71.5820116",16,0,0,0,"2577.2","0.0",22,0,"0.5",7,"0101000020E610000021F994AD3FE551C0A04FE449D25530C0","{""1"":{},""2"":{},""4"":{},""8"":{}}","2025-06-25 18:45:50.414+00","2025-06-25 18:45:50.414+00","2025-06-25 18:45:50.414+00"
893,"863192057915457",1,"2025-06-25 18:38:56+00","-16.3352416","-71.5820116",17,0,0,0,"2576.9","0.0",21,0,"0.6",7,"0101000020E610000021F994AD3FE551C03B42BC64D25530C0","{""1"":{},""2"":{},""4"":{},""8"":{}}","2025-06-25 18:45:50.417+00","2025-06-25 18:45:50.417+00","2025-06-25 18:45:50.417+00"
894,"863192057915457",1,"2025-06-25 18:39:01+00","-16.3352433","-71.5820100",18,0,0,0,"2576.4","0.0",22,0,"0.5",7,"0101000020E61000007AFCDEA63FE551C0FFB34181D25530C0","{""1"":{},""2"":{},""4"":{},""8"":{}}","2025-06-25 18:45:50.42+00","2025-06-25 18:45:50.42+00","2025-06-25 18:45:50.42+00"
895,"863192057915457",1,"2025-06-25 18:39:06+00","-16.3352433","-71.5820100",19,0,0,0,"2576.4","0.0",22,0,"0.5",7,"0101000020E61000007AFCDEA63FE551C0FFB34181D25530C0","{""1"":{},""2"":{},""4"":{},""8"":{}}","2025-06-25 18:45:50.423+00","2025-06-25 18:45:50.423+00","2025-06-25 18:45:50.423+00"
896,"863192057915457",1,"2025-06-25 18:39:11+00","-16.3352433","-71.5820100",20,0,0,0,"2576.4","0.0",21,0,"0.5",7,"0101000020E61000007AFCDEA63FE551C0FFB34181D25530C0","{""1"":{},""2"":{},""4"":{},""8"":{}}","2025-06-25 18:45:50.426+00","2025-06-25 18:45:50.426+00","2025-06-25 18:45:50.426+00"
897,"863192057915457",1,"2025-06-25 18:39:16+00","-16.3352433","-71.5820100",21,0,0,0,"2576.4","0.0",21,0,"0.5",7,"0101000020E61000007AFCDEA63FE551C0FFB34181D25530C0","{""1"":{},""2"":{},""4"":{},""8"":{}}","2025-06-25 18:45:50.429+00","2025-06-25 18:45:50.429+00","2025-06-25 18:45:50.429+00"
898,"863192057915457",1,"2025-06-25 18:39:21+00","-16.3352433","-71.5820100",22,0,0,0,"2576.4","0.0",20,0,"0.5",7,"0101000020E61000007AFCDEA63FE551C0FFB34181D25530C0","{""1"":{},""2"":{},""4"":{},""8"":{}}","2025-06-25 18:45:50.432+00","2025-06-25 18:45:50.432+00","2025-06-25 18:45:50.432+00"
899,"863192057915457",1,"2025-06-25 18:39:26+00","-16.3352433","-71.5820100",23,0,0,0,"2576.4","0.0",22,0,"0.5",7,"0101000020E61000007AFCDEA63FE551C0FFB34181D25530C0","{""1"":{},""2"":{},""4"":{},""8"":{}}","2025-06-25 18:45:50.435+00","2025-06-25 18:45:50.435+00","2025-06-25 18:45:50.435+00"
900,"863192057915457",1,"2025-06-25 18:39:31+00","-16.3352450","-71.5820100",24,0,0,0,"2576.0","0.0",22,0,"0.5",7,"0101000020E61000007AFCDEA63FE551C0C425C79DD25530C0","{""1"":{},""2"":{},""4"":{},""8"":{}}","2025-06-25 18:45:50.437+00","2025-06-25 18:45:50.437+00","2025-06-25 18:45:50.437+00"
901,"863192057915457",1,"2025-06-25 18:39:36+00","-16.3352500","-71.5820050",25,0,0,0,"2575.4","0.0",22,0,"0.5",7,"0101000020E6100000F146E6913FE551C0E7FBA9F1D25530C0","{""1"":{},""2"":{},""4"":{},""8"":{}}","2025-06-25 18:45:50.44+00","2025-06-25 18:45:50.44+00","2025-06-25 18:45:50.44+00"
902,"863192057915457",1,"2025-06-25 18:39:41+00","-16.3352500","-71.5820050",26,0,0,0,"2575.4","0.0",21,0,"0.5",7,"0101000020E6100000F146E6913FE551C0E7FBA9F1D25530C0","{""1"":{},""2"":{},""4"":{},""8"":{}}","2025-06-25 18:45:50.443+00","2025-06-25 18:45:50.443+00","2025-06-25 18:45:50.443+00"
903,"863192057915457",1,"2025-06-25 18:39:46+00","-16.3352500","-71.5820050",27,0,0,0,"2575.4","0.0",22,0,"0.5",7,"0101000020E6100000F146E6913FE551C0E7FBA9F1D25530C0","{""1"":{},""2"":{},""4"":{},""8"":{}}","2025-06-25 18:45:50.446+00","2025-06-25 18:45:50.446+00","2025-06-25 18:45:50.446+00"
904,"863192057915457",1,"2025-06-25 18:39:51+00","-16.3352500","-71.5820050",28,0,0,0,"2575.4","0.0",23,0,"0.5",7,"0101000020E6100000F146E6913FE551C0E7FBA9F1D25530C0","{""1"":{},""2"":{},""4"":{},""8"":{}}","2025-06-25 18:45:50.448+00","2025-06-25 18:45:50.448+00","2025-06-25 18:45:50.448+00"
905,"863192057915457",1,"2025-06-25 18:39:56+00","-16.3352500","-71.5820050",29,0,0,0,"2575.4","0.0",23,0,"0.5",7,"0101000020E6100000F146E6913FE551C0E7FBA9F1D25530C0","{""1"":{},""2"":{},""4"":{},""8"":{}}","2025-06-25 18:45:50.451+00","2025-06-25 18:45:50.451+00","2025-06-25 18:45:50.451+00"
906,"863192057915457",1,"2025-06-25 18:40:01+00","-16.3352500","-71.5820050",0,0,0,0,"2575.4","0.0",23,0,"0.5",7,"0101000020E6100000F146E6913FE551C0E7FBA9F1D25530C0","{""1"":{},""2"":{},""4"":{},""8"":{}}","2025-06-25 18:45:52.325+00","2025-06-25 18:45:52.325+00","2025-06-25 18:45:52.325+00"
907,"863192057915457",1,"2025-06-25 18:40:06+00","-16.3352500","-71.5820050",1,0,0,0,"2575.4","0.0",23,0,"0.5",7,"0101000020E6100000F146E6913FE551C0E7FBA9F1D25530C0","{""1"":{},""2"":{},""4"":{},""8"":{}}","2025-06-25 18:45:52.332+00","2025-06-25 18:45:52.332+00","2025-06-25 18:45:52.332+00"
908,"863192057915457",1,"2025-06-25 18:40:11+00","-16.3352500","-71.5820050",2,0,0,0,"2575.4","0.0",22,0,"0.5",7,"0101000020E6100000F146E6913FE551C0E7FBA9F1D25530C0","{""1"":{},""2"":{},""4"":{},""8"":{}}","2025-06-25 18:45:52.337+00","2025-06-25 18:45:52.337+00","2025-06-25 18:45:52.337+00"
909,"863192057915457",1,"2025-06-25 18:40:16+00","-16.3352500","-71.5820050",3,0,0,0,"2575.4","0.0",22,0,"0.5",7,"0101000020E6100000F146E6913FE551C0E7FBA9F1D25530C0","{""1"":{},""2"":{},""4"":{},""8"":{}}","2025-06-25 18:45:52.34+00","2025-06-25 18:45:52.34+00","2025-06-25 18:45:52.34+00"
910,"863192057915457",1,"2025-06-25 18:40:21+00","-16.3352500","-71.5820050",4,0,0,0,"2575.4","0.0",21,0,"0.5",7,"0101000020E6100000F146E6913FE551C0E7FBA9F1D25530C0","{""1"":{},""2"":{},""4"":{},""8"":{}}","2025-06-25 18:45:52.343+00","2025-06-25 18:45:52.343+00","2025-06-25 18:45:52.343+00"
911,"863192057915457",1,"2025-06-25 18:40:26+00","-16.3352500","-71.5820050",5,0,0,0,"2575.4","0.0",21,0,"0.5",7,"0101000020E6100000F146E6913FE551C0E7FBA9F1D25530C0","{""1"":{},""2"":{},""4"":{},""8"":{}}","2025-06-25 18:45:52.346+00","2025-06-25 18:45:52.346+00","2025-06-25 18:45:52.346+00"
912,"863192057915457",1,"2025-06-25 18:40:31+00","-16.3352500","-71.5820050",6,0,0,0,"2575.4","0.0",21,0,"0.5",7,"0101000020E6100000F146E6913FE551C0E7FBA9F1D25530C0","{""1"":{},""2"":{},""4"":{},""8"":{}}","2025-06-25 18:45:52.349+00","2025-06-25 18:45:52.349+00","2025-06-25 18:45:52.349+00"
913,"863192057915457",1,"2025-06-25 18:40:36+00","-16.3352516","-71.5820050",7,0,0,0,"2575.1","0.0",22,0,"0.5",7,"0101000020E6100000F146E6913FE551C082EE810CD35530C0","{""1"":{},""2"":{},""4"":{},""8"":{}}","2025-06-25 18:45:52.352+00","2025-06-25 18:45:52.352+00","2025-06-25 18:45:52.352+00"
914,"863192057915457",1,"2025-06-25 18:40:41+00","-16.3352516","-71.5820050",8,0,0,0,"2575.1","0.0",22,0,"0.5",7,"0101000020E6100000F146E6913FE551C082EE810CD35530C0","{""1"":{},""2"":{},""4"":{},""8"":{}}","2025-06-25 18:45:52.355+00","2025-06-25 18:45:52.355+00","2025-06-25 18:45:52.355+00"
915,"863192057915457",1,"2025-06-25 18:40:46+00","-16.3352516","-71.5820050",9,0,0,0,"2575.1","0.0",23,0,"0.5",7,"0101000020E6100000F146E6913FE551C082EE810CD35530C0","{""1"":{},""2"":{},""4"":{},""8"":{}}","2025-06-25 18:45:52.357+00","2025-06-25 18:45:52.357+00","2025-06-25 18:45:52.357+00"
916,"863192057915457",1,"2025-06-25 18:40:51+00","-16.3352516","-71.5820050",10,0,0,0,"2575.1","0.0",24,0,"0.5",7,"0101000020E6100000F146E6913FE551C082EE810CD35530C0","{""1"":{},""2"":{},""4"":{},""8"":{}}","2025-06-25 18:45:52.36+00","2025-06-25 18:45:52.36+00","2025-06-25 18:45:52.36+00"
917,"863192057915457",1,"2025-06-25 18:40:56+00","-16.3352516","-71.5820050",11,0,0,0,"2575.1","0.0",22,0,"0.5",7,"0101000020E6100000F146E6913FE551C082EE810CD35530C0","{""1"":{},""2"":{},""4"":{},""8"":{}}","2025-06-25 18:45:52.363+00","2025-06-25 18:45:52.363+00","2025-06-25 18:45:52.363+00"
918,"863192057915457",1,"2025-06-25 18:41:01+00","-16.3352516","-71.5820050",12,0,0,0,"2575.1","0.0",23,0,"0.5",7,"0101000020E6100000F146E6913FE551C082EE810CD35530C0","{""1"":{},""2"":{},""4"":{},""8"":{}}","2025-06-25 18:45:52.367+00","2025-06-25 18:45:52.367+00","2025-06-25 18:45:52.367+00"
919,"863192057915457",1,"2025-06-25 18:41:06+00","-16.3352516","-71.5820050",13,0,0,0,"2575.1","0.0",22,0,"0.5",7,"0101000020E6100000F146E6913FE551C082EE810CD35530C0","{""1"":{},""2"":{},""4"":{},""8"":{}}","2025-06-25 18:45:52.369+00","2025-06-25 18:45:52.369+00","2025-06-25 18:45:52.369+00"
920,"863192057915457",1,"2025-06-25 18:41:11+00","-16.3352516","-71.5820050",14,0,0,0,"2575.1","0.0",21,0,"0.5",7,"0101000020E6100000F146E6913FE551C082EE810CD35530C0","{""1"":{},""2"":{},""4"":{},""8"":{}}","2025-06-25 18:45:52.372+00","2025-06-25 18:45:52.372+00","2025-06-25 18:45:52.372+00"
921,"863192057915457",1,"2025-06-25 18:41:16+00","-16.3352516","-71.5820050",15,0,0,0,"2575.1","0.0",21,0,"0.5",7,"0101000020E6100000F146E6913FE551C082EE810CD35530C0","{""1"":{},""2"":{},""4"":{},""8"":{}}","2025-06-25 18:45:52.375+00","2025-06-25 18:45:52.375+00","2025-06-25 18:45:52.375+00"
922,"863192057915457",1,"2025-06-25 18:41:21+00","-16.3352516","-71.5820050",16,0,0,0,"2575.1","0.0",22,0,"0.5",7,"0101000020E6100000F146E6913FE551C082EE810CD35530C0","{""1"":{},""2"":{},""4"":{},""8"":{}}","2025-06-25 18:45:52.377+00","2025-06-25 18:45:52.377+00","2025-06-25 18:45:52.377+00"
923,"863192057915457",1,"2025-06-25 18:41:26+00","-16.3352516","-71.5820050",17,0,0,0,"2575.1","0.0",22,0,"0.5",7,"0101000020E6100000F146E6913FE551C082EE810CD35530C0","{""1"":{},""2"":{},""4"":{},""8"":{}}","2025-06-25 18:45:52.381+00","2025-06-25 18:45:52.381+00","2025-06-25 18:45:52.381+00"
924,"863192057915457",1,"2025-06-25 18:41:31+00","-16.3352516","-71.5820050",18,0,0,0,"2575.1","0.0",23,0,"0.5",7,"0101000020E6100000F146E6913FE551C082EE810CD35530C0","{""1"":{},""2"":{},""4"":{},""8"":{}}","2025-06-25 18:45:52.383+00","2025-06-25 18:45:52.383+00","2025-06-25 18:45:52.383+00"
925,"863192057915457",1,"2025-06-25 18:41:36+00","-16.3352516","-71.5820050",19,0,0,0,"2575.1","0.0",23,0,"0.5",7,"0101000020E6100000F146E6913FE551C082EE810CD35530C0","{""1"":{},""2"":{},""4"":{},""8"":{}}","2025-06-25 18:45:52.386+00","2025-06-25 18:45:52.386+00","2025-06-25 18:45:52.386+00"
926,"863192057915457",1,"2025-06-25 18:41:41+00","-16.3352516","-71.5820050",20,0,0,0,"2575.1","0.0",23,0,"0.5",7,"0101000020E6100000F146E6913FE551C082EE810CD35530C0","{""1"":{},""2"":{},""4"":{},""8"":{}}","2025-06-25 18:45:52.39+00","2025-06-25 18:45:52.39+00","2025-06-25 18:45:52.39+00"
927,"863192057915457",1,"2025-06-25 18:41:46+00","-16.3352516","-71.5820050",21,0,0,0,"2575.1","0.0",22,0,"0.5",7,"0101000020E6100000F146E6913FE551C082EE810CD35530C0","{""1"":{},""2"":{},""4"":{},""8"":{}}","2025-06-25 18:45:52.394+00","2025-06-25 18:45:52.394+00","2025-06-25 18:45:52.394+00"
928,"863192057915457",1,"2025-06-25 18:41:51+00","-16.3352516","-71.5820050",22,0,0,0,"2575.1","0.0",23,0,"0.5",7,"0101000020E6100000F146E6913FE551C082EE810CD35530C0","{""1"":{},""2"":{},""4"":{},""8"":{}}","2025-06-25 18:45:52.397+00","2025-06-25 18:45:52.397+00","2025-06-25 18:45:52.397+00"
929,"863192057915457",1,"2025-06-25 18:41:56+00","-16.3352516","-71.5820050",23,0,0,0,"2574.8","0.0",23,0,"0.5",7,"0101000020E6100000F146E6913FE551C082EE810CD35530C0","{""1"":{},""2"":{},""4"":{},""8"":{}}","2025-06-25 18:45:52.4+00","2025-06-25 18:45:52.4+00","2025-06-25 18:45:52.4+00"
930,"863192057915457",1,"2025-06-25 18:42:01+00","-16.3352516","-71.5820066",24,0,0,0,"2574.7","0.0",24,0,"0.5",7,"0101000020E610000098439C983FE551C082EE810CD35530C0","{""1"":{},""2"":{},""4"":{},""8"":{}}","2025-06-25 18:45:52.403+00","2025-06-25 18:45:52.403+00","2025-06-25 18:45:52.403+00"
931,"863192057915457",1,"2025-06-25 18:42:06+00","-16.3352516","-71.5820066",25,0,0,0,"2574.7","0.0",23,0,"0.5",7,"0101000020E610000098439C983FE551C082EE810CD35530C0","{""1"":{},""2"":{},""4"":{},""8"":{}}","2025-06-25 18:45:52.407+00","2025-06-25 18:45:52.407+00","2025-06-25 18:45:52.407+00"
932,"863192057915457",1,"2025-06-25 18:42:11+00","-16.3352516","-71.5820066",26,0,0,0,"2574.7","0.0",23,0,"0.5",7,"0101000020E610000098439C983FE551C082EE810CD35530C0","{""1"":{},""2"":{},""4"":{},""8"":{}}","2025-06-25 18:45:52.41+00","2025-06-25 18:45:52.411+00","2025-06-25 18:45:52.411+00"
933,"863192057915457",1,"2025-06-25 18:42:16+00","-16.3352516","-71.5820066",27,0,0,0,"2574.7","0.0",23,0,"0.5",7,"0101000020E610000098439C983FE551C082EE810CD35530C0","{""1"":{},""2"":{},""4"":{},""8"":{}}","2025-06-25 18:45:52.415+00","2025-06-25 18:45:52.415+00","2025-06-25 18:45:52.415+00"
934,"863192057915457",1,"2025-06-25 18:42:21+00","-16.3352516","-71.5820066",28,0,0,0,"2574.7","0.0",23,0,"0.5",7,"0101000020E610000098439C983FE551C082EE810CD35530C0","{""1"":{},""2"":{},""4"":{},""8"":{}}","2025-06-25 18:45:52.42+00","2025-06-25 18:45:52.42+00","2025-06-25 18:45:52.42+00"
935,"863192057915457",1,"2025-06-25 18:42:26+00","-16.3352516","-71.5820066",29,0,0,0,"2574.7","0.0",23,0,"0.5",7,"0101000020E610000098439C983FE551C082EE810CD35530C0","{""1"":{},""2"":{},""4"":{},""8"":{}}","2025-06-25 18:45:52.423+00","2025-06-25 18:45:52.424+00","2025-06-25 18:45:52.424+00"
936,"863192057915457",1,"2025-06-25 18:42:31+00","-16.3352516","-71.5820066",0,0,0,0,"2574.7","0.0",24,0,"0.5",7,"0101000020E610000098439C983FE551C082EE810CD35530C0","{""1"":{},""2"":{},""4"":{},""8"":{}}","2025-06-25 18:45:54.337+00","2025-06-25 18:45:54.337+00","2025-06-25 18:45:54.337+00"
937,"863192057915457",1,"2025-06-25 18:42:36+00","-16.3352516","-71.5820066",1,0,0,0,"2574.7","0.0",24,0,"0.5",7,"0101000020E610000098439C983FE551C082EE810CD35530C0","{""1"":{},""2"":{},""4"":{},""8"":{}}","2025-06-25 18:45:54.343+00","2025-06-25 18:45:54.343+00","2025-06-25 18:45:54.343+00"
938,"863192057915457",1,"2025-06-25 18:42:41+00","-16.3352516","-71.5820066",2,0,0,0,"2574.7","0.0",24,0,"0.5",7,"0101000020E610000098439C983FE551C082EE810CD35530C0","{""1"":{},""2"":{},""4"":{},""8"":{}}","2025-06-25 18:45:54.346+00","2025-06-25 18:45:54.346+00","2025-06-25 18:45:54.346+00"
939,"863192057915457",1,"2025-06-25 18:42:46+00","-16.3352516","-71.5820066",3,0,0,0,"2574.7","0.0",24,0,"0.5",7,"0101000020E610000098439C983FE551C082EE810CD35530C0","{""1"":{},""2"":{},""4"":{},""8"":{}}","2025-06-25 18:45:54.35+00","2025-06-25 18:45:54.35+00","2025-06-25 18:45:54.35+00"
940,"863192057915457",1,"2025-06-25 18:42:51+00","-16.3352516","-71.5820066",4,0,0,0,"2574.7","0.0",25,0,"0.5",7,"0101000020E610000098439C983FE551C082EE810CD35530C0","{""1"":{},""2"":{},""4"":{},""8"":{}}","2025-06-25 18:45:54.352+00","2025-06-25 18:45:54.352+00","2025-06-25 18:45:54.352+00"
941,"863192057915457",1,"2025-06-25 18:42:56+00","-16.3352516","-71.5820066",5,0,0,0,"2574.7","0.0",24,0,"0.5",7,"0101000020E610000098439C983FE551C082EE810CD35530C0","{""1"":{},""2"":{},""4"":{},""8"":{}}","2025-06-25 18:45:54.355+00","2025-06-25 18:45:54.355+00","2025-06-25 18:45:54.355+00"
942,"863192057915457",1,"2025-06-25 18:43:01+00","-16.3352516","-71.5820066",6,0,0,0,"2574.7","0.0",23,0,"0.5",7,"0101000020E610000098439C983FE551C082EE810CD35530C0","{""1"":{},""2"":{},""4"":{},""8"":{}}","2025-06-25 18:45:54.358+00","2025-06-25 18:45:54.358+00","2025-06-25 18:45:54.358+00"
943,"863192057915457",1,"2025-06-25 18:43:06+00","-16.3352516","-71.5820066",7,0,0,0,"2574.7","0.0",23,0,"0.5",7,"0101000020E610000098439C983FE551C082EE810CD35530C0","{""1"":{},""2"":{},""4"":{},""8"":{}}","2025-06-25 18:45:54.36+00","2025-06-25 18:45:54.36+00","2025-06-25 18:45:54.36+00"
944,"863192057915457",1,"2025-06-25 18:43:11+00","-16.3352516","-71.5820066",8,0,0,0,"2574.7","0.0",23,0,"0.5",7,"0101000020E610000098439C983FE551C082EE810CD35530C0","{""1"":{},""2"":{},""4"":{},""8"":{}}","2025-06-25 18:45:54.363+00","2025-06-25 18:45:54.363+00","2025-06-25 18:45:54.363+00"
945,"863192057915457",1,"2025-06-25 18:43:16+00","-16.3352516","-71.5820066",9,0,0,0,"2574.7","0.0",23,0,"0.5",7,"0101000020E610000098439C983FE551C082EE810CD35530C0","{""1"":{},""2"":{},""4"":{},""8"":{}}","2025-06-25 18:45:54.365+00","2025-06-25 18:45:54.366+00","2025-06-25 18:45:54.366+00"
946,"863192057915457",1,"2025-06-25 18:43:21+00","-16.3352516","-71.5820066",10,0,0,0,"2574.7","0.0",24,0,"0.5",7,"0101000020E610000098439C983FE551C082EE810CD35530C0","{""1"":{},""2"":{},""4"":{},""8"":{}}","2025-06-25 18:45:54.368+00","2025-06-25 18:45:54.368+00","2025-06-25 18:45:54.368+00"
947,"863192057915457",1,"2025-06-25 18:43:26+00","-16.3352516","-71.5820066",11,0,0,0,"2574.7","0.0",24,0,"0.5",7,"0101000020E610000098439C983FE551C082EE810CD35530C0","{""1"":{},""2"":{},""4"":{},""8"":{}}","2025-06-25 18:45:54.37+00","2025-06-25 18:45:54.37+00","2025-06-25 18:45:54.37+00"
948,"863192057915457",1,"2025-06-25 18:43:31+00","-16.3352516","-71.5820066",12,0,0,0,"2574.7","0.0",24,0,"0.5",7,"0101000020E610000098439C983FE551C082EE810CD35530C0","{""1"":{},""2"":{},""4"":{},""8"":{}}","2025-06-25 18:45:54.373+00","2025-06-25 18:45:54.373+00","2025-06-25 18:45:54.373+00"
949,"863192057915457",1,"2025-06-25 18:43:36+00","-16.3352516","-71.5820066",13,0,0,0,"2574.7","0.0",24,0,"0.5",7,"0101000020E610000098439C983FE551C082EE810CD35530C0","{""1"":{},""2"":{},""4"":{},""8"":{}}","2025-06-25 18:45:54.376+00","2025-06-25 18:45:54.376+00","2025-06-25 18:45:54.376+00"
950,"863192057915457",1,"2025-06-25 18:43:41+00","-16.3352533","-71.5820050",14,0,0,0,"2574.3","0.0",24,0,"0.5",7,"0101000020E6100000F146E6913FE551C047600729D35530C0","{""1"":{},""2"":{},""4"":{},""8"":{}}","2025-06-25 18:45:54.379+00","2025-06-25 18:45:54.379+00","2025-06-25 18:45:54.379+00"
951,"863192057915457",1,"2025-06-25 18:43:46+00","-16.3352533","-71.5820050",15,0,0,0,"2574.3","0.0",24,0,"0.5",7,"0101000020E6100000F146E6913FE551C047600729D35530C0","{""1"":{},""2"":{},""4"":{},""8"":{}}","2025-06-25 18:45:54.381+00","2025-06-25 18:45:54.381+00","2025-06-25 18:45:54.381+00"
952,"863192057915457",1,"2025-06-25 18:43:51+00","-16.3352533","-71.5820050",16,0,0,0,"2574.3","0.0",24,0,"0.5",7,"0101000020E6100000F146E6913FE551C047600729D35530C0","{""1"":{},""2"":{},""4"":{},""8"":{}}","2025-06-25 18:45:54.384+00","2025-06-25 18:45:54.384+00","2025-06-25 18:45:54.384+00"
953,"863192057915457",1,"2025-06-25 18:43:56+00","-16.3352533","-71.5820050",17,0,0,0,"2574.3","0.0",24,0,"0.5",7,"0101000020E6100000F146E6913FE551C047600729D35530C0","{""1"":{},""2"":{},""4"":{},""8"":{}}","2025-06-25 18:45:54.386+00","2025-06-25 18:45:54.386+00","2025-06-25 18:45:54.386+00"
954,"863192057915457",1,"2025-06-25 18:44:01+00","-16.3352550","-71.5820066",18,0,0,0,"2573.8","0.0",25,0,"0.5",7,"0101000020E610000098439C983FE551C00BD28C45D35530C0","{""1"":{},""2"":{},""4"":{},""8"":{}}","2025-06-25 18:45:54.389+00","2025-06-25 18:45:54.389+00","2025-06-25 18:45:54.389+00"
955,"863192057915457",1,"2025-06-25 18:44:06+00","-16.3352550","-71.5820066",19,0,0,0,"2573.8","0.0",24,0,"0.5",7,"0101000020E610000098439C983FE551C00BD28C45D35530C0","{""1"":{},""2"":{},""4"":{},""8"":{}}","2025-06-25 18:45:54.391+00","2025-06-25 18:45:54.391+00","2025-06-25 18:45:54.391+00"
956,"863192057915457",1,"2025-06-25 18:44:11+00","-16.3352550","-71.5820066",20,0,0,0,"2573.8","0.0",24,0,"0.5",7,"0101000020E610000098439C983FE551C00BD28C45D35530C0","{""1"":{},""2"":{},""4"":{},""8"":{}}","2025-06-25 18:45:54.394+00","2025-06-25 18:45:54.394+00","2025-06-25 18:45:54.394+00"
957,"863192057915457",1,"2025-06-25 18:44:16+00","-16.3352550","-71.5820066",21,0,0,0,"2573.8","0.0",25,0,"0.5",7,"0101000020E610000098439C983FE551C00BD28C45D35530C0","{""1"":{},""2"":{},""4"":{},""8"":{}}","2025-06-25 18:45:54.396+00","2025-06-25 18:45:54.397+00","2025-06-25 18:45:54.397+00"
958,"863192057915457",1,"2025-06-25 18:44:21+00","-16.3352550","-71.5820066",22,0,0,0,"2573.8","0.0",25,0,"0.5",7,"0101000020E610000098439C983FE551C00BD28C45D35530C0","{""1"":{},""2"":{},""4"":{},""8"":{}}","2025-06-25 18:45:54.399+00","2025-06-25 18:45:54.399+00","2025-06-25 18:45:54.399+00"
959,"863192057915457",1,"2025-06-25 18:44:26+00","-16.3352550","-71.5820066",23,0,0,0,"2573.8","0.0",25,0,"0.5",7,"0101000020E610000098439C983FE551C00BD28C45D35530C0","{""1"":{},""2"":{},""4"":{},""8"":{}}","2025-06-25 18:45:54.402+00","2025-06-25 18:45:54.402+00","2025-06-25 18:45:54.402+00"
960,"863192057915457",1,"2025-06-25 18:44:31+00","-16.3352550","-71.5820066",24,0,0,0,"2573.8","0.0",24,0,"0.5",7,"0101000020E610000098439C983FE551C00BD28C45D35530C0","{""1"":{},""2"":{},""4"":{},""8"":{}}","2025-06-25 18:45:54.404+00","2025-06-25 18:45:54.404+00","2025-06-25 18:45:54.404+00"
961,"863192057915457",1,"2025-06-25 18:44:36+00","-16.3352550","-71.5820066",25,0,0,0,"2573.8","0.0",25,0,"0.5",7,"0101000020E610000098439C983FE551C00BD28C45D35530C0","{""1"":{},""2"":{},""4"":{},""8"":{}}","2025-06-25 18:45:54.407+00","2025-06-25 18:45:54.407+00","2025-06-25 18:45:54.407+00"
962,"863192057915457",1,"2025-06-25 18:44:41+00","-16.3352550","-71.5820066",26,0,0,0,"2573.8","0.0",25,0,"0.5",7,"0101000020E610000098439C983FE551C00BD28C45D35530C0","{""1"":{},""2"":{},""4"":{},""8"":{}}","2025-06-25 18:45:54.41+00","2025-06-25 18:45:54.41+00","2025-06-25 18:45:54.41+00"
963,"863192057915457",1,"2025-06-25 18:44:46+00","-16.3352550","-71.5820066",27,0,0,0,"2573.8","0.0",23,0,"0.5",7,"0101000020E610000098439C983FE551C00BD28C45D35530C0","{""1"":{},""2"":{},""4"":{},""8"":{}}","2025-06-25 18:45:54.412+00","2025-06-25 18:45:54.412+00","2025-06-25 18:45:54.412+00"
964,"863192057915457",1,"2025-06-25 18:44:51+00","-16.3352550","-71.5820066",28,0,0,0,"2573.8","0.0",23,0,"0.5",7,"0101000020E610000098439C983FE551C00BD28C45D35530C0","{""1"":{},""2"":{},""4"":{},""8"":{}}","2025-06-25 18:45:54.416+00","2025-06-25 18:45:54.416+00","2025-06-25 18:45:54.416+00"
965,"863192057915457",1,"2025-06-25 18:44:56+00","-16.3352550","-71.5820066",29,0,0,0,"2573.8","0.0",24,0,"0.5",7,"0101000020E610000098439C983FE551C00BD28C45D35530C0","{""1"":{},""2"":{},""4"":{},""8"":{}}","2025-06-25 18:45:54.418+00","2025-06-25 18:45:54.418+00","2025-06-25 18:45:54.418+00"
966,"863192057915457",1,"2025-06-25 18:45:01+00","-16.3352550","-71.5820066",0,0,0,0,"2573.8","0.0",23,0,"0.5",7,"0101000020E610000098439C983FE551C00BD28C45D35530C0","{""1"":{},""2"":{},""4"":{},""8"":{}}","2025-06-25 18:45:55.607+00","2025-06-25 18:45:55.607+00","2025-06-25 18:45:55.607+00"
967,"863192057915457",1,"2025-06-25 18:45:06+00","-16.3352550","-71.5820066",1,0,0,0,"2573.8","0.0",24,0,"0.5",7,"0101000020E610000098439C983FE551C00BD28C45D35530C0","{""1"":{},""2"":{},""4"":{},""8"":{}}","2025-06-25 18:45:55.614+00","2025-06-25 18:45:55.615+00","2025-06-25 18:45:55.615+00"
968,"863192057915457",1,"2025-06-25 18:45:11+00","-16.3352550","-71.5820066",2,0,0,0,"2573.8","0.0",24,0,"0.5",7,"0101000020E610000098439C983FE551C00BD28C45D35530C0","{""1"":{},""2"":{},""4"":{},""8"":{}}","2025-06-25 18:45:55.618+00","2025-06-25 18:45:55.618+00","2025-06-25 18:45:55.618+00"
969,"863192057915457",1,"2025-06-25 18:45:16+00","-16.3352550","-71.5820050",3,0,0,0,"2573.6","0.0",25,0,"0.5",7,"0101000020E6100000F146E6913FE551C00BD28C45D35530C0","{""1"":{},""2"":{},""4"":{},""8"":{}}","2025-06-25 18:45:55.621+00","2025-06-25 18:45:55.622+00","2025-06-25 18:45:55.622+00"
970,"863192057915457",1,"2025-06-25 18:45:21+00","-16.3352550","-71.5820050",4,0,0,0,"2573.6","0.0",25,0,"0.5",7,"0101000020E6100000F146E6913FE551C00BD28C45D35530C0","{""1"":{},""2"":{},""4"":{},""8"":{}}","2025-06-25 18:45:55.624+00","2025-06-25 18:45:55.624+00","2025-06-25 18:45:55.624+00"
971,"863192057915457",1,"2025-06-25 18:45:26+00","-16.3352550","-71.5820050",5,0,0,0,"2573.6","0.0",25,0,"0.5",7,"0101000020E6100000F146E6913FE551C00BD28C45D35530C0","{""1"":{},""2"":{},""4"":{},""8"":{}}","2025-06-25 18:45:55.627+00","2025-06-25 18:45:55.627+00","2025-06-25 18:45:55.627+00"
972,"863192057915457",1,"2025-06-25 18:45:31+00","-16.3352550","-71.5820050",6,0,0,0,"2573.6","0.0",25,0,"0.5",7,"0101000020E6100000F146E6913FE551C00BD28C45D35530C0","{""1"":{},""2"":{},""4"":{},""8"":{}}","2025-06-25 18:45:55.63+00","2025-06-25 18:45:55.63+00","2025-06-25 18:45:55.63+00"
973,"863192057915457",1,"2025-06-25 18:45:36+00","-16.3352550","-71.5820050",7,0,0,0,"2573.6","0.0",25,0,"0.5",7,"0101000020E6100000F146E6913FE551C00BD28C45D35530C0","{""1"":{},""2"":{},""4"":{},""8"":{}}","2025-06-25 18:45:55.633+00","2025-06-25 18:45:55.633+00","2025-06-25 18:45:55.633+00"
974,"863192057915457",1,"2025-06-25 18:45:41+00","-16.3352550","-71.5820050",8,0,0,0,"2573.6","0.0",25,0,"0.5",7,"0101000020E6100000F146E6913FE551C00BD28C45D35530C0","{""1"":{},""2"":{},""4"":{},""8"":{}}","2025-06-25 18:45:55.636+00","2025-06-25 18:45:55.636+00","2025-06-25 18:45:55.636+00"
975,"863192057915457",1,"2025-06-25 18:45:46+00","-16.3352550","-71.5820050",9,0,0,0,"2573.6","0.0",25,0,"0.5",7,"0101000020E6100000F146E6913FE551C00BD28C45D35530C0","{""1"":{},""2"":{},""4"":{},""8"":{}}","2025-06-25 18:45:55.639+00","2025-06-25 18:45:55.639+00","2025-06-25 18:45:55.639+00"
976,"863192057915457",1,"2025-06-25 18:45:51+00","-16.3352550","-71.5820050",10,0,0,0,"2573.6","0.0",24,0,"0.5",7,"0101000020E6100000F146E6913FE551C00BD28C45D35530C0","{""1"":{},""2"":{},""4"":{},""8"":{}}","2025-06-25 18:45:55.642+00","2025-06-25 18:45:55.642+00","2025-06-25 18:45:55.642+00"
977,"863192057915457",1,"2025-06-25 18:45:56+00","-16.3352550","-71.5820050",0,0,0,0,"2573.6","0.0",24,0,"0.4",7,"0101000020E6100000F146E6913FE551C00BD28C45D35530C0","{""1"":{},""2"":{},""4"":{},""8"":{}}","2025-06-25 18:45:56.95+00","2025-06-25 18:45:56.95+00","2025-06-25 18:45:56.95+00"
978,"863192057915457",1,"2025-06-25 18:46:01+00","-16.3352550","-71.5820050",0,0,0,0,"2573.6","0.0",25,0,"0.4",7,"0101000020E6100000F146E6913FE551C00BD28C45D35530C0","{""1"":{},""2"":{},""4"":{},""8"":{}}","2025-06-25 18:46:02.575+00","2025-06-25 18:46:02.575+00","2025-06-25 18:46:02.575+00"
979,"863192057915457",1,"2025-06-25 18:46:06+00","-16.3352550","-71.5820050",0,0,0,0,"2573.6","0.0",25,0,"0.4",7,"0101000020E6100000F146E6913FE551C00BD28C45D35530C0","{""1"":{},""2"":{},""4"":{},""8"":{}}","2025-06-25 18:46:07.394+00","2025-06-25 18:46:07.394+00","2025-06-25 18:46:07.394+00"
980,"863192057915457",1,"2025-06-25 18:46:06+00","-16.3352550","-71.5820050",0,0,0,0,"2573.6","0.0",25,0,"0.4",7,"0101000020E6100000F146E6913FE551C00BD28C45D35530C0","{""1"":{},""2"":{},""4"":{},""8"":{}}","2025-06-25 18:46:09.852+00","2025-06-25 18:46:09.852+00","2025-06-25 18:46:09.852+00"
981,"863192057915457",1,"2025-06-25 18:46:06+00","-16.3352550","-71.5820050",0,0,0,0,"2573.6","0.0",25,0,"0.4",7,"0101000020E6100000F146E6913FE551C00BD28C45D35530C0","{""1"":{},""2"":{},""4"":{},""8"":{}}","2025-06-25 18:48:23.068+00","2025-06-25 18:48:23.07+00","2025-06-25 18:48:23.07+00"
982,"863192057915457",1,"2025-06-25 18:46:11+00","-16.3352550","-71.5820050",1,0,0,0,"2573.6","0.0",25,0,"0.5",7,"0101000020E6100000F146E6913FE551C00BD28C45D35530C0","{""1"":{},""2"":{},""4"":{},""8"":{}}","2025-06-25 18:48:23.099+00","2025-06-25 18:48:23.099+00","2025-06-25 18:48:23.099+00"
983,"863192057915457",1,"2025-06-25 18:46:16+00","-16.3352550","-71.5820050",2,0,0,0,"2573.6","0.0",25,0,"0.5",7,"0101000020E6100000F146E6913FE551C00BD28C45D35530C0","{""1"":{},""2"":{},""4"":{},""8"":{}}","2025-06-25 18:48:23.102+00","2025-06-25 18:48:23.102+00","2025-06-25 18:48:23.102+00"
984,"863192057915457",1,"2025-06-25 18:46:21+00","-16.3352550","-71.5820050",3,0,0,0,"2573.6","0.0",25,0,"0.5",7,"0101000020E6100000F146E6913FE551C00BD28C45D35530C0","{""1"":{},""2"":{},""4"":{},""8"":{}}","2025-06-25 18:48:23.106+00","2025-06-25 18:48:23.106+00","2025-06-25 18:48:23.106+00"
985,"863192057915457",1,"2025-06-25 18:46:26+00","-16.3352550","-71.5820050",4,0,0,0,"2573.6","0.0",24,0,"0.5",7,"0101000020E6100000F146E6913FE551C00BD28C45D35530C0","{""1"":{},""2"":{},""4"":{},""8"":{}}","2025-06-25 18:48:23.109+00","2025-06-25 18:48:23.109+00","2025-06-25 18:48:23.109+00"
986,"863192057915457",1,"2025-06-25 18:46:31+00","-16.3352550","-71.5820050",5,0,0,0,"2573.6","0.0",24,0,"0.4",7,"0101000020E6100000F146E6913FE551C00BD28C45D35530C0","{""1"":{},""2"":{},""4"":{},""8"":{}}","2025-06-25 18:48:23.112+00","2025-06-25 18:48:23.112+00","2025-06-25 18:48:23.112+00"
987,"863192057915457",1,"2025-06-25 18:46:36+00","-16.3352550","-71.5820066",6,0,0,0,"2573.6","0.0",23,0,"0.5",7,"0101000020E610000098439C983FE551C00BD28C45D35530C0","{""1"":{},""2"":{},""4"":{},""8"":{}}","2025-06-25 18:48:23.114+00","2025-06-25 18:48:23.114+00","2025-06-25 18:48:23.114+00"
988,"863192057915457",1,"2025-06-25 18:46:41+00","-16.3352550","-71.5820066",7,0,0,0,"2573.6","0.0",22,0,"0.5",7,"0101000020E610000098439C983FE551C00BD28C45D35530C0","{""1"":{},""2"":{},""4"":{},""8"":{}}","2025-06-25 18:48:23.117+00","2025-06-25 18:48:23.117+00","2025-06-25 18:48:23.117+00"
989,"863192057915457",1,"2025-06-25 18:46:46+00","-16.3352550","-71.5820066",8,0,0,0,"2573.6","0.0",22,0,"0.5",7,"0101000020E610000098439C983FE551C00BD28C45D35530C0","{""1"":{},""2"":{},""4"":{},""8"":{}}","2025-06-25 18:48:23.12+00","2025-06-25 18:48:23.12+00","2025-06-25 18:48:23.12+00"
990,"863192057915457",1,"2025-06-25 18:46:51+00","-16.3352550","-71.5820066",9,0,0,0,"2573.6","0.0",22,0,"0.5",7,"0101000020E610000098439C983FE551C00BD28C45D35530C0","{""1"":{},""2"":{},""4"":{},""8"":{}}","2025-06-25 18:48:23.122+00","2025-06-25 18:48:23.122+00","2025-06-25 18:48:23.122+00"
991,"863192057915457",1,"2025-06-25 18:46:56+00","-16.3352550","-71.5820066",10,0,0,0,"2573.6","0.0",22,0,"0.5",7,"0101000020E610000098439C983FE551C00BD28C45D35530C0","{""1"":{},""2"":{},""4"":{},""8"":{}}","2025-06-25 18:48:23.125+00","2025-06-25 18:48:23.125+00","2025-06-25 18:48:23.125+00"
992,"863192057915457",1,"2025-06-25 18:47:01+00","-16.3352550","-71.5820066",11,0,0,0,"2573.7","0.0",23,0,"0.5",7,"0101000020E610000098439C983FE551C00BD28C45D35530C0","{""1"":{},""2"":{},""4"":{},""8"":{}}","2025-06-25 18:48:23.128+00","2025-06-25 18:48:23.128+00","2025-06-25 18:48:23.128+00"
993,"863192057915457",1,"2025-06-25 18:47:06+00","-16.3352550","-71.5820066",12,0,0,0,"2573.7","0.0",24,0,"0.5",7,"0101000020E610000098439C983FE551C00BD28C45D35530C0","{""1"":{},""2"":{},""4"":{},""8"":{}}","2025-06-25 18:48:23.131+00","2025-06-25 18:48:23.131+00","2025-06-25 18:48:23.131+00"
994,"863192057915457",1,"2025-06-25 18:47:11+00","-16.3352550","-71.5820066",13,0,0,0,"2573.7","0.0",23,0,"0.5",7,"0101000020E610000098439C983FE551C00BD28C45D35530C0","{""1"":{},""2"":{},""4"":{},""8"":{}}","2025-06-25 18:48:23.134+00","2025-06-25 18:48:23.134+00","2025-06-25 18:48:23.134+00"
995,"863192057915457",1,"2025-06-25 18:47:16+00","-16.3352550","-71.5820066",14,0,0,0,"2573.7","0.0",21,0,"0.5",7,"0101000020E610000098439C983FE551C00BD28C45D35530C0","{""1"":{},""2"":{},""4"":{},""8"":{}}","2025-06-25 18:48:23.136+00","2025-06-25 18:48:23.136+00","2025-06-25 18:48:23.136+00"
996,"863192057915457",1,"2025-06-25 18:47:21+00","-16.3352550","-71.5820066",15,0,0,0,"2573.7","0.0",21,0,"0.5",7,"0101000020E610000098439C983FE551C00BD28C45D35530C0","{""1"":{},""2"":{},""4"":{},""8"":{}}","2025-06-25 18:48:23.139+00","2025-06-25 18:48:23.139+00","2025-06-25 18:48:23.139+00"
997,"863192057915457",1,"2025-06-25 18:47:26+00","-16.3352550","-71.5820066",16,0,0,0,"2573.7","0.0",21,0,"0.5",7,"0101000020E610000098439C983FE551C00BD28C45D35530C0","{""1"":{},""2"":{},""4"":{},""8"":{}}","2025-06-25 18:48:23.142+00","2025-06-25 18:48:23.142+00","2025-06-25 18:48:23.142+00"
998,"863192057915457",1,"2025-06-25 18:47:31+00","-16.3352550","-71.5820066",17,0,0,0,"2573.7","0.0",24,0,"0.5",7,"0101000020E610000098439C983FE551C00BD28C45D35530C0","{""1"":{},""2"":{},""4"":{},""8"":{}}","2025-06-25 18:48:23.145+00","2025-06-25 18:48:23.145+00","2025-06-25 18:48:23.145+00"
999,"863192057915457",1,"2025-06-25 18:47:36+00","-16.3352500","-71.5820133",18,0,0,0,"2573.8","58.5",25,0,"0.5",7,"0101000020E61000009255B6B43FE551C0E7FBA9F1D25530C0","{""1"":{},""2"":{},""4"":{},""8"":{}}","2025-06-25 18:48:23.147+00","2025-06-25 18:48:23.147+00","2025-06-25 18:48:23.147+00"
1000,"863192057915457",1,"2025-06-25 18:47:41+00","-16.3352500","-71.5820133",19,0,0,0,"2573.8","58.5",25,0,"0.4",7,"0101000020E61000009255B6B43FE551C0E7FBA9F1D25530C0","{""1"":{},""2"":{},""4"":{},""8"":{}}","2025-06-25 18:48:23.15+00","2025-06-25 18:48:23.15+00","2025-06-25 18:48:23.15+00"
1001,"863192057915457",1,"2025-06-25 18:47:46+00","-16.3352466","-71.5820166",20,0,0,0,"2574.0","58.5",25,0,"0.4",7,"0101000020E6100000AAAE8DC23FE551C05F189FB8D25530C0","{""1"":{},""2"":{},""4"":{},""8"":{}}","2025-06-25 18:48:23.153+00","2025-06-25 18:48:23.153+00","2025-06-25 18:48:23.153+00"
1002,"863192057915457",1,"2025-06-25 18:47:48+00","-16.3352583","-71.5820333",21,0,0,0,"2573.9","221.7",25,7,"0.4",9,"0101000020E6100000B62B990840E551C06A36EA7CD35530C0","{""1"":{},""2"":{},""4"":{},""8"":{}}","2025-06-25 18:48:23.155+00","2025-06-25 18:48:23.155+00","2025-06-25 18:48:23.155+00"
1003,"863192057915457",1,"2025-06-25 18:47:49+00","-16.3352766","-71.5820550",22,0,0,0,"2573.5","232.3",25,12,"0.4",9,"0101000020E61000004A5E9D6340E551C0341DF0AFD45530C0","{""1"":{},""2"":{},""4"":{},""8"":{}}","2025-06-25 18:48:23.158+00","2025-06-25 18:48:23.158+00","2025-06-25 18:48:23.158+00"
1004,"863192057915457",1,"2025-06-25 18:50:11+00","-16.3324450","-71.5803750",0,0,0,0,"2591.2","0.0",5,0,"0.5",7,"0101000020E6100000A01A2FDD24E551C0FEB7921D1B5530C0","{""1"":{},""2"":{},""4"":{},""8"":{}}","2025-06-25 18:59:37.142+00","2025-06-25 18:59:37.142+00","2025-06-25 18:59:37.142+00"
1005,"863192057915457",1,"2025-06-25 18:50:16+00","-16.3324450","-71.5803750",1,0,0,0,"2591.2","0.0",6,0,"0.0",7,"0101000020E6100000A01A2FDD24E551C0FEB7921D1B5530C0","{""1"":{},""2"":{},""4"":{},""8"":{}}","2025-06-25 18:59:37.172+00","2025-06-25 18:59:37.172+00","2025-06-25 18:59:37.172+00"
1006,"863192057915457",1,"2025-06-25 18:50:21+00","-16.3324450","-71.5803750",2,0,0,0,"2591.2","0.0",6,0,"0.0",7,"0101000020E6100000A01A2FDD24E551C0FEB7921D1B5530C0","{""1"":{},""2"":{},""4"":{},""8"":{}}","2025-06-25 18:59:37.175+00","2025-06-25 18:59:37.175+00","2025-06-25 18:59:37.175+00"
1007,"863192057915457",1,"2025-06-25 18:50:24+00","-16.3322966","-71.5802666",3,0,0,0,"2599.0","0.0",6,0,"0.0",8,"0101000020E6100000837D851623E551C06E92D563115530C0","{""1"":{},""2"":{},""4"":{},""8"":{}}","2025-06-25 18:59:37.178+00","2025-06-25 18:59:37.178+00","2025-06-25 18:59:37.178+00"
1008,"863192057915457",1,"2025-06-25 18:50:29+00","-16.3322966","-71.5802666",4,0,0,0,"2599.6","0.0",9,0,"0.9",7,"0101000020E6100000837D851623E551C06E92D563115530C0","{""1"":{},""2"":{},""4"":{},""8"":{}}","2025-06-25 18:59:37.181+00","2025-06-25 18:59:37.181+00","2025-06-25 18:59:37.181+00"
1009,"863192057915457",1,"2025-06-25 18:50:34+00","-16.3322966","-71.5802666",5,0,0,0,"2599.6","0.0",9,0,"0.9",7,"0101000020E6100000837D851623E551C06E92D563115530C0","{""1"":{},""2"":{},""4"":{},""8"":{}}","2025-06-25 18:59:37.184+00","2025-06-25 18:59:37.184+00","2025-06-25 18:59:37.184+00"
1010,"863192057915457",1,"2025-06-25 18:50:39+00","-16.3323000","-71.5802666",6,0,0,0,"2599.2","0.0",11,0,"0.8",7,"0101000020E6100000837D851623E551C0F775E09C115530C0","{""1"":{},""2"":{},""4"":{},""8"":{}}","2025-06-25 18:59:37.187+00","2025-06-25 18:59:37.187+00","2025-06-25 18:59:37.187+00"
1011,"863192057915457",1,"2025-06-25 18:50:44+00","-16.3323000","-71.5802666",7,0,0,0,"2599.2","0.0",11,0,"0.8",7,"0101000020E6100000837D851623E551C0F775E09C115530C0","{""1"":{},""2"":{},""4"":{},""8"":{}}","2025-06-25 18:59:37.191+00","2025-06-25 18:59:37.191+00","2025-06-25 18:59:37.191+00"
1012,"863192057915457",1,"2025-06-25 18:50:49+00","-16.3323000","-71.5802666",8,0,0,0,"2599.2","0.0",11,0,"0.8",7,"0101000020E6100000837D851623E551C0F775E09C115530C0","{""1"":{},""2"":{},""4"":{},""8"":{}}","2025-06-25 18:59:37.194+00","2025-06-25 18:59:37.194+00","2025-06-25 18:59:37.194+00"
1013,"863192057915457",1,"2025-06-25 18:50:54+00","-16.3323000","-71.5802666",9,0,0,0,"2599.2","0.0",11,0,"0.8",7,"0101000020E6100000837D851623E551C0F775E09C115530C0","{""1"":{},""2"":{},""4"":{},""8"":{}}","2025-06-25 18:59:37.197+00","2025-06-25 18:59:37.197+00","2025-06-25 18:59:37.197+00"
1014,"863192057915457",1,"2025-06-25 18:50:59+00","-16.3323000","-71.5802666",10,0,0,0,"2599.2","0.0",11,0,"0.8",7,"0101000020E6100000837D851623E551C0F775E09C115530C0","{""1"":{},""2"":{},""4"":{},""8"":{}}","2025-06-25 18:59:37.2+00","2025-06-25 18:59:37.2+00","2025-06-25 18:59:37.2+00"
1015,"863192057915457",1,"2025-06-25 18:51:04+00","-16.3323000","-71.5802666",11,0,0,0,"2599.2","0.0",11,0,"0.8",7,"0101000020E6100000837D851623E551C0F775E09C115530C0","{""1"":{},""2"":{},""4"":{},""8"":{}}","2025-06-25 18:59:37.203+00","2025-06-25 18:59:37.203+00","2025-06-25 18:59:37.203+00"
1016,"863192057915457",1,"2025-06-25 18:51:09+00","-16.3323000","-71.5802666",12,0,0,0,"2599.2","0.0",12,0,"0.7",7,"0101000020E6100000837D851623E551C0F775E09C115530C0","{""1"":{},""2"":{},""4"":{},""8"":{}}","2025-06-25 18:59:37.205+00","2025-06-25 18:59:37.206+00","2025-06-25 18:59:37.206+00"
1017,"863192057915457",1,"2025-06-25 18:51:14+00","-16.3323000","-71.5802666",13,0,0,0,"2599.2","0.0",12,0,"0.7",7,"0101000020E6100000837D851623E551C0F775E09C115530C0","{""1"":{},""2"":{},""4"":{},""8"":{}}","2025-06-25 18:59:37.208+00","2025-06-25 18:59:37.208+00","2025-06-25 18:59:37.208+00"
1018,"863192057915457",1,"2025-06-25 18:51:19+00","-16.3323000","-71.5802666",14,0,0,0,"2599.2","0.0",13,0,"0.7",7,"0101000020E6100000837D851623E551C0F775E09C115530C0","{""1"":{},""2"":{},""4"":{},""8"":{}}","2025-06-25 18:59:37.211+00","2025-06-25 18:59:37.211+00","2025-06-25 18:59:37.211+00"
1019,"863192057915457",1,"2025-06-25 18:51:24+00","-16.3323000","-71.5802666",15,0,0,0,"2599.2","0.0",12,0,"0.7",7,"0101000020E6100000837D851623E551C0F775E09C115530C0","{""1"":{},""2"":{},""4"":{},""8"":{}}","2025-06-25 18:59:37.214+00","2025-06-25 18:59:37.214+00","2025-06-25 18:59:37.214+00"
1020,"863192057915457",1,"2025-06-25 18:51:29+00","-16.3323000","-71.5802666",16,0,0,0,"2599.2","0.0",12,0,"0.7",7,"0101000020E6100000837D851623E551C0F775E09C115530C0","{""1"":{},""2"":{},""4"":{},""8"":{}}","2025-06-25 18:59:37.216+00","2025-06-25 18:59:37.216+00","2025-06-25 18:59:37.216+00"
1021,"863192057915457",1,"2025-06-25 18:51:34+00","-16.3323000","-71.5802666",17,0,0,0,"2599.2","0.0",12,0,"0.7",7,"0101000020E6100000837D851623E551C0F775E09C115530C0","{""1"":{},""2"":{},""4"":{},""8"":{}}","2025-06-25 18:59:37.219+00","2025-06-25 18:59:37.219+00","2025-06-25 18:59:37.219+00"
1022,"863192057915457",1,"2025-06-25 18:51:39+00","-16.3323000","-71.5802666",18,0,0,0,"2599.2","0.0",13,0,"0.7",7,"0101000020E6100000837D851623E551C0F775E09C115530C0","{""1"":{},""2"":{},""4"":{},""8"":{}}","2025-06-25 18:59:37.222+00","2025-06-25 18:59:37.222+00","2025-06-25 18:59:37.222+00"
1023,"863192057915457",1,"2025-06-25 18:51:44+00","-16.3323000","-71.5802666",19,0,0,0,"2599.2","0.0",13,0,"0.7",7,"0101000020E6100000837D851623E551C0F775E09C115530C0","{""1"":{},""2"":{},""4"":{},""8"":{}}","2025-06-25 18:59:37.224+00","2025-06-25 18:59:37.224+00","2025-06-25 18:59:37.224+00"
1024,"863192057915457",1,"2025-06-25 18:51:49+00","-16.3323000","-71.5802666",20,0,0,0,"2599.2","0.0",13,0,"0.7",7,"0101000020E6100000837D851623E551C0F775E09C115530C0","{""1"":{},""2"":{},""4"":{},""8"":{}}","2025-06-25 18:59:37.227+00","2025-06-25 18:59:37.227+00","2025-06-25 18:59:37.227+00"
1025,"863192057915457",1,"2025-06-25 18:51:54+00","-16.3323000","-71.5802666",21,0,0,0,"2599.2","0.0",13,0,"0.7",7,"0101000020E6100000837D851623E551C0F775E09C115530C0","{""1"":{},""2"":{},""4"":{},""8"":{}}","2025-06-25 18:59:37.23+00","2025-06-25 18:59:37.23+00","2025-06-25 18:59:37.23+00"
1026,"863192057915457",1,"2025-06-25 18:51:59+00","-16.3323000","-71.5802666",22,0,0,0,"2599.2","0.0",13,0,"0.7",7,"0101000020E6100000837D851623E551C0F775E09C115530C0","{""1"":{},""2"":{},""4"":{},""8"":{}}","2025-06-25 18:59:37.233+00","2025-06-25 18:59:37.233+00","2025-06-25 18:59:37.233+00"
1027,"863192057915457",1,"2025-06-25 18:52:04+00","-16.3323000","-71.5802666",23,0,0,0,"2599.2","0.0",13,0,"0.7",7,"0101000020E6100000837D851623E551C0F775E09C115530C0","{""1"":{},""2"":{},""4"":{},""8"":{}}","2025-06-25 18:59:37.236+00","2025-06-25 18:59:37.236+00","2025-06-25 18:59:37.236+00"
1028,"863192057915457",1,"2025-06-25 18:52:09+00","-16.3323000","-71.5802666",24,0,0,0,"2599.2","0.0",13,0,"0.7",7,"0101000020E6100000837D851623E551C0F775E09C115530C0","{""1"":{},""2"":{},""4"":{},""8"":{}}","2025-06-25 18:59:37.238+00","2025-06-25 18:59:37.238+00","2025-06-25 18:59:37.238+00"
1029,"863192057915457",1,"2025-06-25 18:52:14+00","-16.3323000","-71.5802666",25,0,0,0,"2599.2","0.0",13,0,"0.7",7,"0101000020E6100000837D851623E551C0F775E09C115530C0","{""1"":{},""2"":{},""4"":{},""8"":{}}","2025-06-25 18:59:37.241+00","2025-06-25 18:59:37.241+00","2025-06-25 18:59:37.241+00"
1030,"863192057915457",1,"2025-06-25 18:52:19+00","-16.3323000","-71.5802666",26,0,0,0,"2599.2","0.0",13,0,"0.7",7,"0101000020E6100000837D851623E551C0F775E09C115530C0","{""1"":{},""2"":{},""4"":{},""8"":{}}","2025-06-25 18:59:37.243+00","2025-06-25 18:59:37.244+00","2025-06-25 18:59:37.244+00"
1031,"863192057915457",1,"2025-06-25 18:52:24+00","-16.3323000","-71.5802666",27,0,0,0,"2599.2","0.0",13,0,"0.7",7,"0101000020E6100000837D851623E551C0F775E09C115530C0","{""1"":{},""2"":{},""4"":{},""8"":{}}","2025-06-25 18:59:37.246+00","2025-06-25 18:59:37.246+00","2025-06-25 18:59:37.246+00"
1032,"863192057915457",1,"2025-06-25 18:52:29+00","-16.3323000","-71.5802666",28,0,0,0,"2599.2","0.0",13,0,"0.7",7,"0101000020E6100000837D851623E551C0F775E09C115530C0","{""1"":{},""2"":{},""4"":{},""8"":{}}","2025-06-25 18:59:37.248+00","2025-06-25 18:59:37.248+00","2025-06-25 18:59:37.248+00"
1033,"863192057915457",1,"2025-06-25 18:52:34+00","-16.3323000","-71.5802666",29,0,0,0,"2599.2","0.0",13,0,"0.7",7,"0101000020E6100000837D851623E551C0F775E09C115530C0","{""1"":{},""2"":{},""4"":{},""8"":{}}","2025-06-25 18:59:37.251+00","2025-06-25 18:59:37.251+00","2025-06-25 18:59:37.251+00"
1034,"863192057915457",1,"2025-06-25 18:52:39+00","-16.3323000","-71.5802666",0,0,0,0,"2599.2","0.0",13,0,"0.7",7,"0101000020E6100000837D851623E551C0F775E09C115530C0","{""1"":{},""2"":{},""4"":{},""8"":{}}","2025-06-25 18:59:39.418+00","2025-06-25 18:59:39.42+00","2025-06-25 18:59:39.42+00"
1035,"863192057915457",1,"2025-06-25 18:52:44+00","-16.3323000","-71.5802666",1,0,0,0,"2599.2","0.0",12,0,"0.8",7,"0101000020E6100000837D851623E551C0F775E09C115530C0","{""1"":{},""2"":{},""4"":{},""8"":{}}","2025-06-25 18:59:39.424+00","2025-06-25 18:59:39.424+00","2025-06-25 18:59:39.424+00"
1036,"863192057915457",1,"2025-06-25 18:52:49+00","-16.3323000","-71.5802666",2,0,0,0,"2599.2","0.0",12,0,"0.8",7,"0101000020E6100000837D851623E551C0F775E09C115530C0","{""1"":{},""2"":{},""4"":{},""8"":{}}","2025-06-25 18:59:39.426+00","2025-06-25 18:59:39.426+00","2025-06-25 18:59:39.426+00"
1037,"863192057915457",1,"2025-06-25 18:52:54+00","-16.3323000","-71.5802666",3,0,0,0,"2599.2","0.0",12,0,"0.7",7,"0101000020E6100000837D851623E551C0F775E09C115530C0","{""1"":{},""2"":{},""4"":{},""8"":{}}","2025-06-25 18:59:39.429+00","2025-06-25 18:59:39.429+00","2025-06-25 18:59:39.429+00"
1038,"863192057915457",1,"2025-06-25 18:52:59+00","-16.3323000","-71.5802666",4,0,0,0,"2599.2","0.0",12,0,"0.7",7,"0101000020E6100000837D851623E551C0F775E09C115530C0","{""1"":{},""2"":{},""4"":{},""8"":{}}","2025-06-25 18:59:39.432+00","2025-06-25 18:59:39.432+00","2025-06-25 18:59:39.432+00"
1039,"863192057915457",1,"2025-06-25 18:53:04+00","-16.3323000","-71.5802666",5,0,0,0,"2599.2","0.0",12,0,"0.7",7,"0101000020E6100000837D851623E551C0F775E09C115530C0","{""1"":{},""2"":{},""4"":{},""8"":{}}","2025-06-25 18:59:39.434+00","2025-06-25 18:59:39.434+00","2025-06-25 18:59:39.434+00"
1040,"863192057915457",1,"2025-06-25 18:53:09+00","-16.3323000","-71.5802666",6,0,0,0,"2599.2","0.0",12,0,"0.7",7,"0101000020E6100000837D851623E551C0F775E09C115530C0","{""1"":{},""2"":{},""4"":{},""8"":{}}","2025-06-25 18:59:39.437+00","2025-06-25 18:59:39.437+00","2025-06-25 18:59:39.437+00"
1041,"863192057915457",1,"2025-06-25 18:53:14+00","-16.3323000","-71.5802666",7,0,0,0,"2599.2","0.0",12,0,"0.7",7,"0101000020E6100000837D851623E551C0F775E09C115530C0","{""1"":{},""2"":{},""4"":{},""8"":{}}","2025-06-25 18:59:39.439+00","2025-06-25 18:59:39.439+00","2025-06-25 18:59:39.439+00"
1042,"863192057915457",1,"2025-06-25 18:53:19+00","-16.3323000","-71.5802666",8,0,0,0,"2599.2","0.0",12,0,"0.7",7,"0101000020E6100000837D851623E551C0F775E09C115530C0","{""1"":{},""2"":{},""4"":{},""8"":{}}","2025-06-25 18:59:39.442+00","2025-06-25 18:59:39.442+00","2025-06-25 18:59:39.442+00"
1043,"863192057915457",1,"2025-06-25 18:53:24+00","-16.3323000","-71.5802666",9,0,0,0,"2599.2","0.0",12,0,"0.7",7,"0101000020E6100000837D851623E551C0F775E09C115530C0","{""1"":{},""2"":{},""4"":{},""8"":{}}","2025-06-25 18:59:39.444+00","2025-06-25 18:59:39.444+00","2025-06-25 18:59:39.444+00"
1044,"863192057915457",1,"2025-06-25 18:53:29+00","-16.3323000","-71.5802666",10,0,0,0,"2599.2","0.0",12,0,"0.7",7,"0101000020E6100000837D851623E551C0F775E09C115530C0","{""1"":{},""2"":{},""4"":{},""8"":{}}","2025-06-25 18:59:39.447+00","2025-06-25 18:59:39.447+00","2025-06-25 18:59:39.447+00"
1045,"863192057915457",1,"2025-06-25 18:53:34+00","-16.3323000","-71.5802666",11,0,0,0,"2599.2","0.0",12,0,"0.7",7,"0101000020E6100000837D851623E551C0F775E09C115530C0","{""1"":{},""2"":{},""4"":{},""8"":{}}","2025-06-25 18:59:39.451+00","2025-06-25 18:59:39.451+00","2025-06-25 18:59:39.451+00"
1046,"863192057915457",1,"2025-06-25 18:53:39+00","-16.3323000","-71.5802666",12,0,0,0,"2599.2","0.0",12,0,"0.7",7,"0101000020E6100000837D851623E551C0F775E09C115530C0","{""1"":{},""2"":{},""4"":{},""8"":{}}","2025-06-25 18:59:39.453+00","2025-06-25 18:59:39.454+00","2025-06-25 18:59:39.454+00"
1047,"863192057915457",1,"2025-06-25 18:53:44+00","-16.3323000","-71.5802666",13,0,0,0,"2599.2","0.0",12,0,"0.7",7,"0101000020E6100000837D851623E551C0F775E09C115530C0","{""1"":{},""2"":{},""4"":{},""8"":{}}","2025-06-25 18:59:39.456+00","2025-06-25 18:59:39.456+00","2025-06-25 18:59:39.456+00"
1048,"863192057915457",1,"2025-06-25 18:53:49+00","-16.3323000","-71.5802666",14,0,0,0,"2599.2","0.0",12,0,"0.7",7,"0101000020E6100000837D851623E551C0F775E09C115530C0","{""1"":{},""2"":{},""4"":{},""8"":{}}","2025-06-25 18:59:39.459+00","2025-06-25 18:59:39.459+00","2025-06-25 18:59:39.459+00"
1049,"863192057915457",1,"2025-06-25 18:53:54+00","-16.3323000","-71.5802666",15,0,0,0,"2599.2","0.0",12,0,"0.7",7,"0101000020E6100000837D851623E551C0F775E09C115530C0","{""1"":{},""2"":{},""4"":{},""8"":{}}","2025-06-25 18:59:39.462+00","2025-06-25 18:59:39.462+00","2025-06-25 18:59:39.462+00"
1050,"863192057915457",1,"2025-06-25 18:53:59+00","-16.3323000","-71.5802666",16,0,0,0,"2599.2","0.0",12,0,"0.7",7,"0101000020E6100000837D851623E551C0F775E09C115530C0","{""1"":{},""2"":{},""4"":{},""8"":{}}","2025-06-25 18:59:39.465+00","2025-06-25 18:59:39.465+00","2025-06-25 18:59:39.465+00"
1051,"863192057915457",1,"2025-06-25 18:54:04+00","-16.3323000","-71.5802666",17,0,0,0,"2599.2","0.0",12,0,"0.7",7,"0101000020E6100000837D851623E551C0F775E09C115530C0","{""1"":{},""2"":{},""4"":{},""8"":{}}","2025-06-25 18:59:39.467+00","2025-06-25 18:59:39.467+00","2025-06-25 18:59:39.467+00"
1052,"863192057915457",1,"2025-06-25 18:54:09+00","-16.3323000","-71.5802666",18,0,0,0,"2599.2","0.0",12,0,"0.7",7,"0101000020E6100000837D851623E551C0F775E09C115530C0","{""1"":{},""2"":{},""4"":{},""8"":{}}","2025-06-25 18:59:39.47+00","2025-06-25 18:59:39.47+00","2025-06-25 18:59:39.47+00"
1053,"863192057915457",1,"2025-06-25 18:54:14+00","-16.3323000","-71.5802666",19,0,0,0,"2599.2","0.0",12,0,"0.7",7,"0101000020E6100000837D851623E551C0F775E09C115530C0","{""1"":{},""2"":{},""4"":{},""8"":{}}","2025-06-25 18:59:39.473+00","2025-06-25 18:59:39.473+00","2025-06-25 18:59:39.473+00"
1054,"863192057915457",1,"2025-06-25 18:54:19+00","-16.3323000","-71.5802666",20,0,0,0,"2599.2","0.0",12,0,"0.7",7,"0101000020E6100000837D851623E551C0F775E09C115530C0","{""1"":{},""2"":{},""4"":{},""8"":{}}","2025-06-25 18:59:39.475+00","2025-06-25 18:59:39.476+00","2025-06-25 18:59:39.476+00"
1055,"863192057915457",1,"2025-06-25 18:54:24+00","-16.3323000","-71.5802666",21,0,0,0,"2599.2","0.0",12,0,"0.7",7,"0101000020E6100000837D851623E551C0F775E09C115530C0","{""1"":{},""2"":{},""4"":{},""8"":{}}","2025-06-25 18:59:39.478+00","2025-06-25 18:59:39.478+00","2025-06-25 18:59:39.478+00"
1056,"863192057915457",1,"2025-06-25 18:54:29+00","-16.3323000","-71.5802666",22,0,0,0,"2599.2","0.0",13,0,"0.7",7,"0101000020E6100000837D851623E551C0F775E09C115530C0","{""1"":{},""2"":{},""4"":{},""8"":{}}","2025-06-25 18:59:39.481+00","2025-06-25 18:59:39.481+00","2025-06-25 18:59:39.481+00"
1057,"863192057915457",1,"2025-06-25 18:54:34+00","-16.3323000","-71.5802666",23,0,0,0,"2599.2","0.0",13,0,"0.7",7,"0101000020E6100000837D851623E551C0F775E09C115530C0","{""1"":{},""2"":{},""4"":{},""8"":{}}","2025-06-25 18:59:39.484+00","2025-06-25 18:59:39.484+00","2025-06-25 18:59:39.484+00"
1058,"863192057915457",1,"2025-06-25 18:54:39+00","-16.3323000","-71.5802666",24,0,0,0,"2599.2","0.0",13,0,"0.7",7,"0101000020E6100000837D851623E551C0F775E09C115530C0","{""1"":{},""2"":{},""4"":{},""8"":{}}","2025-06-25 18:59:39.487+00","2025-06-25 18:59:39.487+00","2025-06-25 18:59:39.487+00"
1059,"863192057915457",1,"2025-06-25 18:54:44+00","-16.3323000","-71.5802666",25,0,0,0,"2599.2","0.0",13,0,"0.7",7,"0101000020E6100000837D851623E551C0F775E09C115530C0","{""1"":{},""2"":{},""4"":{},""8"":{}}","2025-06-25 18:59:39.491+00","2025-06-25 18:59:39.491+00","2025-06-25 18:59:39.491+00"
1060,"863192057915457",1,"2025-06-25 18:54:49+00","-16.3323000","-71.5802666",26,0,0,0,"2599.2","0.0",14,0,"0.7",7,"0101000020E6100000837D851623E551C0F775E09C115530C0","{""1"":{},""2"":{},""4"":{},""8"":{}}","2025-06-25 18:59:39.494+00","2025-06-25 18:59:39.494+00","2025-06-25 18:59:39.494+00"
1061,"863192057915457",1,"2025-06-25 18:54:54+00","-16.3323000","-71.5802666",27,0,0,0,"2599.2","0.0",14,0,"0.7",7,"0101000020E6100000837D851623E551C0F775E09C115530C0","{""1"":{},""2"":{},""4"":{},""8"":{}}","2025-06-25 18:59:39.497+00","2025-06-25 18:59:39.497+00","2025-06-25 18:59:39.497+00"
1062,"863192057915457",1,"2025-06-25 18:54:59+00","-16.3323000","-71.5802666",28,0,0,0,"2599.2","0.0",14,0,"0.7",7,"0101000020E6100000837D851623E551C0F775E09C115530C0","{""1"":{},""2"":{},""4"":{},""8"":{}}","2025-06-25 18:59:39.5+00","2025-06-25 18:59:39.5+00","2025-06-25 18:59:39.5+00"
1063,"863192057915457",1,"2025-06-25 18:55:04+00","-16.3323000","-71.5802666",29,0,0,0,"2599.2","0.0",14,0,"0.7",7,"0101000020E6100000837D851623E551C0F775E09C115530C0","{""1"":{},""2"":{},""4"":{},""8"":{}}","2025-06-25 18:59:39.503+00","2025-06-25 18:59:39.503+00","2025-06-25 18:59:39.503+00"
1064,"863192057915457",1,"2025-06-25 18:55:09+00","-16.3323000","-71.5802666",0,0,0,0,"2599.2","0.0",14,0,"0.7",7,"0101000020E6100000837D851623E551C0F775E09C115530C0","{""1"":{},""2"":{},""4"":{},""8"":{}}","2025-06-25 18:59:43.02+00","2025-06-25 18:59:43.02+00","2025-06-25 18:59:43.02+00"
1065,"863192057915457",1,"2025-06-25 18:55:14+00","-16.3323000","-71.5802666",1,0,0,0,"2599.2","0.0",14,0,"0.7",7,"0101000020E6100000837D851623E551C0F775E09C115530C0","{""1"":{},""2"":{},""4"":{},""8"":{}}","2025-06-25 18:59:43.023+00","2025-06-25 18:59:43.023+00","2025-06-25 18:59:43.023+00"
1066,"863192057915457",1,"2025-06-25 18:55:19+00","-16.3323000","-71.5802666",2,0,0,0,"2599.2","0.0",14,0,"0.7",7,"0101000020E6100000837D851623E551C0F775E09C115530C0","{""1"":{},""2"":{},""4"":{},""8"":{}}","2025-06-25 18:59:43.026+00","2025-06-25 18:59:43.027+00","2025-06-25 18:59:43.027+00"
1067,"863192057915457",1,"2025-06-25 18:55:24+00","-16.3323000","-71.5802666",3,0,0,0,"2599.2","0.0",14,0,"0.7",7,"0101000020E6100000837D851623E551C0F775E09C115530C0","{""1"":{},""2"":{},""4"":{},""8"":{}}","2025-06-25 18:59:43.029+00","2025-06-25 18:59:43.029+00","2025-06-25 18:59:43.029+00"
1068,"863192057915457",1,"2025-06-25 18:55:29+00","-16.3323000","-71.5802666",4,0,0,0,"2599.2","0.0",14,0,"0.7",7,"0101000020E6100000837D851623E551C0F775E09C115530C0","{""1"":{},""2"":{},""4"":{},""8"":{}}","2025-06-25 18:59:43.032+00","2025-06-25 18:59:43.032+00","2025-06-25 18:59:43.032+00"
1069,"863192057915457",1,"2025-06-25 18:55:34+00","-16.3323000","-71.5802666",5,0,0,0,"2599.2","0.0",14,0,"0.7",7,"0101000020E6100000837D851623E551C0F775E09C115530C0","{""1"":{},""2"":{},""4"":{},""8"":{}}","2025-06-25 18:59:43.035+00","2025-06-25 18:59:43.035+00","2025-06-25 18:59:43.035+00"
1070,"863192057915457",1,"2025-06-25 18:55:39+00","-16.3323000","-71.5802666",6,0,0,0,"2599.2","0.0",14,0,"0.7",7,"0101000020E6100000837D851623E551C0F775E09C115530C0","{""1"":{},""2"":{},""4"":{},""8"":{}}","2025-06-25 18:59:43.038+00","2025-06-25 18:59:43.038+00","2025-06-25 18:59:43.038+00"
1071,"863192057915457",1,"2025-06-25 18:55:44+00","-16.3323000","-71.5802666",7,0,0,0,"2599.2","0.0",14,0,"0.7",7,"0101000020E6100000837D851623E551C0F775E09C115530C0","{""1"":{},""2"":{},""4"":{},""8"":{}}","2025-06-25 18:59:43.04+00","2025-06-25 18:59:43.04+00","2025-06-25 18:59:43.04+00"
1072,"863192057915457",1,"2025-06-25 18:55:49+00","-16.3323000","-71.5802666",8,0,0,0,"2599.2","0.0",13,0,"0.7",7,"0101000020E6100000837D851623E551C0F775E09C115530C0","{""1"":{},""2"":{},""4"":{},""8"":{}}","2025-06-25 18:59:43.043+00","2025-06-25 18:59:43.043+00","2025-06-25 18:59:43.043+00"
1073,"863192057915457",1,"2025-06-25 18:55:54+00","-16.3323000","-71.5802666",9,0,0,0,"2599.2","0.0",13,0,"0.7",7,"0101000020E6100000837D851623E551C0F775E09C115530C0","{""1"":{},""2"":{},""4"":{},""8"":{}}","2025-06-25 18:59:43.046+00","2025-06-25 18:59:43.046+00","2025-06-25 18:59:43.046+00"
1074,"863192057915457",1,"2025-06-25 18:55:59+00","-16.3323000","-71.5802666",10,0,0,0,"2599.2","0.0",12,0,"0.8",7,"0101000020E6100000837D851623E551C0F775E09C115530C0","{""1"":{},""2"":{},""4"":{},""8"":{}}","2025-06-25 18:59:43.048+00","2025-06-25 18:59:43.048+00","2025-06-25 18:59:43.048+00"
1075,"863192057915457",1,"2025-06-25 18:56:04+00","-16.3323000","-71.5802666",11,0,0,0,"2599.2","0.0",12,0,"0.8",7,"0101000020E6100000837D851623E551C0F775E09C115530C0","{""1"":{},""2"":{},""4"":{},""8"":{}}","2025-06-25 18:59:43.051+00","2025-06-25 18:59:43.051+00","2025-06-25 18:59:43.051+00"
1076,"863192057915457",1,"2025-06-25 18:56:09+00","-16.3323000","-71.5802666",12,0,0,0,"2599.2","0.0",12,0,"0.8",7,"0101000020E6100000837D851623E551C0F775E09C115530C0","{""1"":{},""2"":{},""4"":{},""8"":{}}","2025-06-25 18:59:43.053+00","2025-06-25 18:59:43.053+00","2025-06-25 18:59:43.053+00"
1077,"863192057915457",1,"2025-06-25 18:56:14+00","-16.3323000","-71.5802666",13,0,0,0,"2599.2","0.0",13,0,"0.7",7,"0101000020E6100000837D851623E551C0F775E09C115530C0","{""1"":{},""2"":{},""4"":{},""8"":{}}","2025-06-25 18:59:43.056+00","2025-06-25 18:59:43.056+00","2025-06-25 18:59:43.056+00"
1078,"863192057915457",1,"2025-06-25 18:56:19+00","-16.3323000","-71.5802666",14,0,0,0,"2599.2","0.0",13,0,"0.7",7,"0101000020E6100000837D851623E551C0F775E09C115530C0","{""1"":{},""2"":{},""4"":{},""8"":{}}","2025-06-25 18:59:43.058+00","2025-06-25 18:59:43.058+00","2025-06-25 18:59:43.058+00"
1079,"863192057915457",1,"2025-06-25 18:56:24+00","-16.3323000","-71.5802666",15,0,0,0,"2599.2","0.0",13,0,"0.7",7,"0101000020E6100000837D851623E551C0F775E09C115530C0","{""1"":{},""2"":{},""4"":{},""8"":{}}","2025-06-25 18:59:43.061+00","2025-06-25 18:59:43.061+00","2025-06-25 18:59:43.061+00"
1080,"863192057915457",1,"2025-06-25 18:56:29+00","-16.3323000","-71.5802666",16,0,0,0,"2599.2","0.0",13,0,"0.7",7,"0101000020E6100000837D851623E551C0F775E09C115530C0","{""1"":{},""2"":{},""4"":{},""8"":{}}","2025-06-25 18:59:43.064+00","2025-06-25 18:59:43.064+00","2025-06-25 18:59:43.064+00"
1081,"863192057915457",1,"2025-06-25 18:56:34+00","-16.3323000","-71.5802666",17,0,0,0,"2599.2","0.0",13,0,"0.7",7,"0101000020E6100000837D851623E551C0F775E09C115530C0","{""1"":{},""2"":{},""4"":{},""8"":{}}","2025-06-25 18:59:43.067+00","2025-06-25 18:59:43.067+00","2025-06-25 18:59:43.067+00"
1082,"863192057915457",1,"2025-06-25 18:56:39+00","-16.3323000","-71.5802666",18,0,0,0,"2599.2","0.0",13,0,"0.7",7,"0101000020E6100000837D851623E551C0F775E09C115530C0","{""1"":{},""2"":{},""4"":{},""8"":{}}","2025-06-25 18:59:43.069+00","2025-06-25 18:59:43.069+00","2025-06-25 18:59:43.069+00"
1083,"863192057915457",1,"2025-06-25 18:56:44+00","-16.3323000","-71.5802666",19,0,0,0,"2599.2","0.0",13,0,"0.7",7,"0101000020E6100000837D851623E551C0F775E09C115530C0","{""1"":{},""2"":{},""4"":{},""8"":{}}","2025-06-25 18:59:43.072+00","2025-06-25 18:59:43.072+00","2025-06-25 18:59:43.072+00"
1084,"863192057915457",1,"2025-06-25 18:56:49+00","-16.3323000","-71.5802666",20,0,0,0,"2599.2","0.0",13,0,"0.7",7,"0101000020E6100000837D851623E551C0F775E09C115530C0","{""1"":{},""2"":{},""4"":{},""8"":{}}","2025-06-25 18:59:43.075+00","2025-06-25 18:59:43.075+00","2025-06-25 18:59:43.075+00"
1085,"863192057915457",1,"2025-06-25 18:56:54+00","-16.3323000","-71.5802666",21,0,0,0,"2599.2","0.0",13,0,"0.7",7,"0101000020E6100000837D851623E551C0F775E09C115530C0","{""1"":{},""2"":{},""4"":{},""8"":{}}","2025-06-25 18:59:43.077+00","2025-06-25 18:59:43.078+00","2025-06-25 18:59:43.078+00"
1086,"863192057915457",1,"2025-06-25 18:56:59+00","-16.3323000","-71.5802666",22,0,0,0,"2599.2","0.0",13,0,"0.7",7,"0101000020E6100000837D851623E551C0F775E09C115530C0","{""1"":{},""2"":{},""4"":{},""8"":{}}","2025-06-25 18:59:43.08+00","2025-06-25 18:59:43.08+00","2025-06-25 18:59:43.08+00"
1087,"863192057915457",1,"2025-06-25 18:57:04+00","-16.3323000","-71.5802666",23,0,0,0,"2599.2","0.0",13,0,"0.7",7,"0101000020E6100000837D851623E551C0F775E09C115530C0","{""1"":{},""2"":{},""4"":{},""8"":{}}","2025-06-25 18:59:43.083+00","2025-06-25 18:59:43.083+00","2025-06-25 18:59:43.083+00"
1088,"863192057915457",1,"2025-06-25 18:57:09+00","-16.3323000","-71.5802666",24,0,0,0,"2599.2","0.0",13,0,"0.7",7,"0101000020E6100000837D851623E551C0F775E09C115530C0","{""1"":{},""2"":{},""4"":{},""8"":{}}","2025-06-25 18:59:43.091+00","2025-06-25 18:59:43.091+00","2025-06-25 18:59:43.091+00"
1089,"863192057915457",1,"2025-06-25 18:57:14+00","-16.3323000","-71.5802666",25,0,0,0,"2599.2","0.0",13,0,"0.7",7,"0101000020E6100000837D851623E551C0F775E09C115530C0","{""1"":{},""2"":{},""4"":{},""8"":{}}","2025-06-25 18:59:43.098+00","2025-06-25 18:59:43.099+00","2025-06-25 18:59:43.099+00"
1090,"863192057915457",1,"2025-06-25 18:57:19+00","-16.3323000","-71.5802666",26,0,0,0,"2599.2","0.0",12,0,"0.8",7,"0101000020E6100000837D851623E551C0F775E09C115530C0","{""1"":{},""2"":{},""4"":{},""8"":{}}","2025-06-25 18:59:43.101+00","2025-06-25 18:59:43.101+00","2025-06-25 18:59:43.101+00"
1091,"863192057915457",1,"2025-06-25 18:57:24+00","-16.3323000","-71.5802666",27,0,0,0,"2599.2","0.0",13,0,"0.7",7,"0101000020E6100000837D851623E551C0F775E09C115530C0","{""1"":{},""2"":{},""4"":{},""8"":{}}","2025-06-25 18:59:43.104+00","2025-06-25 18:59:43.104+00","2025-06-25 18:59:43.104+00"
1092,"863192057915457",1,"2025-06-25 18:57:29+00","-16.3323000","-71.5802666",28,0,0,0,"2599.2","0.0",13,0,"0.7",7,"0101000020E6100000837D851623E551C0F775E09C115530C0","{""1"":{},""2"":{},""4"":{},""8"":{}}","2025-06-25 18:59:43.107+00","2025-06-25 18:59:43.107+00","2025-06-25 18:59:43.107+00"
1093,"863192057915457",1,"2025-06-25 18:57:34+00","-16.3323000","-71.5802666",29,0,0,0,"2599.2","0.0",13,0,"0.7",7,"0101000020E6100000837D851623E551C0F775E09C115530C0","{""1"":{},""2"":{},""4"":{},""8"":{}}","2025-06-25 18:59:43.109+00","2025-06-25 18:59:43.109+00","2025-06-25 18:59:43.109+00"
1094,"863192057915457",1,"2025-06-25 18:57:39+00","-16.3323000","-71.5802666",0,0,0,0,"2599.2","0.0",13,0,"0.7",7,"0101000020E6100000837D851623E551C0F775E09C115530C0","{""1"":{},""2"":{},""4"":{},""8"":{}}","2025-06-25 18:59:44.86+00","2025-06-25 18:59:44.86+00","2025-06-25 18:59:44.86+00"
1095,"863192057915457",1,"2025-06-25 18:57:44+00","-16.3323000","-71.5802666",1,0,0,0,"2599.2","0.0",13,0,"0.7",7,"0101000020E6100000837D851623E551C0F775E09C115530C0","{""1"":{},""2"":{},""4"":{},""8"":{}}","2025-06-25 18:59:44.864+00","2025-06-25 18:59:44.864+00","2025-06-25 18:59:44.864+00"
1096,"863192057915457",1,"2025-06-25 18:57:49+00","-16.3323000","-71.5802666",2,0,0,0,"2599.2","0.0",13,0,"0.8",7,"0101000020E6100000837D851623E551C0F775E09C115530C0","{""1"":{},""2"":{},""4"":{},""8"":{}}","2025-06-25 18:59:44.868+00","2025-06-25 18:59:44.868+00","2025-06-25 18:59:44.868+00"
1097,"863192057915457",1,"2025-06-25 18:57:54+00","-16.3323000","-71.5802666",3,0,0,0,"2599.2","0.0",13,0,"0.8",7,"0101000020E6100000837D851623E551C0F775E09C115530C0","{""1"":{},""2"":{},""4"":{},""8"":{}}","2025-06-25 18:59:44.87+00","2025-06-25 18:59:44.871+00","2025-06-25 18:59:44.871+00"
1098,"863192057915457",1,"2025-06-25 18:57:59+00","-16.3323000","-71.5802666",4,0,0,0,"2599.2","0.0",13,0,"0.8",7,"0101000020E6100000837D851623E551C0F775E09C115530C0","{""1"":{},""2"":{},""4"":{},""8"":{}}","2025-06-25 18:59:44.873+00","2025-06-25 18:59:44.873+00","2025-06-25 18:59:44.873+00"
1099,"863192057915457",1,"2025-06-25 18:58:04+00","-16.3323000","-71.5802666",5,0,0,0,"2599.2","0.0",13,0,"0.8",7,"0101000020E6100000837D851623E551C0F775E09C115530C0","{""1"":{},""2"":{},""4"":{},""8"":{}}","2025-06-25 18:59:44.875+00","2025-06-25 18:59:44.875+00","2025-06-25 18:59:44.875+00"
1100,"863192057915457",1,"2025-06-25 18:58:09+00","-16.3323000","-71.5802666",6,0,0,0,"2599.2","0.0",12,0,"0.8",7,"0101000020E6100000837D851623E551C0F775E09C115530C0","{""1"":{},""2"":{},""4"":{},""8"":{}}","2025-06-25 18:59:44.878+00","2025-06-25 18:59:44.878+00","2025-06-25 18:59:44.878+00"
1101,"863192057915457",1,"2025-06-25 18:58:14+00","-16.3323000","-71.5802666",7,0,0,0,"2599.2","0.0",12,0,"0.8",7,"0101000020E6100000837D851623E551C0F775E09C115530C0","{""1"":{},""2"":{},""4"":{},""8"":{}}","2025-06-25 18:59:44.88+00","2025-06-25 18:59:44.88+00","2025-06-25 18:59:44.88+00"
1102,"863192057915457",1,"2025-06-25 18:58:19+00","-16.3323000","-71.5802666",8,0,0,0,"2599.2","0.0",12,0,"0.8",7,"0101000020E6100000837D851623E551C0F775E09C115530C0","{""1"":{},""2"":{},""4"":{},""8"":{}}","2025-06-25 18:59:44.884+00","2025-06-25 18:59:44.884+00","2025-06-25 18:59:44.884+00"
1103,"863192057915457",1,"2025-06-25 18:58:24+00","-16.3323000","-71.5802666",9,0,0,0,"2599.2","0.0",12,0,"0.8",7,"0101000020E6100000837D851623E551C0F775E09C115530C0","{""1"":{},""2"":{},""4"":{},""8"":{}}","2025-06-25 18:59:44.887+00","2025-06-25 18:59:44.887+00","2025-06-25 18:59:44.887+00"
1104,"863192057915457",1,"2025-06-25 18:58:29+00","-16.3323000","-71.5802666",10,0,0,0,"2599.2","0.0",13,0,"0.7",7,"0101000020E6100000837D851623E551C0F775E09C115530C0","{""1"":{},""2"":{},""4"":{},""8"":{}}","2025-06-25 18:59:44.89+00","2025-06-25 18:59:44.89+00","2025-06-25 18:59:44.89+00"
1105,"863192057915457",1,"2025-06-25 18:58:34+00","-16.3323000","-71.5802666",11,0,0,0,"2599.2","0.0",13,0,"0.7",7,"0101000020E6100000837D851623E551C0F775E09C115530C0","{""1"":{},""2"":{},""4"":{},""8"":{}}","2025-06-25 18:59:44.892+00","2025-06-25 18:59:44.892+00","2025-06-25 18:59:44.892+00"
1106,"863192057915457",1,"2025-06-25 18:58:39+00","-16.3323000","-71.5802666",12,0,0,0,"2599.2","0.0",13,0,"0.7",7,"0101000020E6100000837D851623E551C0F775E09C115530C0","{""1"":{},""2"":{},""4"":{},""8"":{}}","2025-06-25 18:59:44.895+00","2025-06-25 18:59:44.895+00","2025-06-25 18:59:44.895+00"
1107,"863192057915457",1,"2025-06-25 18:58:44+00","-16.3323000","-71.5802666",13,0,0,0,"2599.2","0.0",12,0,"0.8",7,"0101000020E6100000837D851623E551C0F775E09C115530C0","{""1"":{},""2"":{},""4"":{},""8"":{}}","2025-06-25 18:59:44.9+00","2025-06-25 18:59:44.9+00","2025-06-25 18:59:44.9+00"
1108,"863192057915457",1,"2025-06-25 18:58:49+00","-16.3323000","-71.5802666",14,0,0,0,"2599.2","0.0",13,0,"0.7",7,"0101000020E6100000837D851623E551C0F775E09C115530C0","{""1"":{},""2"":{},""4"":{},""8"":{}}","2025-06-25 18:59:44.903+00","2025-06-25 18:59:44.903+00","2025-06-25 18:59:44.903+00"
1109,"863192057915457",1,"2025-06-25 18:58:54+00","-16.3323000","-71.5802666",15,0,0,0,"2599.2","0.0",13,0,"0.7",7,"0101000020E6100000837D851623E551C0F775E09C115530C0","{""1"":{},""2"":{},""4"":{},""8"":{}}","2025-06-25 18:59:44.905+00","2025-06-25 18:59:44.905+00","2025-06-25 18:59:44.905+00"
1110,"863192057915457",1,"2025-06-25 18:58:59+00","-16.3323000","-71.5802666",16,0,0,0,"2599.2","0.0",14,0,"0.7",7,"0101000020E6100000837D851623E551C0F775E09C115530C0","{""1"":{},""2"":{},""4"":{},""8"":{}}","2025-06-25 18:59:44.908+00","2025-06-25 18:59:44.908+00","2025-06-25 18:59:44.908+00"
1111,"863192057915457",1,"2025-06-25 18:59:04+00","-16.3323000","-71.5802666",17,0,0,0,"2599.2","0.0",14,0,"0.7",7,"0101000020E6100000837D851623E551C0F775E09C115530C0","{""1"":{},""2"":{},""4"":{},""8"":{}}","2025-06-25 18:59:44.911+00","2025-06-25 18:59:44.911+00","2025-06-25 18:59:44.911+00"
1112,"863192057915457",1,"2025-06-25 18:59:09+00","-16.3323000","-71.5802666",18,0,0,0,"2599.2","0.0",14,0,"0.7",7,"0101000020E6100000837D851623E551C0F775E09C115530C0","{""1"":{},""2"":{},""4"":{},""8"":{}}","2025-06-25 18:59:44.914+00","2025-06-25 18:59:44.914+00","2025-06-25 18:59:44.914+00"
1113,"863192057915457",1,"2025-06-25 18:59:14+00","-16.3323000","-71.5802666",19,0,0,0,"2599.2","0.0",14,0,"0.7",7,"0101000020E6100000837D851623E551C0F775E09C115530C0","{""1"":{},""2"":{},""4"":{},""8"":{}}","2025-06-25 18:59:44.916+00","2025-06-25 18:59:44.916+00","2025-06-25 18:59:44.916+00"
1114,"863192057915457",1,"2025-06-25 18:59:19+00","-16.3323000","-71.5802666",20,0,0,0,"2599.2","0.0",14,0,"0.7",7,"0101000020E6100000837D851623E551C0F775E09C115530C0","{""1"":{},""2"":{},""4"":{},""8"":{}}","2025-06-25 18:59:44.919+00","2025-06-25 18:59:44.919+00","2025-06-25 18:59:44.919+00"
1115,"863192057915457",1,"2025-06-25 18:59:24+00","-16.3323000","-71.5802666",21,0,0,0,"2599.2","0.0",14,0,"0.7",7,"0101000020E6100000837D851623E551C0F775E09C115530C0","{""1"":{},""2"":{},""4"":{},""8"":{}}","2025-06-25 18:59:44.922+00","2025-06-25 18:59:44.922+00","2025-06-25 18:59:44.922+00"
1116,"863192057915457",1,"2025-06-25 18:59:29+00","-16.3323000","-71.5802666",22,0,0,0,"2599.2","0.0",14,0,"0.7",7,"0101000020E6100000837D851623E551C0F775E09C115530C0","{""1"":{},""2"":{},""4"":{},""8"":{}}","2025-06-25 18:59:44.924+00","2025-06-25 18:59:44.924+00","2025-06-25 18:59:44.924+00"
1117,"863192057915457",1,"2025-06-25 18:59:34+00","-16.3323000","-71.5802666",23,0,0,0,"2599.2","0.0",13,0,"0.7",7,"0101000020E6100000837D851623E551C0F775E09C115530C0","{""1"":{},""2"":{},""4"":{},""8"":{}}","2025-06-25 18:59:44.927+00","2025-06-25 18:59:44.927+00","2025-06-25 18:59:44.927+00"
1118,"863192057915457",1,"2025-06-25 18:59:39+00","-16.3323050","-71.5802866",24,0,0,0,"2596.2","272.9",13,2,"0.7",7,"0101000020E6100000A653686A23E551C01B4CC3F0115530C0","{""1"":{},""2"":{},""4"":{},""8"":{}}","2025-06-25 18:59:44.931+00","2025-06-25 18:59:44.931+00","2025-06-25 18:59:44.931+00"
1119,"863192057915457",1,"2025-06-25 18:59:44+00","-16.3323250","-71.5803100",0,0,0,0,"2595.7","207.5",14,0,"0.7",7,"0101000020E6100000ACE28DCC23E551C0A9A44E40135530C0","{""1"":{},""2"":{},""4"":{},""8"":{}}","2025-06-25 18:59:48.11+00","2025-06-25 18:59:48.111+00","2025-06-25 18:59:48.111+00"
1120,"863192057915457",1,"2025-06-25 18:59:49+00","-16.3323366","-71.5803166",0,0,0,0,"2595.2","217.8",12,3,"0.8",7,"0101000020E6100000DC943CE823E551C08B43EC02145530C0","{""1"":{},""2"":{},""4"":{},""8"":{}}","2025-06-25 19:01:12.131+00","2025-06-25 19:01:12.131+00","2025-06-25 19:01:12.131+00"
1121,"863192057915457",1,"2025-06-25 18:59:50+00","-16.3323333","-71.5803116",1,0,0,0,"2594.8","69.9",11,5,"0.8",9,"0101000020E610000053DF43D323E551C02BDF8ECB135530C0","{""1"":{},""2"":{},""4"":{},""8"":{}}","2025-06-25 19:01:12.159+00","2025-06-25 19:01:12.16+00","2025-06-25 19:01:12.16+00"
1122,"863192057915457",1,"2025-06-25 18:59:55+00","-16.3323350","-71.5803283",2,0,0,0,"2594.1","36.1",12,2,"0.8",7,"0101000020E61000005F5C4F1924E551C0F05014E8135530C0","{""1"":{},""2"":{},""4"":{},""8"":{}}","2025-06-25 19:01:12.162+00","2025-06-25 19:01:12.162+00","2025-06-25 19:01:12.162+00"
1123,"863192057915457",1,"2025-06-25 19:00:00+00","-16.3323600","-71.5803433",3,0,0,0,"2595.8","100.4",11,4,"0.8",7,"0101000020E6100000F97C395824E551C0A27F828B155530C0","{""1"":{},""2"":{},""4"":{},""8"":{}}","2025-06-25 19:01:12.165+00","2025-06-25 19:01:12.165+00","2025-06-25 19:01:12.165+00"
1124,"863192057915457",1,"2025-06-25 19:00:01+00","-16.3323600","-71.5803383",4,0,0,0,"2595.8","76.3",11,6,"0.8",9,"0101000020E610000070C7404324E551C0A27F828B155530C0","{""1"":{},""2"":{},""4"":{},""8"":{}}","2025-06-25 19:01:12.168+00","2025-06-25 19:01:12.168+00","2025-06-25 19:01:12.168+00"
1125,"863192057915457",1,"2025-06-25 19:00:06+00","-16.3323850","-71.5803300",5,0,0,0,"2596.2","152.9",9,5,"0.9",7,"0101000020E6100000D0B8702024E551C053AEF02E175530C0","{""1"":{},""2"":{},""4"":{},""8"":{}}","2025-06-25 19:01:12.171+00","2025-06-25 19:01:12.171+00","2025-06-25 19:01:12.171+00"
1126,"863192057915457",1,"2025-06-25 19:00:11+00","-16.3323916","-71.5803216",6,0,0,0,"2595.2","53.1",10,0,"0.8",7,"0101000020E6100000654A35FD23E551C01277AB9D175530C0","{""1"":{},""2"":{},""4"":{},""8"":{}}","2025-06-25 19:01:12.173+00","2025-06-25 19:01:12.174+00","2025-06-25 19:01:12.174+00"
1127,"863192057915457",1,"2025-06-25 19:00:16+00","-16.3324150","-71.5803283",7,0,0,0,"2594.9","78.9",5,0,"1.3",7,"0101000020E61000005F5C4F1924E551C029B34126195530C0","{""1"":{},""2"":{},""4"":{},""8"":{}}","2025-06-25 19:01:12.177+00","2025-06-25 19:01:12.177+00","2025-06-25 19:01:12.177+00"
1128,"863192057915457",1,"2025-06-25 19:00:21+00","-16.3324350","-71.5803283",8,0,0,0,"2598.3","107.5",7,0,"1.1",7,"0101000020E61000005F5C4F1924E551C0B70BCD751A5530C0","{""1"":{},""2"":{},""4"":{},""8"":{}}","2025-06-25 19:01:12.18+00","2025-06-25 19:01:12.18+00","2025-06-25 19:01:12.18+00"
1129,"863192057915457",1,"2025-06-25 19:00:26+00","-16.3324383","-71.5803300",9,0,0,0,"2598.0","107.5",6,0,"1.1",7,"0101000020E6100000D0B8702024E551C016702AAD1A5530C0","{""1"":{},""2"":{},""4"":{},""8"":{}}","2025-06-25 19:01:12.183+00","2025-06-25 19:01:12.183+00","2025-06-25 19:01:12.183+00"
1130,"863192057915457",1,"2025-06-25 19:00:31+00","-16.3324333","-71.5803283",10,0,0,0,"2598.1","107.5",8,0,"1.1",7,"0101000020E61000005F5C4F1924E551C0F39947591A5530C0","{""1"":{},""2"":{},""4"":{},""8"":{}}","2025-06-25 19:01:12.186+00","2025-06-25 19:01:12.186+00","2025-06-25 19:01:12.186+00"
1131,"863192057915457",1,"2025-06-25 19:00:36+00","-16.3324550","-71.5803416",11,0,0,0,"2597.8","230.2",8,3,"1.0",7,"0101000020E61000008820185124E551C0456458C51B5530C0","{""1"":{},""2"":{},""4"":{},""8"":{}}","2025-06-25 19:01:12.192+00","2025-06-25 19:01:12.192+00","2025-06-25 19:01:12.192+00"
1132,"863192057915457",1,"2025-06-25 19:00:41+00","-16.3324366","-71.5803316",12,0,0,0,"2598.6","55.4",8,5,"1.1",7,"0101000020E610000076B5262724E551C052FEA4901A5530C0","{""1"":{},""2"":{},""4"":{},""8"":{}}","2025-06-25 19:01:12.195+00","2025-06-25 19:01:12.195+00","2025-06-25 19:01:12.195+00"
1133,"863192057915457",1,"2025-06-25 19:00:42+00","-16.3324283","-71.5803200",13,0,0,0,"2598.9","69.1",8,5,"1.1",9,"0101000020E6100000BE4D7FF623E551C0CFC364051A5530C0","{""1"":{},""2"":{},""4"":{},""8"":{}}","2025-06-25 19:01:12.198+00","2025-06-25 19:01:12.198+00","2025-06-25 19:01:12.198+00"
1134,"863192057915457",1,"2025-06-25 19:00:47+00","-16.3324250","-71.5803183",14,0,0,0,"2598.8","66.8",0,0,"0.0",7,"0101000020E61000004DF15DEF23E551C0705F07CE195530C0","{""1"":{},""2"":{},""4"":{},""8"":{}}","2025-06-25 19:01:12.201+00","2025-06-25 19:01:12.201+00","2025-06-25 19:01:12.201+00"
1135,"863192057915457",1,"2025-06-25 19:00:52+00","-16.3324450","-71.5803700",15,0,0,0,"2599.3","73.0",6,0,"1.1",7,"0101000020E6100000176536C824E551C0FEB7921D1B5530C0","{""1"":{},""2"":{},""4"":{},""8"":{}}","2025-06-25 19:01:12.204+00","2025-06-25 19:01:12.204+00","2025-06-25 19:01:12.204+00"
1136,"863192057915457",1,"2025-06-25 19:00:57+00","-16.3324633","-71.5803950",16,0,0,0,"2600.5","76.9",7,0,"1.1",7,"0101000020E6100000C3F0113125E551C0C89E98501C5530C0","{""1"":{},""2"":{},""4"":{},""8"":{}}","2025-06-25 19:01:12.207+00","2025-06-25 19:01:12.207+00","2025-06-25 19:01:12.207+00"
1137,"863192057915457",1,"2025-06-25 19:01:00+00","-16.3324566","-71.5803766",17,0,0,0,"2601.1","65.4",7,12,"1.1",9,"0101000020E61000004617E5E324E551C0E05630E01B5530C0","{""1"":{},""2"":{},""4"":{},""8"":{}}","2025-06-25 19:01:12.21+00","2025-06-25 19:01:12.21+00","2025-06-25 19:01:12.21+00"
1138,"863192057915457",1,"2025-06-25 19:01:01+00","-16.3324483","-71.5803450",18,0,0,0,"2601.3","78.9",7,10,"1.1",9,"0101000020E61000006AD95A5F24E551C05D1CF0541B5530C0","{""1"":{},""2"":{},""4"":{},""8"":{}}","2025-06-25 19:01:12.213+00","2025-06-25 19:01:12.213+00","2025-06-25 19:01:12.213+00"
1139,"863192057915457",1,"2025-06-25 19:01:06+00","-16.3324350","-71.5803316",19,0,0,0,"2600.8","60.6",5,1,"1.3",7,"0101000020E610000076B5262724E551C0B70BCD751A5530C0","{""1"":{},""2"":{},""4"":{},""8"":{}}","2025-06-25 19:01:12.216+00","2025-06-25 19:01:12.216+00","2025-06-25 19:01:12.216+00"
1140,"863192057915457",1,"2025-06-25 18:59:49+00","-16.3323366","-71.5803166",0,0,0,0,"2595.2","217.8",12,3,"0.8",7,"0101000020E6100000DC943CE823E551C08B43EC02145530C0","{""1"":{},""2"":{},""4"":{},""8"":{}}","2025-06-25 19:03:14.243+00","2025-06-25 19:03:14.243+00","2025-06-25 19:03:14.243+00"
1141,"863192057915457",1,"2025-06-25 18:59:50+00","-16.3323333","-71.5803116",1,0,0,0,"2594.8","69.9",11,5,"0.8",9,"0101000020E610000053DF43D323E551C02BDF8ECB135530C0","{""1"":{},""2"":{},""4"":{},""8"":{}}","2025-06-25 19:03:14.275+00","2025-06-25 19:03:14.275+00","2025-06-25 19:03:14.275+00"
1142,"863192057915457",1,"2025-06-25 18:59:55+00","-16.3323350","-71.5803283",2,0,0,0,"2594.1","36.1",12,2,"0.8",7,"0101000020E61000005F5C4F1924E551C0F05014E8135530C0","{""1"":{},""2"":{},""4"":{},""8"":{}}","2025-06-25 19:03:14.277+00","2025-06-25 19:03:14.277+00","2025-06-25 19:03:14.277+00"
1143,"863192057915457",1,"2025-06-25 19:00:00+00","-16.3323600","-71.5803433",3,0,0,0,"2595.8","100.4",11,4,"0.8",7,"0101000020E6100000F97C395824E551C0A27F828B155530C0","{""1"":{},""2"":{},""4"":{},""8"":{}}","2025-06-25 19:03:14.28+00","2025-06-25 19:03:14.28+00","2025-06-25 19:03:14.28+00"
1144,"863192057915457",1,"2025-06-25 19:00:01+00","-16.3323600","-71.5803383",4,0,0,0,"2595.8","76.3",11,6,"0.8",9,"0101000020E610000070C7404324E551C0A27F828B155530C0","{""1"":{},""2"":{},""4"":{},""8"":{}}","2025-06-25 19:03:14.282+00","2025-06-25 19:03:14.282+00","2025-06-25 19:03:14.282+00"
1145,"863192057915457",1,"2025-06-25 19:00:06+00","-16.3323850","-71.5803300",5,0,0,0,"2596.2","152.9",9,5,"0.9",7,"0101000020E6100000D0B8702024E551C053AEF02E175530C0","{""1"":{},""2"":{},""4"":{},""8"":{}}","2025-06-25 19:03:14.285+00","2025-06-25 19:03:14.285+00","2025-06-25 19:03:14.285+00"
1146,"863192057915457",1,"2025-06-25 19:00:11+00","-16.3323916","-71.5803216",6,0,0,0,"2595.2","53.1",10,0,"0.8",7,"0101000020E6100000654A35FD23E551C01277AB9D175530C0","{""1"":{},""2"":{},""4"":{},""8"":{}}","2025-06-25 19:03:14.288+00","2025-06-25 19:03:14.288+00","2025-06-25 19:03:14.288+00"
1147,"863192057915457",1,"2025-06-25 19:00:16+00","-16.3324150","-71.5803283",7,0,0,0,"2594.9","78.9",5,0,"1.3",7,"0101000020E61000005F5C4F1924E551C029B34126195530C0","{""1"":{},""2"":{},""4"":{},""8"":{}}","2025-06-25 19:03:14.29+00","2025-06-25 19:03:14.29+00","2025-06-25 19:03:14.29+00"
1148,"863192057915457",1,"2025-06-25 19:00:21+00","-16.3324350","-71.5803283",8,0,0,0,"2598.3","107.5",7,0,"1.1",7,"0101000020E61000005F5C4F1924E551C0B70BCD751A5530C0","{""1"":{},""2"":{},""4"":{},""8"":{}}","2025-06-25 19:03:14.293+00","2025-06-25 19:03:14.293+00","2025-06-25 19:03:14.293+00"
1149,"863192057915457",1,"2025-06-25 19:00:26+00","-16.3324383","-71.5803300",9,0,0,0,"2598.0","107.5",6,0,"1.1",7,"0101000020E6100000D0B8702024E551C016702AAD1A5530C0","{""1"":{},""2"":{},""4"":{},""8"":{}}","2025-06-25 19:03:14.295+00","2025-06-25 19:03:14.295+00","2025-06-25 19:03:14.295+00"
1150,"863192057915457",1,"2025-06-25 19:00:31+00","-16.3324333","-71.5803283",10,0,0,0,"2598.1","107.5",8,0,"1.1",7,"0101000020E61000005F5C4F1924E551C0F39947591A5530C0","{""1"":{},""2"":{},""4"":{},""8"":{}}","2025-06-25 19:03:14.298+00","2025-06-25 19:03:14.298+00","2025-06-25 19:03:14.298+00"
1151,"863192057915457",1,"2025-06-25 19:00:36+00","-16.3324550","-71.5803416",11,0,0,0,"2597.8","230.2",8,3,"1.0",7,"0101000020E61000008820185124E551C0456458C51B5530C0","{""1"":{},""2"":{},""4"":{},""8"":{}}","2025-06-25 19:03:14.3+00","2025-06-25 19:03:14.3+00","2025-06-25 19:03:14.3+00"
1152,"863192057915457",1,"2025-06-25 19:00:41+00","-16.3324366","-71.5803316",12,0,0,0,"2598.6","55.4",8,5,"1.1",7,"0101000020E610000076B5262724E551C052FEA4901A5530C0","{""1"":{},""2"":{},""4"":{},""8"":{}}","2025-06-25 19:03:14.302+00","2025-06-25 19:03:14.302+00","2025-06-25 19:03:14.302+00"
1153,"863192057915457",1,"2025-06-25 19:00:42+00","-16.3324283","-71.5803200",13,0,0,0,"2598.9","69.1",8,5,"1.1",9,"0101000020E6100000BE4D7FF623E551C0CFC364051A5530C0","{""1"":{},""2"":{},""4"":{},""8"":{}}","2025-06-25 19:03:14.305+00","2025-06-25 19:03:14.305+00","2025-06-25 19:03:14.305+00"
1154,"863192057915457",1,"2025-06-25 19:00:47+00","-16.3324250","-71.5803183",14,0,0,0,"2598.8","66.8",0,0,"0.0",7,"0101000020E61000004DF15DEF23E551C0705F07CE195530C0","{""1"":{},""2"":{},""4"":{},""8"":{}}","2025-06-25 19:03:14.308+00","2025-06-25 19:03:14.308+00","2025-06-25 19:03:14.308+00"
1155,"863192057915457",1,"2025-06-25 19:00:52+00","-16.3324450","-71.5803700",15,0,0,0,"2599.3","73.0",6,0,"1.1",7,"0101000020E6100000176536C824E551C0FEB7921D1B5530C0","{""1"":{},""2"":{},""4"":{},""8"":{}}","2025-06-25 19:03:14.31+00","2025-06-25 19:03:14.31+00","2025-06-25 19:03:14.31+00"
1156,"863192057915457",1,"2025-06-25 19:00:57+00","-16.3324633","-71.5803950",16,0,0,0,"2600.5","76.9",7,0,"1.1",7,"0101000020E6100000C3F0113125E551C0C89E98501C5530C0","{""1"":{},""2"":{},""4"":{},""8"":{}}","2025-06-25 19:03:14.312+00","2025-06-25 19:03:14.312+00","2025-06-25 19:03:14.312+00"
1157,"863192057915457",1,"2025-06-25 19:01:00+00","-16.3324566","-71.5803766",17,0,0,0,"2601.1","65.4",7,12,"1.1",9,"0101000020E61000004617E5E324E551C0E05630E01B5530C0","{""1"":{},""2"":{},""4"":{},""8"":{}}","2025-06-25 19:03:14.315+00","2025-06-25 19:03:14.315+00","2025-06-25 19:03:14.315+00"
1158,"863192057915457",1,"2025-06-25 19:01:01+00","-16.3324483","-71.5803450",18,0,0,0,"2601.3","78.9",7,10,"1.1",9,"0101000020E61000006AD95A5F24E551C05D1CF0541B5530C0","{""1"":{},""2"":{},""4"":{},""8"":{}}","2025-06-25 19:03:14.318+00","2025-06-25 19:03:14.318+00","2025-06-25 19:03:14.318+00"
1159,"863192057915457",1,"2025-06-25 19:01:06+00","-16.3324350","-71.5803316",19,0,0,0,"2600.8","60.6",5,1,"1.3",7,"0101000020E610000076B5262724E551C0B70BCD751A5530C0","{""1"":{},""2"":{},""4"":{},""8"":{}}","2025-06-25 19:03:14.32+00","2025-06-25 19:03:14.32+00","2025-06-25 19:03:14.32+00"
1160,"863192057915457",1,"2025-06-25 19:01:14+00","-16.3323966","-71.5801500",20,0,0,0,"2600.0","80.9",5,14,"1.3",8,"0101000020E61000009031772D21E551C0354D8EF1175530C0","{""1"":{},""2"":{},""4"":{},""8"":{}}","2025-06-25 19:03:14.323+00","2025-06-25 19:03:14.323+00","2025-06-25 19:03:14.323+00"
1161,"863192057915457",1,"2025-06-25 19:01:16+00","-16.3323766","-71.5800583",21,0,0,0,"2599.8","82.1",5,17,"1.3",8,"0101000020E61000007F11D9AC1FE551C0A7F402A2165530C0","{""1"":{},""2"":{},""4"":{},""8"":{}}","2025-06-25 19:03:14.326+00","2025-06-25 19:03:14.326+00","2025-06-25 19:03:14.326+00"
1162,"863192057915457",1,"2025-06-25 19:01:31+00","-16.3323600","-71.5801750",22,0,0,0,"2599.0","80.7",5,0,"1.4",8,"0101000020E61000003CBD529621E551C0A27F828B155530C0","{""1"":{},""2"":{},""4"":{},""8"":{}}","2025-06-25 19:03:14.328+00","2025-06-25 19:03:14.328+00","2025-06-25 19:03:14.328+00"
1163,"863192057915457",1,"2025-06-25 19:02:57+00","-16.3322050","-71.5801416",23,0,0,0,"2566.8","40.6",11,0,"0.8",8,"0101000020E610000025C33B0A21E551C053910A630B5530C0","{""1"":{},""2"":{},""4"":{},""8"":{}}","2025-06-25 19:03:14.331+00","2025-06-25 19:03:14.331+00","2025-06-25 19:03:14.331+00"
1164,"863192057915457",1,"2025-06-25 19:02:58+00","-16.3322883","-71.5802783",24,0,0,0,"2581.4","39.2",12,0,"0.8",8,"0101000020E61000000645984723E551C0EB5795D8105530C0","{""1"":{},""2"":{},""4"":{},""8"":{}}","2025-06-25 19:03:14.334+00","2025-06-25 19:03:14.334+00","2025-06-25 19:03:14.334+00"
1165,"863192057915457",1,"2025-06-25 18:59:49+00","-16.3323366","-71.5803166",0,0,0,0,"2595.2","217.8",12,3,"0.8",7,"0101000020E6100000DC943CE823E551C08B43EC02145530C0","{""1"":{},""2"":{},""4"":{},""8"":{}}","2025-06-25 19:05:15.214+00","2025-06-25 19:05:15.214+00","2025-06-25 19:05:15.214+00"
1166,"863192057915457",1,"2025-06-25 18:59:50+00","-16.3323333","-71.5803116",1,0,0,0,"2594.8","69.9",11,5,"0.8",9,"0101000020E610000053DF43D323E551C02BDF8ECB135530C0","{""1"":{},""2"":{},""4"":{},""8"":{}}","2025-06-25 19:05:15.248+00","2025-06-25 19:05:15.248+00","2025-06-25 19:05:15.248+00"
1167,"863192057915457",1,"2025-06-25 18:59:55+00","-16.3323350","-71.5803283",2,0,0,0,"2594.1","36.1",12,2,"0.8",7,"0101000020E61000005F5C4F1924E551C0F05014E8135530C0","{""1"":{},""2"":{},""4"":{},""8"":{}}","2025-06-25 19:05:15.251+00","2025-06-25 19:05:15.251+00","2025-06-25 19:05:15.251+00"
1168,"863192057915457",1,"2025-06-25 19:00:00+00","-16.3323600","-71.5803433",3,0,0,0,"2595.8","100.4",11,4,"0.8",7,"0101000020E6100000F97C395824E551C0A27F828B155530C0","{""1"":{},""2"":{},""4"":{},""8"":{}}","2025-06-25 19:05:15.254+00","2025-06-25 19:05:15.254+00","2025-06-25 19:05:15.254+00"
1169,"863192057915457",1,"2025-06-25 19:00:01+00","-16.3323600","-71.5803383",4,0,0,0,"2595.8","76.3",11,6,"0.8",9,"0101000020E610000070C7404324E551C0A27F828B155530C0","{""1"":{},""2"":{},""4"":{},""8"":{}}","2025-06-25 19:05:15.257+00","2025-06-25 19:05:15.258+00","2025-06-25 19:05:15.258+00"
1170,"863192057915457",1,"2025-06-25 19:00:06+00","-16.3323850","-71.5803300",5,0,0,0,"2596.2","152.9",9,5,"0.9",7,"0101000020E6100000D0B8702024E551C053AEF02E175530C0","{""1"":{},""2"":{},""4"":{},""8"":{}}","2025-06-25 19:05:15.262+00","2025-06-25 19:05:15.262+00","2025-06-25 19:05:15.262+00"
1171,"863192057915457",1,"2025-06-25 19:00:11+00","-16.3323916","-71.5803216",6,0,0,0,"2595.2","53.1",10,0,"0.8",7,"0101000020E6100000654A35FD23E551C01277AB9D175530C0","{""1"":{},""2"":{},""4"":{},""8"":{}}","2025-06-25 19:05:15.264+00","2025-06-25 19:05:15.264+00","2025-06-25 19:05:15.264+00"
1172,"863192057915457",1,"2025-06-25 19:00:16+00","-16.3324150","-71.5803283",7,0,0,0,"2594.9","78.9",5,0,"1.3",7,"0101000020E61000005F5C4F1924E551C029B34126195530C0","{""1"":{},""2"":{},""4"":{},""8"":{}}","2025-06-25 19:05:15.267+00","2025-06-25 19:05:15.267+00","2025-06-25 19:05:15.267+00"
1173,"863192057915457",1,"2025-06-25 19:00:21+00","-16.3324350","-71.5803283",8,0,0,0,"2598.3","107.5",7,0,"1.1",7,"0101000020E61000005F5C4F1924E551C0B70BCD751A5530C0","{""1"":{},""2"":{},""4"":{},""8"":{}}","2025-06-25 19:05:15.271+00","2025-06-25 19:05:15.271+00","2025-06-25 19:05:15.271+00"
1174,"863192057915457",1,"2025-06-25 19:00:26+00","-16.3324383","-71.5803300",9,0,0,0,"2598.0","107.5",6,0,"1.1",7,"0101000020E6100000D0B8702024E551C016702AAD1A5530C0","{""1"":{},""2"":{},""4"":{},""8"":{}}","2025-06-25 19:05:15.274+00","2025-06-25 19:05:15.274+00","2025-06-25 19:05:15.274+00"
1175,"863192057915457",1,"2025-06-25 19:00:31+00","-16.3324333","-71.5803283",10,0,0,0,"2598.1","107.5",8,0,"1.1",7,"0101000020E61000005F5C4F1924E551C0F39947591A5530C0","{""1"":{},""2"":{},""4"":{},""8"":{}}","2025-06-25 19:05:15.278+00","2025-06-25 19:05:15.278+00","2025-06-25 19:05:15.278+00"
1176,"863192057915457",1,"2025-06-25 19:00:36+00","-16.3324550","-71.5803416",11,0,0,0,"2597.8","230.2",8,3,"1.0",7,"0101000020E61000008820185124E551C0456458C51B5530C0","{""1"":{},""2"":{},""4"":{},""8"":{}}","2025-06-25 19:05:15.282+00","2025-06-25 19:05:15.282+00","2025-06-25 19:05:15.282+00"
1177,"863192057915457",1,"2025-06-25 19:00:41+00","-16.3324366","-71.5803316",12,0,0,0,"2598.6","55.4",8,5,"1.1",7,"0101000020E610000076B5262724E551C052FEA4901A5530C0","{""1"":{},""2"":{},""4"":{},""8"":{}}","2025-06-25 19:05:15.285+00","2025-06-25 19:05:15.285+00","2025-06-25 19:05:15.285+00"
1178,"863192057915457",1,"2025-06-25 19:00:42+00","-16.3324283","-71.5803200",13,0,0,0,"2598.9","69.1",8,5,"1.1",9,"0101000020E6100000BE4D7FF623E551C0CFC364051A5530C0","{""1"":{},""2"":{},""4"":{},""8"":{}}","2025-06-25 19:05:15.289+00","2025-06-25 19:05:15.289+00","2025-06-25 19:05:15.289+00"
1179,"863192057915457",1,"2025-06-25 19:00:47+00","-16.3324250","-71.5803183",14,0,0,0,"2598.8","66.8",0,0,"0.0",7,"0101000020E61000004DF15DEF23E551C0705F07CE195530C0","{""1"":{},""2"":{},""4"":{},""8"":{}}","2025-06-25 19:05:15.292+00","2025-06-25 19:05:15.292+00","2025-06-25 19:05:15.292+00"
1180,"863192057915457",1,"2025-06-25 19:00:52+00","-16.3324450","-71.5803700",15,0,0,0,"2599.3","73.0",6,0,"1.1",7,"0101000020E6100000176536C824E551C0FEB7921D1B5530C0","{""1"":{},""2"":{},""4"":{},""8"":{}}","2025-06-25 19:05:15.295+00","2025-06-25 19:05:15.295+00","2025-06-25 19:05:15.295+00"
1181,"863192057915457",1,"2025-06-25 19:00:57+00","-16.3324633","-71.5803950",16,0,0,0,"2600.5","76.9",7,0,"1.1",7,"0101000020E6100000C3F0113125E551C0C89E98501C5530C0","{""1"":{},""2"":{},""4"":{},""8"":{}}","2025-06-25 19:05:15.297+00","2025-06-25 19:05:15.298+00","2025-06-25 19:05:15.298+00"
1182,"863192057915457",1,"2025-06-25 19:01:00+00","-16.3324566","-71.5803766",17,0,0,0,"2601.1","65.4",7,12,"1.1",9,"0101000020E61000004617E5E324E551C0E05630E01B5530C0","{""1"":{},""2"":{},""4"":{},""8"":{}}","2025-06-25 19:05:15.3+00","2025-06-25 19:05:15.3+00","2025-06-25 19:05:15.3+00"
1183,"863192057915457",1,"2025-06-25 19:01:01+00","-16.3324483","-71.5803450",18,0,0,0,"2601.3","78.9",7,10,"1.1",9,"0101000020E61000006AD95A5F24E551C05D1CF0541B5530C0","{""1"":{},""2"":{},""4"":{},""8"":{}}","2025-06-25 19:05:15.304+00","2025-06-25 19:05:15.304+00","2025-06-25 19:05:15.304+00"
1184,"863192057915457",1,"2025-06-25 19:01:06+00","-16.3324350","-71.5803316",19,0,0,0,"2600.8","60.6",5,1,"1.3",7,"0101000020E610000076B5262724E551C0B70BCD751A5530C0","{""1"":{},""2"":{},""4"":{},""8"":{}}","2025-06-25 19:05:15.307+00","2025-06-25 19:05:15.307+00","2025-06-25 19:05:15.307+00"
1185,"863192057915457",1,"2025-06-25 19:01:14+00","-16.3323966","-71.5801500",20,0,0,0,"2600.0","80.9",5,14,"1.3",8,"0101000020E61000009031772D21E551C0354D8EF1175530C0","{""1"":{},""2"":{},""4"":{},""8"":{}}","2025-06-25 19:05:15.31+00","2025-06-25 19:05:15.31+00","2025-06-25 19:05:15.31+00"
1186,"863192057915457",1,"2025-06-25 19:01:16+00","-16.3323766","-71.5800583",21,0,0,0,"2599.8","82.1",5,17,"1.3",8,"0101000020E61000007F11D9AC1FE551C0A7F402A2165530C0","{""1"":{},""2"":{},""4"":{},""8"":{}}","2025-06-25 19:05:15.313+00","2025-06-25 19:05:15.313+00","2025-06-25 19:05:15.313+00"
1187,"863192057915457",1,"2025-06-25 19:01:31+00","-16.3323600","-71.5801750",22,0,0,0,"2599.0","80.7",5,0,"1.4",8,"0101000020E61000003CBD529621E551C0A27F828B155530C0","{""1"":{},""2"":{},""4"":{},""8"":{}}","2025-06-25 19:05:15.315+00","2025-06-25 19:05:15.315+00","2025-06-25 19:05:15.315+00"
1188,"863192057915457",1,"2025-06-25 19:02:57+00","-16.3322050","-71.5801416",23,0,0,0,"2566.8","40.6",11,0,"0.8",8,"0101000020E610000025C33B0A21E551C053910A630B5530C0","{""1"":{},""2"":{},""4"":{},""8"":{}}","2025-06-25 19:05:15.318+00","2025-06-25 19:05:15.318+00","2025-06-25 19:05:15.318+00"
1189,"863192057915457",1,"2025-06-25 19:02:58+00","-16.3322883","-71.5802783",24,0,0,0,"2581.4","39.2",12,0,"0.8",8,"0101000020E61000000645984723E551C0EB5795D8105530C0","{""1"":{},""2"":{},""4"":{},""8"":{}}","2025-06-25 19:05:15.32+00","2025-06-25 19:05:15.32+00","2025-06-25 19:05:15.32+00"
1190,"863192057915457",1,"2025-06-25 18:59:49+00","-16.3323366","-71.5803166",0,0,0,0,"2595.2","217.8",12,3,"0.8",7,"0101000020E6100000DC943CE823E551C08B43EC02145530C0","{""1"":{},""2"":{},""4"":{},""8"":{}}","2025-06-25 19:07:16.636+00","2025-06-25 19:07:16.636+00","2025-06-25 19:07:16.636+00"
1191,"863192057915457",1,"2025-06-25 18:59:50+00","-16.3323333","-71.5803116",1,0,0,0,"2594.8","69.9",11,5,"0.8",9,"0101000020E610000053DF43D323E551C02BDF8ECB135530C0","{""1"":{},""2"":{},""4"":{},""8"":{}}","2025-06-25 19:07:16.677+00","2025-06-25 19:07:16.677+00","2025-06-25 19:07:16.677+00"
1192,"863192057915457",1,"2025-06-25 18:59:55+00","-16.3323350","-71.5803283",2,0,0,0,"2594.1","36.1",12,2,"0.8",7,"0101000020E61000005F5C4F1924E551C0F05014E8135530C0","{""1"":{},""2"":{},""4"":{},""8"":{}}","2025-06-25 19:07:16.68+00","2025-06-25 19:07:16.68+00","2025-06-25 19:07:16.68+00"
1193,"863192057915457",1,"2025-06-25 19:00:00+00","-16.3323600","-71.5803433",3,0,0,0,"2595.8","100.4",11,4,"0.8",7,"0101000020E6100000F97C395824E551C0A27F828B155530C0","{""1"":{},""2"":{},""4"":{},""8"":{}}","2025-06-25 19:07:16.682+00","2025-06-25 19:07:16.682+00","2025-06-25 19:07:16.682+00"
1194,"863192057915457",1,"2025-06-25 19:00:01+00","-16.3323600","-71.5803383",4,0,0,0,"2595.8","76.3",11,6,"0.8",9,"0101000020E610000070C7404324E551C0A27F828B155530C0","{""1"":{},""2"":{},""4"":{},""8"":{}}","2025-06-25 19:07:16.685+00","2025-06-25 19:07:16.685+00","2025-06-25 19:07:16.685+00"
1195,"863192057915457",1,"2025-06-25 19:00:06+00","-16.3323850","-71.5803300",5,0,0,0,"2596.2","152.9",9,5,"0.9",7,"0101000020E6100000D0B8702024E551C053AEF02E175530C0","{""1"":{},""2"":{},""4"":{},""8"":{}}","2025-06-25 19:07:16.688+00","2025-06-25 19:07:16.689+00","2025-06-25 19:07:16.689+00"
1196,"863192057915457",1,"2025-06-25 19:00:11+00","-16.3323916","-71.5803216",6,0,0,0,"2595.2","53.1",10,0,"0.8",7,"0101000020E6100000654A35FD23E551C01277AB9D175530C0","{""1"":{},""2"":{},""4"":{},""8"":{}}","2025-06-25 19:07:16.691+00","2025-06-25 19:07:16.691+00","2025-06-25 19:07:16.691+00"
1197,"863192057915457",1,"2025-06-25 19:00:16+00","-16.3324150","-71.5803283",7,0,0,0,"2594.9","78.9",5,0,"1.3",7,"0101000020E61000005F5C4F1924E551C029B34126195530C0","{""1"":{},""2"":{},""4"":{},""8"":{}}","2025-06-25 19:07:16.694+00","2025-06-25 19:07:16.694+00","2025-06-25 19:07:16.694+00"
1198,"863192057915457",1,"2025-06-25 19:00:21+00","-16.3324350","-71.5803283",8,0,0,0,"2598.3","107.5",7,0,"1.1",7,"0101000020E61000005F5C4F1924E551C0B70BCD751A5530C0","{""1"":{},""2"":{},""4"":{},""8"":{}}","2025-06-25 19:07:16.696+00","2025-06-25 19:07:16.696+00","2025-06-25 19:07:16.696+00"
1199,"863192057915457",1,"2025-06-25 19:00:26+00","-16.3324383","-71.5803300",9,0,0,0,"2598.0","107.5",6,0,"1.1",7,"0101000020E6100000D0B8702024E551C016702AAD1A5530C0","{""1"":{},""2"":{},""4"":{},""8"":{}}","2025-06-25 19:07:16.699+00","2025-06-25 19:07:16.699+00","2025-06-25 19:07:16.699+00"
1200,"863192057915457",1,"2025-06-25 19:00:31+00","-16.3324333","-71.5803283",10,0,0,0,"2598.1","107.5",8,0,"1.1",7,"0101000020E61000005F5C4F1924E551C0F39947591A5530C0","{""1"":{},""2"":{},""4"":{},""8"":{}}","2025-06-25 19:07:16.702+00","2025-06-25 19:07:16.702+00","2025-06-25 19:07:16.702+00"
1201,"863192057915457",1,"2025-06-25 19:00:36+00","-16.3324550","-71.5803416",11,0,0,0,"2597.8","230.2",8,3,"1.0",7,"0101000020E61000008820185124E551C0456458C51B5530C0","{""1"":{},""2"":{},""4"":{},""8"":{}}","2025-06-25 19:07:16.705+00","2025-06-25 19:07:16.705+00","2025-06-25 19:07:16.705+00"
1202,"863192057915457",1,"2025-06-25 19:00:41+00","-16.3324366","-71.5803316",12,0,0,0,"2598.6","55.4",8,5,"1.1",7,"0101000020E610000076B5262724E551C052FEA4901A5530C0","{""1"":{},""2"":{},""4"":{},""8"":{}}","2025-06-25 19:07:16.707+00","2025-06-25 19:07:16.707+00","2025-06-25 19:07:16.707+00"
1203,"863192057915457",1,"2025-06-25 19:00:42+00","-16.3324283","-71.5803200",13,0,0,0,"2598.9","69.1",8,5,"1.1",9,"0101000020E6100000BE4D7FF623E551C0CFC364051A5530C0","{""1"":{},""2"":{},""4"":{},""8"":{}}","2025-06-25 19:07:16.71+00","2025-06-25 19:07:16.71+00","2025-06-25 19:07:16.71+00"
1204,"863192057915457",1,"2025-06-25 19:00:47+00","-16.3324250","-71.5803183",14,0,0,0,"2598.8","66.8",0,0,"0.0",7,"0101000020E61000004DF15DEF23E551C0705F07CE195530C0","{""1"":{},""2"":{},""4"":{},""8"":{}}","2025-06-25 19:07:16.713+00","2025-06-25 19:07:16.713+00","2025-06-25 19:07:16.713+00"
1205,"863192057915457",1,"2025-06-25 19:00:52+00","-16.3324450","-71.5803700",15,0,0,0,"2599.3","73.0",6,0,"1.1",7,"0101000020E6100000176536C824E551C0FEB7921D1B5530C0","{""1"":{},""2"":{},""4"":{},""8"":{}}","2025-06-25 19:07:16.715+00","2025-06-25 19:07:16.716+00","2025-06-25 19:07:16.716+00"
1206,"863192057915457",1,"2025-06-25 19:00:57+00","-16.3324633","-71.5803950",16,0,0,0,"2600.5","76.9",7,0,"1.1",7,"0101000020E6100000C3F0113125E551C0C89E98501C5530C0","{""1"":{},""2"":{},""4"":{},""8"":{}}","2025-06-25 19:07:16.719+00","2025-06-25 19:07:16.719+00","2025-06-25 19:07:16.719+00"
1207,"863192057915457",1,"2025-06-25 19:01:00+00","-16.3324566","-71.5803766",17,0,0,0,"2601.1","65.4",7,12,"1.1",9,"0101000020E61000004617E5E324E551C0E05630E01B5530C0","{""1"":{},""2"":{},""4"":{},""8"":{}}","2025-06-25 19:07:16.722+00","2025-06-25 19:07:16.722+00","2025-06-25 19:07:16.722+00"
1208,"863192057915457",1,"2025-06-25 19:01:01+00","-16.3324483","-71.5803450",18,0,0,0,"2601.3","78.9",7,10,"1.1",9,"0101000020E61000006AD95A5F24E551C05D1CF0541B5530C0","{""1"":{},""2"":{},""4"":{},""8"":{}}","2025-06-25 19:07:16.724+00","2025-06-25 19:07:16.724+00","2025-06-25 19:07:16.724+00"
1209,"863192057915457",1,"2025-06-25 19:01:06+00","-16.3324350","-71.5803316",19,0,0,0,"2600.8","60.6",5,1,"1.3",7,"0101000020E610000076B5262724E551C0B70BCD751A5530C0","{""1"":{},""2"":{},""4"":{},""8"":{}}","2025-06-25 19:07:16.727+00","2025-06-25 19:07:16.727+00","2025-06-25 19:07:16.727+00"
1210,"863192057915457",1,"2025-06-25 19:01:14+00","-16.3323966","-71.5801500",20,0,0,0,"2600.0","80.9",5,14,"1.3",8,"0101000020E61000009031772D21E551C0354D8EF1175530C0","{""1"":{},""2"":{},""4"":{},""8"":{}}","2025-06-25 19:07:16.73+00","2025-06-25 19:07:16.73+00","2025-06-25 19:07:16.73+00"
1211,"863192057915457",1,"2025-06-25 19:01:16+00","-16.3323766","-71.5800583",21,0,0,0,"2599.8","82.1",5,17,"1.3",8,"0101000020E61000007F11D9AC1FE551C0A7F402A2165530C0","{""1"":{},""2"":{},""4"":{},""8"":{}}","2025-06-25 19:07:16.732+00","2025-06-25 19:07:16.732+00","2025-06-25 19:07:16.732+00"
1212,"863192057915457",1,"2025-06-25 19:01:31+00","-16.3323600","-71.5801750",22,0,0,0,"2599.0","80.7",5,0,"1.4",8,"0101000020E61000003CBD529621E551C0A27F828B155530C0","{""1"":{},""2"":{},""4"":{},""8"":{}}","2025-06-25 19:07:16.736+00","2025-06-25 19:07:16.736+00","2025-06-25 19:07:16.736+00"
1213,"863192057915457",1,"2025-06-25 19:02:57+00","-16.3322050","-71.5801416",23,0,0,0,"2566.8","40.6",11,0,"0.8",8,"0101000020E610000025C33B0A21E551C053910A630B5530C0","{""1"":{},""2"":{},""4"":{},""8"":{}}","2025-06-25 19:07:16.738+00","2025-06-25 19:07:16.738+00","2025-06-25 19:07:16.738+00"
1214,"863192057915457",1,"2025-06-25 19:02:58+00","-16.3322883","-71.5802783",24,0,0,0,"2581.4","39.2",12,0,"0.8",8,"0101000020E61000000645984723E551C0EB5795D8105530C0","{""1"":{},""2"":{},""4"":{},""8"":{}}","2025-06-25 19:07:16.741+00","2025-06-25 19:07:16.741+00","2025-06-25 19:07:16.741+00"
1215,"863192057915457",1,"2025-06-25 18:59:49+00","-16.3323366","-71.5803166",0,0,0,0,"2595.2","217.8",12,3,"0.8",7,"0101000020E6100000DC943CE823E551C08B43EC02145530C0","{""1"":{},""2"":{},""4"":{},""8"":{}}","2025-06-25 19:09:18.177+00","2025-06-25 19:09:18.177+00","2025-06-25 19:09:18.177+00"
1216,"863192057915457",1,"2025-06-25 18:59:50+00","-16.3323333","-71.5803116",1,0,0,0,"2594.8","69.9",11,5,"0.8",9,"0101000020E610000053DF43D323E551C02BDF8ECB135530C0","{""1"":{},""2"":{},""4"":{},""8"":{}}","2025-06-25 19:09:18.21+00","2025-06-25 19:09:18.21+00","2025-06-25 19:09:18.21+00"
1217,"863192057915457",1,"2025-06-25 18:59:55+00","-16.3323350","-71.5803283",2,0,0,0,"2594.1","36.1",12,2,"0.8",7,"0101000020E61000005F5C4F1924E551C0F05014E8135530C0","{""1"":{},""2"":{},""4"":{},""8"":{}}","2025-06-25 19:09:18.214+00","2025-06-25 19:09:18.214+00","2025-06-25 19:09:18.214+00"
1218,"863192057915457",1,"2025-06-25 19:00:00+00","-16.3323600","-71.5803433",3,0,0,0,"2595.8","100.4",11,4,"0.8",7,"0101000020E6100000F97C395824E551C0A27F828B155530C0","{""1"":{},""2"":{},""4"":{},""8"":{}}","2025-06-25 19:09:18.216+00","2025-06-25 19:09:18.216+00","2025-06-25 19:09:18.216+00"
1219,"863192057915457",1,"2025-06-25 19:00:01+00","-16.3323600","-71.5803383",4,0,0,0,"2595.8","76.3",11,6,"0.8",9,"0101000020E610000070C7404324E551C0A27F828B155530C0","{""1"":{},""2"":{},""4"":{},""8"":{}}","2025-06-25 19:09:18.219+00","2025-06-25 19:09:18.219+00","2025-06-25 19:09:18.219+00"
1220,"863192057915457",1,"2025-06-25 19:00:06+00","-16.3323850","-71.5803300",5,0,0,0,"2596.2","152.9",9,5,"0.9",7,"0101000020E6100000D0B8702024E551C053AEF02E175530C0","{""1"":{},""2"":{},""4"":{},""8"":{}}","2025-06-25 19:09:18.221+00","2025-06-25 19:09:18.221+00","2025-06-25 19:09:18.221+00"
1221,"863192057915457",1,"2025-06-25 19:00:11+00","-16.3323916","-71.5803216",6,0,0,0,"2595.2","53.1",10,0,"0.8",7,"0101000020E6100000654A35FD23E551C01277AB9D175530C0","{""1"":{},""2"":{},""4"":{},""8"":{}}","2025-06-25 19:09:18.224+00","2025-06-25 19:09:18.224+00","2025-06-25 19:09:18.224+00"
1222,"863192057915457",1,"2025-06-25 19:00:16+00","-16.3324150","-71.5803283",7,0,0,0,"2594.9","78.9",5,0,"1.3",7,"0101000020E61000005F5C4F1924E551C029B34126195530C0","{""1"":{},""2"":{},""4"":{},""8"":{}}","2025-06-25 19:09:18.226+00","2025-06-25 19:09:18.226+00","2025-06-25 19:09:18.226+00"
1223,"863192057915457",1,"2025-06-25 19:00:21+00","-16.3324350","-71.5803283",8,0,0,0,"2598.3","107.5",7,0,"1.1",7,"0101000020E61000005F5C4F1924E551C0B70BCD751A5530C0","{""1"":{},""2"":{},""4"":{},""8"":{}}","2025-06-25 19:09:18.228+00","2025-06-25 19:09:18.228+00","2025-06-25 19:09:18.228+00"
1224,"863192057915457",1,"2025-06-25 19:00:26+00","-16.3324383","-71.5803300",9,0,0,0,"2598.0","107.5",6,0,"1.1",7,"0101000020E6100000D0B8702024E551C016702AAD1A5530C0","{""1"":{},""2"":{},""4"":{},""8"":{}}","2025-06-25 19:09:18.231+00","2025-06-25 19:09:18.231+00","2025-06-25 19:09:18.231+00"
1225,"863192057915457",1,"2025-06-25 19:00:31+00","-16.3324333","-71.5803283",10,0,0,0,"2598.1","107.5",8,0,"1.1",7,"0101000020E61000005F5C4F1924E551C0F39947591A5530C0","{""1"":{},""2"":{},""4"":{},""8"":{}}","2025-06-25 19:09:18.234+00","2025-06-25 19:09:18.234+00","2025-06-25 19:09:18.234+00"
1226,"863192057915457",1,"2025-06-25 19:00:36+00","-16.3324550","-71.5803416",11,0,0,0,"2597.8","230.2",8,3,"1.0",7,"0101000020E61000008820185124E551C0456458C51B5530C0","{""1"":{},""2"":{},""4"":{},""8"":{}}","2025-06-25 19:09:18.237+00","2025-06-25 19:09:18.237+00","2025-06-25 19:09:18.237+00"
1227,"863192057915457",1,"2025-06-25 19:00:41+00","-16.3324366","-71.5803316",12,0,0,0,"2598.6","55.4",8,5,"1.1",7,"0101000020E610000076B5262724E551C052FEA4901A5530C0","{""1"":{},""2"":{},""4"":{},""8"":{}}","2025-06-25 19:09:18.24+00","2025-06-25 19:09:18.24+00","2025-06-25 19:09:18.24+00"
1228,"863192057915457",1,"2025-06-25 19:00:42+00","-16.3324283","-71.5803200",13,0,0,0,"2598.9","69.1",8,5,"1.1",9,"0101000020E6100000BE4D7FF623E551C0CFC364051A5530C0","{""1"":{},""2"":{},""4"":{},""8"":{}}","2025-06-25 19:09:18.243+00","2025-06-25 19:09:18.243+00","2025-06-25 19:09:18.243+00"
1229,"863192057915457",1,"2025-06-25 19:00:47+00","-16.3324250","-71.5803183",14,0,0,0,"2598.8","66.8",0,0,"0.0",7,"0101000020E61000004DF15DEF23E551C0705F07CE195530C0","{""1"":{},""2"":{},""4"":{},""8"":{}}","2025-06-25 19:09:18.245+00","2025-06-25 19:09:18.246+00","2025-06-25 19:09:18.246+00"
1230,"863192057915457",1,"2025-06-25 19:00:52+00","-16.3324450","-71.5803700",15,0,0,0,"2599.3","73.0",6,0,"1.1",7,"0101000020E6100000176536C824E551C0FEB7921D1B5530C0","{""1"":{},""2"":{},""4"":{},""8"":{}}","2025-06-25 19:09:18.249+00","2025-06-25 19:09:18.249+00","2025-06-25 19:09:18.249+00"
1231,"863192057915457",1,"2025-06-25 19:00:57+00","-16.3324633","-71.5803950",16,0,0,0,"2600.5","76.9",7,0,"1.1",7,"0101000020E6100000C3F0113125E551C0C89E98501C5530C0","{""1"":{},""2"":{},""4"":{},""8"":{}}","2025-06-25 19:09:18.252+00","2025-06-25 19:09:18.252+00","2025-06-25 19:09:18.252+00"
1232,"863192057915457",1,"2025-06-25 19:01:00+00","-16.3324566","-71.5803766",17,0,0,0,"2601.1","65.4",7,12,"1.1",9,"0101000020E61000004617E5E324E551C0E05630E01B5530C0","{""1"":{},""2"":{},""4"":{},""8"":{}}","2025-06-25 19:09:18.255+00","2025-06-25 19:09:18.255+00","2025-06-25 19:09:18.255+00"
1233,"863192057915457",1,"2025-06-25 19:01:01+00","-16.3324483","-71.5803450",18,0,0,0,"2601.3","78.9",7,10,"1.1",9,"0101000020E61000006AD95A5F24E551C05D1CF0541B5530C0","{""1"":{},""2"":{},""4"":{},""8"":{}}","2025-06-25 19:09:18.258+00","2025-06-25 19:09:18.258+00","2025-06-25 19:09:18.258+00"
1234,"863192057915457",1,"2025-06-25 19:01:06+00","-16.3324350","-71.5803316",19,0,0,0,"2600.8","60.6",5,1,"1.3",7,"0101000020E610000076B5262724E551C0B70BCD751A5530C0","{""1"":{},""2"":{},""4"":{},""8"":{}}","2025-06-25 19:09:18.261+00","2025-06-25 19:09:18.261+00","2025-06-25 19:09:18.261+00"
1235,"863192057915457",1,"2025-06-25 19:01:14+00","-16.3323966","-71.5801500",20,0,0,0,"2600.0","80.9",5,14,"1.3",8,"0101000020E61000009031772D21E551C0354D8EF1175530C0","{""1"":{},""2"":{},""4"":{},""8"":{}}","2025-06-25 19:09:18.264+00","2025-06-25 19:09:18.264+00","2025-06-25 19:09:18.264+00"
1236,"863192057915457",1,"2025-06-25 19:01:16+00","-16.3323766","-71.5800583",21,0,0,0,"2599.8","82.1",5,17,"1.3",8,"0101000020E61000007F11D9AC1FE551C0A7F402A2165530C0","{""1"":{},""2"":{},""4"":{},""8"":{}}","2025-06-25 19:09:18.267+00","2025-06-25 19:09:18.267+00","2025-06-25 19:09:18.267+00"
1237,"863192057915457",1,"2025-06-25 19:01:31+00","-16.3323600","-71.5801750",22,0,0,0,"2599.0","80.7",5,0,"1.4",8,"0101000020E61000003CBD529621E551C0A27F828B155530C0","{""1"":{},""2"":{},""4"":{},""8"":{}}","2025-06-25 19:09:18.27+00","2025-06-25 19:09:18.27+00","2025-06-25 19:09:18.27+00"
1238,"863192057915457",1,"2025-06-25 19:02:57+00","-16.3322050","-71.5801416",23,0,0,0,"2566.8","40.6",11,0,"0.8",8,"0101000020E610000025C33B0A21E551C053910A630B5530C0","{""1"":{},""2"":{},""4"":{},""8"":{}}","2025-06-25 19:09:18.273+00","2025-06-25 19:09:18.273+00","2025-06-25 19:09:18.273+00"
1239,"863192057915457",1,"2025-06-25 19:02:58+00","-16.3322883","-71.5802783",24,0,0,0,"2581.4","39.2",12,0,"0.8",8,"0101000020E61000000645984723E551C0EB5795D8105530C0","{""1"":{},""2"":{},""4"":{},""8"":{}}","2025-06-25 19:09:18.275+00","2025-06-25 19:09:18.275+00","2025-06-25 19:09:18.275+00"
1240,"863192057915457",68,"2025-06-25 19:35:52+00","-16.3324250","-71.5803883",0,0,0,0,"2579.0","246.9",21,0,"0.6",8,"0101000020E6100000C9DEF71425E551C0705F07CE195530C0","{""1"":{},""2"":{},""4"":{},""8"":{}}","2025-06-25 19:36:10.215+00","2025-06-25 19:36:10.217+00","2025-06-25 19:36:10.217+00"
1241,"863192057915457",68,"2025-06-25 19:35:52+00","-16.3324250","-71.5803883",0,0,0,0,"2579.0","246.9",21,0,"0.6",8,"0101000020E6100000C9DEF71425E551C0705F07CE195530C0","{""1"":{},""2"":{},""4"":{},""8"":{}}","2025-06-25 19:38:11.693+00","2025-06-25 19:38:11.693+00","2025-06-25 19:38:11.693+00"
1242,"863192057915457",68,"2025-06-25 19:35:52+00","-16.3324250","-71.5803883",0,0,0,0,"2579.0","246.9",21,0,"0.6",8,"0101000020E6100000C9DEF71425E551C0705F07CE195530C0","{""1"":{},""2"":{},""4"":{},""8"":{}}","2025-06-25 19:39:04.032+00","2025-06-25 19:39:04.033+00","2025-06-25 19:39:04.033+00"
1243,"863192057915457",68,"2025-06-25 19:41:30+00","-16.3325766","-71.5802366",0,0,0,0,"2609.0","0.0",8,0,"1.3",7,"0101000020E61000004E3CB19822E551C0356A74BD235530C0","{""1"":{},""2"":{},""4"":{},""8"":{}}","2025-06-25 19:41:47.072+00","2025-06-25 19:41:47.072+00","2025-06-25 19:41:47.072+00"
1244,"863192057915457",68,"2025-06-25 19:41:35+00","-16.3325766","-71.5802366",1,0,0,0,"2609.0","0.0",8,0,"1.3",7,"0101000020E61000004E3CB19822E551C0356A74BD235530C0","{""1"":{},""2"":{},""4"":{},""8"":{}}","2025-06-25 19:41:47.106+00","2025-06-25 19:41:47.106+00","2025-06-25 19:41:47.106+00"
1245,"863192057915457",68,"2025-06-25 19:41:40+00","-16.3325766","-71.5802366",2,0,0,0,"2609.0","0.0",9,0,"1.1",7,"0101000020E61000004E3CB19822E551C0356A74BD235530C0","{""1"":{},""2"":{},""4"":{},""8"":{}}","2025-06-25 19:41:47.11+00","2025-06-25 19:41:47.111+00","2025-06-25 19:41:47.111+00"
1246,"863192057915457",68,"2025-06-25 19:41:45+00","-16.3325766","-71.5802366",3,0,0,0,"2609.0","0.0",9,0,"1.1",7,"0101000020E61000004E3CB19822E551C0356A74BD235530C0","{""1"":{},""2"":{},""4"":{},""8"":{}}","2025-06-25 19:41:47.114+00","2025-06-25 19:41:47.114+00","2025-06-25 19:41:47.114+00"
1247,"863192057915457",68,"2025-06-25 19:41:30+00","-16.3325766","-71.5802366",0,0,0,0,"2609.0","0.0",8,0,"1.3",7,"0101000020E61000004E3CB19822E551C0356A74BD235530C0","{""1"":{},""2"":{},""4"":{},""8"":{}}","2025-06-25 19:43:51.675+00","2025-06-25 19:43:51.676+00","2025-06-25 19:43:51.676+00"
1248,"863192057915457",68,"2025-06-25 19:41:35+00","-16.3325766","-71.5802366",1,0,0,0,"2609.0","0.0",8,0,"1.3",7,"0101000020E61000004E3CB19822E551C0356A74BD235530C0","{""1"":{},""2"":{},""4"":{},""8"":{}}","2025-06-25 19:43:51.713+00","2025-06-25 19:43:51.713+00","2025-06-25 19:43:51.713+00"
1249,"863192057915457",68,"2025-06-25 19:41:40+00","-16.3325766","-71.5802366",2,0,0,0,"2609.0","0.0",9,0,"1.1",7,"0101000020E61000004E3CB19822E551C0356A74BD235530C0","{""1"":{},""2"":{},""4"":{},""8"":{}}","2025-06-25 19:43:51.716+00","2025-06-25 19:43:51.717+00","2025-06-25 19:43:51.717+00"
1250,"863192057915457",68,"2025-06-25 19:41:45+00","-16.3325766","-71.5802366",3,0,0,0,"2609.0","0.0",9,0,"1.1",7,"0101000020E61000004E3CB19822E551C0356A74BD235530C0","{""1"":{},""2"":{},""4"":{},""8"":{}}","2025-06-25 19:43:51.72+00","2025-06-25 19:43:51.72+00","2025-06-25 19:43:51.72+00"
1251,"863192057915457",68,"2025-06-25 19:41:50+00","-16.3325766","-71.5802366",4,0,0,0,"2609.0","0.0",9,0,"1.1",7,"0101000020E61000004E3CB19822E551C0356A74BD235530C0","{""1"":{},""2"":{},""4"":{},""8"":{}}","2025-06-25 19:43:51.723+00","2025-06-25 19:43:51.724+00","2025-06-25 19:43:51.724+00"
1252,"863192057915457",68,"2025-06-25 19:41:55+00","-16.3325766","-71.5802366",5,0,0,0,"2609.0","0.0",9,0,"1.1",7,"0101000020E61000004E3CB19822E551C0356A74BD235530C0","{""1"":{},""2"":{},""4"":{},""8"":{}}","2025-06-25 19:43:51.728+00","2025-06-25 19:43:51.728+00","2025-06-25 19:43:51.728+00"
1253,"863192057915457",68,"2025-06-25 19:42:00+00","-16.3325766","-71.5802366",6,0,0,0,"2609.0","0.0",9,0,"1.1",7,"0101000020E61000004E3CB19822E551C0356A74BD235530C0","{""1"":{},""2"":{},""4"":{},""8"":{}}","2025-06-25 19:43:51.732+00","2025-06-25 19:43:51.732+00","2025-06-25 19:43:51.732+00"
1254,"863192057915457",68,"2025-06-25 19:42:05+00","-16.3325766","-71.5802366",7,0,0,0,"2609.0","0.0",9,0,"1.1",7,"0101000020E61000004E3CB19822E551C0356A74BD235530C0","{""1"":{},""2"":{},""4"":{},""8"":{}}","2025-06-25 19:43:51.735+00","2025-06-25 19:43:51.735+00","2025-06-25 19:43:51.735+00"
1255,"863192057915457",68,"2025-06-25 19:42:10+00","-16.3325766","-71.5802366",8,0,0,0,"2609.0","0.0",9,0,"1.1",7,"0101000020E61000004E3CB19822E551C0356A74BD235530C0","{""1"":{},""2"":{},""4"":{},""8"":{}}","2025-06-25 19:43:51.739+00","2025-06-25 19:43:51.739+00","2025-06-25 19:43:51.739+00"
1256,"863192057915457",68,"2025-06-25 19:42:15+00","-16.3325766","-71.5802366",9,0,0,0,"2609.0","0.0",9,0,"1.1",7,"0101000020E61000004E3CB19822E551C0356A74BD235530C0","{""1"":{},""2"":{},""4"":{},""8"":{}}","2025-06-25 19:43:51.742+00","2025-06-25 19:43:51.742+00","2025-06-25 19:43:51.742+00"
1257,"863192057915457",68,"2025-06-25 19:42:20+00","-16.3325766","-71.5802366",10,0,0,0,"2609.0","0.0",9,0,"1.1",7,"0101000020E61000004E3CB19822E551C0356A74BD235530C0","{""1"":{},""2"":{},""4"":{},""8"":{}}","2025-06-25 19:43:51.745+00","2025-06-25 19:43:51.745+00","2025-06-25 19:43:51.745+00"
1258,"863192057915457",68,"2025-06-25 19:42:25+00","-16.3325700","-71.5802250",11,0,0,0,"2612.5","0.0",9,0,"1.1",7,"0101000020E610000095D4096822E551C077A1B94E235530C0","{""1"":{},""2"":{},""4"":{},""8"":{}}","2025-06-25 19:43:51.748+00","2025-06-25 19:43:51.748+00","2025-06-25 19:43:51.748+00"
1259,"863192057915457",68,"2025-06-25 19:42:30+00","-16.3325700","-71.5802250",12,0,0,0,"2612.5","0.0",9,0,"1.1",7,"0101000020E610000095D4096822E551C077A1B94E235530C0","{""1"":{},""2"":{},""4"":{},""8"":{}}","2025-06-25 19:43:51.752+00","2025-06-25 19:43:51.752+00","2025-06-25 19:43:51.752+00"
1260,"863192057915457",68,"2025-06-25 19:42:35+00","-16.3325700","-71.5802250",13,0,0,0,"2612.5","0.0",9,0,"1.1",7,"0101000020E610000095D4096822E551C077A1B94E235530C0","{""1"":{},""2"":{},""4"":{},""8"":{}}","2025-06-25 19:43:51.755+00","2025-06-25 19:43:51.756+00","2025-06-25 19:43:51.756+00"
1261,"863192057915457",68,"2025-06-25 19:42:40+00","-16.3325666","-71.5802283",14,0,0,0,"2611.9","0.0",9,0,"1.0",7,"0101000020E6100000AD2DE17522E551C0EEBDAE15235530C0","{""1"":{},""2"":{},""4"":{},""8"":{}}","2025-06-25 19:43:51.759+00","2025-06-25 19:43:51.759+00","2025-06-25 19:43:51.759+00"
1262,"863192057915457",68,"2025-06-25 19:42:45+00","-16.3325616","-71.5802366",15,0,0,0,"2610.6","0.0",9,0,"1.0",7,"0101000020E61000004E3CB19822E551C0CAE7CBC1225530C0","{""1"":{},""2"":{},""4"":{},""8"":{}}","2025-06-25 19:43:51.762+00","2025-06-25 19:43:51.762+00","2025-06-25 19:43:51.762+00"
1263,"863192057915457",68,"2025-06-25 19:42:50+00","-16.3325550","-71.5802450",16,0,0,0,"2609.4","261.2",10,0,"1.0",7,"0101000020E6100000B9AAECBB22E551C00C1F1153225530C0","{""1"":{},""2"":{},""4"":{},""8"":{}}","2025-06-25 19:43:51.765+00","2025-06-25 19:43:51.765+00","2025-06-25 19:43:51.765+00"
1264,"863192057915457",68,"2025-06-25 19:42:55+00","-16.3325550","-71.5802450",17,0,0,0,"2609.4","261.2",10,0,"0.8",7,"0101000020E6100000B9AAECBB22E551C00C1F1153225530C0","{""1"":{},""2"":{},""4"":{},""8"":{}}","2025-06-25 19:43:51.768+00","2025-06-25 19:43:51.768+00","2025-06-25 19:43:51.768+00"
1265,"863192057915457",68,"2025-06-25 19:43:00+00","-16.3325500","-71.5802533",18,0,0,0,"2607.7","42.7",10,1,"0.8",7,"0101000020E610000059B9BCDE22E551C0E9482EFF215530C0","{""1"":{},""2"":{},""4"":{},""8"":{}}","2025-06-25 19:43:51.771+00","2025-06-25 19:43:51.771+00","2025-06-25 19:43:51.771+00"
1266,"863192057915457",68,"2025-06-25 19:43:05+00","-16.3325433","-71.5802566",19,0,0,0,"2607.0","64.6",10,0,"0.8",7,"0101000020E6100000711294EC22E551C00101C68E215530C0","{""1"":{},""2"":{},""4"":{},""8"":{}}","2025-06-25 19:43:51.774+00","2025-06-25 19:43:51.774+00","2025-06-25 19:43:51.774+00"
1267,"863192057915457",68,"2025-06-25 19:43:10+00","-16.3325366","-71.5802633",20,0,0,0,"2605.9","64.6",10,0,"0.8",7,"0101000020E61000006B24AE0823E551C019B95D1E215530C0","{""1"":{},""2"":{},""4"":{},""8"":{}}","2025-06-25 19:43:51.778+00","2025-06-25 19:43:51.778+00","2025-06-25 19:43:51.778+00"
1268,"863192057915457",68,"2025-06-25 19:43:15+00","-16.3325333","-71.5802700",21,0,0,0,"2605.0","223.7",10,0,"0.8",7,"0101000020E61000006536C82423E551C0BA5400E7205530C0","{""1"":{},""2"":{},""4"":{},""8"":{}}","2025-06-25 19:43:51.781+00","2025-06-25 19:43:51.781+00","2025-06-25 19:43:51.781+00"
1269,"863192057915457",68,"2025-06-25 19:43:20+00","-16.3325333","-71.5802700",22,0,0,0,"2605.0","223.7",9,0,"1.0",7,"0101000020E61000006536C82423E551C0BA5400E7205530C0","{""1"":{},""2"":{},""4"":{},""8"":{}}","2025-06-25 19:43:51.784+00","2025-06-25 19:43:51.784+00","2025-06-25 19:43:51.784+00"
1270,"863192057915457",68,"2025-06-25 19:43:25+00","-16.3325316","-71.5802733",23,0,0,0,"2604.2","223.7",9,0,"1.0",7,"0101000020E61000007D8F9F3223E551C0F5E27ACA205530C0","{""1"":{},""2"":{},""4"":{},""8"":{}}","2025-06-25 19:43:51.787+00","2025-06-25 19:43:51.787+00","2025-06-25 19:43:51.787+00"
1271,"863192057915457",68,"2025-06-25 19:43:30+00","-16.3325316","-71.5802733",24,0,0,0,"2604.2","223.7",9,0,"1.0",7,"0101000020E61000007D8F9F3223E551C0F5E27ACA205530C0","{""1"":{},""2"":{},""4"":{},""8"":{}}","2025-06-25 19:43:51.79+00","2025-06-25 19:43:51.79+00","2025-06-25 19:43:51.79+00"
1272,"863192057915457",68,"2025-06-25 19:43:35+00","-16.3325316","-71.5802766",25,0,0,0,"2603.4","223.7",10,0,"1.0",7,"0101000020E610000095E8764023E551C0F5E27ACA205530C0","{""1"":{},""2"":{},""4"":{},""8"":{}}","2025-06-25 19:43:51.793+00","2025-06-25 19:43:51.793+00","2025-06-25 19:43:51.793+00"
1273,"863192057915457",68,"2025-06-25 19:43:40+00","-16.3325316","-71.5802766",26,0,0,0,"2603.4","223.7",10,0,"1.0",7,"0101000020E610000095E8764023E551C0F5E27ACA205530C0","{""1"":{},""2"":{},""4"":{},""8"":{}}","2025-06-25 19:43:51.796+00","2025-06-25 19:43:51.796+00","2025-06-25 19:43:51.796+00"
1274,"863192057915457",68,"2025-06-25 19:43:45+00","-16.3325300","-71.5802816",27,0,0,0,"2602.7","223.7",10,0,"1.0",7,"0101000020E61000001E9E6F5523E551C05AF0A2AF205530C0","{""1"":{},""2"":{},""4"":{},""8"":{}}","2025-06-25 19:43:51.8+00","2025-06-25 19:43:51.8+00","2025-06-25 19:43:51.8+00"
1275,"863192057915457",68,"2025-06-25 19:41:30+00","-16.3325766","-71.5802366",0,0,0,0,"2609.0","0.0",8,0,"1.3",7,"0101000020E61000004E3CB19822E551C0356A74BD235530C0","{""1"":{},""2"":{},""4"":{},""8"":{}}","2025-06-25 19:45:52.035+00","2025-06-25 19:45:52.035+00","2025-06-25 19:45:52.035+00"
1276,"863192057915457",68,"2025-06-25 19:41:35+00","-16.3325766","-71.5802366",1,0,0,0,"2609.0","0.0",8,0,"1.3",7,"0101000020E61000004E3CB19822E551C0356A74BD235530C0","{""1"":{},""2"":{},""4"":{},""8"":{}}","2025-06-25 19:45:52.07+00","2025-06-25 19:45:52.07+00","2025-06-25 19:45:52.07+00"
1277,"863192057915457",68,"2025-06-25 19:41:40+00","-16.3325766","-71.5802366",2,0,0,0,"2609.0","0.0",9,0,"1.1",7,"0101000020E61000004E3CB19822E551C0356A74BD235530C0","{""1"":{},""2"":{},""4"":{},""8"":{}}","2025-06-25 19:45:52.074+00","2025-06-25 19:45:52.074+00","2025-06-25 19:45:52.074+00"
1278,"863192057915457",68,"2025-06-25 19:41:45+00","-16.3325766","-71.5802366",3,0,0,0,"2609.0","0.0",9,0,"1.1",7,"0101000020E61000004E3CB19822E551C0356A74BD235530C0","{""1"":{},""2"":{},""4"":{},""8"":{}}","2025-06-25 19:45:52.077+00","2025-06-25 19:45:52.077+00","2025-06-25 19:45:52.077+00"
1279,"863192057915457",68,"2025-06-25 19:41:50+00","-16.3325766","-71.5802366",4,0,0,0,"2609.0","0.0",9,0,"1.1",7,"0101000020E61000004E3CB19822E551C0356A74BD235530C0","{""1"":{},""2"":{},""4"":{},""8"":{}}","2025-06-25 19:45:52.084+00","2025-06-25 19:45:52.084+00","2025-06-25 19:45:52.084+00"
1280,"863192057915457",68,"2025-06-25 19:41:55+00","-16.3325766","-71.5802366",5,0,0,0,"2609.0","0.0",9,0,"1.1",7,"0101000020E61000004E3CB19822E551C0356A74BD235530C0","{""1"":{},""2"":{},""4"":{},""8"":{}}","2025-06-25 19:45:52.087+00","2025-06-25 19:45:52.087+00","2025-06-25 19:45:52.087+00"
1281,"863192057915457",68,"2025-06-25 19:42:00+00","-16.3325766","-71.5802366",6,0,0,0,"2609.0","0.0",9,0,"1.1",7,"0101000020E61000004E3CB19822E551C0356A74BD235530C0","{""1"":{},""2"":{},""4"":{},""8"":{}}","2025-06-25 19:45:52.09+00","2025-06-25 19:45:52.09+00","2025-06-25 19:45:52.09+00"
1282,"863192057915457",68,"2025-06-25 19:42:05+00","-16.3325766","-71.5802366",7,0,0,0,"2609.0","0.0",9,0,"1.1",7,"0101000020E61000004E3CB19822E551C0356A74BD235530C0","{""1"":{},""2"":{},""4"":{},""8"":{}}","2025-06-25 19:45:52.094+00","2025-06-25 19:45:52.094+00","2025-06-25 19:45:52.094+00"
1283,"863192057915457",68,"2025-06-25 19:42:10+00","-16.3325766","-71.5802366",8,0,0,0,"2609.0","0.0",9,0,"1.1",7,"0101000020E61000004E3CB19822E551C0356A74BD235530C0","{""1"":{},""2"":{},""4"":{},""8"":{}}","2025-06-25 19:45:52.097+00","2025-06-25 19:45:52.097+00","2025-06-25 19:45:52.097+00"
1284,"863192057915457",68,"2025-06-25 19:42:15+00","-16.3325766","-71.5802366",9,0,0,0,"2609.0","0.0",9,0,"1.1",7,"0101000020E61000004E3CB19822E551C0356A74BD235530C0","{""1"":{},""2"":{},""4"":{},""8"":{}}","2025-06-25 19:45:52.101+00","2025-06-25 19:45:52.101+00","2025-06-25 19:45:52.101+00"
1285,"863192057915457",68,"2025-06-25 19:42:20+00","-16.3325766","-71.5802366",10,0,0,0,"2609.0","0.0",9,0,"1.1",7,"0101000020E61000004E3CB19822E551C0356A74BD235530C0","{""1"":{},""2"":{},""4"":{},""8"":{}}","2025-06-25 19:45:52.104+00","2025-06-25 19:45:52.105+00","2025-06-25 19:45:52.105+00"
1286,"863192057915457",68,"2025-06-25 19:42:25+00","-16.3325700","-71.5802250",11,0,0,0,"2612.5","0.0",9,0,"1.1",7,"0101000020E610000095D4096822E551C077A1B94E235530C0","{""1"":{},""2"":{},""4"":{},""8"":{}}","2025-06-25 19:45:52.108+00","2025-06-25 19:45:52.108+00","2025-06-25 19:45:52.108+00"
1287,"863192057915457",68,"2025-06-25 19:42:30+00","-16.3325700","-71.5802250",12,0,0,0,"2612.5","0.0",9,0,"1.1",7,"0101000020E610000095D4096822E551C077A1B94E235530C0","{""1"":{},""2"":{},""4"":{},""8"":{}}","2025-06-25 19:45:52.111+00","2025-06-25 19:45:52.111+00","2025-06-25 19:45:52.111+00"
1288,"863192057915457",68,"2025-06-25 19:42:35+00","-16.3325700","-71.5802250",13,0,0,0,"2612.5","0.0",9,0,"1.1",7,"0101000020E610000095D4096822E551C077A1B94E235530C0","{""1"":{},""2"":{},""4"":{},""8"":{}}","2025-06-25 19:45:52.115+00","2025-06-25 19:45:52.115+00","2025-06-25 19:45:52.115+00"
1289,"863192057915457",68,"2025-06-25 19:42:40+00","-16.3325666","-71.5802283",14,0,0,0,"2611.9","0.0",9,0,"1.0",7,"0101000020E6100000AD2DE17522E551C0EEBDAE15235530C0","{""1"":{},""2"":{},""4"":{},""8"":{}}","2025-06-25 19:45:52.118+00","2025-06-25 19:45:52.118+00","2025-06-25 19:45:52.118+00"
1290,"863192057915457",68,"2025-06-25 19:42:45+00","-16.3325616","-71.5802366",15,0,0,0,"2610.6","0.0",9,0,"1.0",7,"0101000020E61000004E3CB19822E551C0CAE7CBC1225530C0","{""1"":{},""2"":{},""4"":{},""8"":{}}","2025-06-25 19:45:52.122+00","2025-06-25 19:45:52.122+00","2025-06-25 19:45:52.122+00"
1291,"863192057915457",68,"2025-06-25 19:42:50+00","-16.3325550","-71.5802450",16,0,0,0,"2609.4","261.2",10,0,"1.0",7,"0101000020E6100000B9AAECBB22E551C00C1F1153225530C0","{""1"":{},""2"":{},""4"":{},""8"":{}}","2025-06-25 19:45:52.124+00","2025-06-25 19:45:52.125+00","2025-06-25 19:45:52.125+00"
1292,"863192057915457",68,"2025-06-25 19:42:55+00","-16.3325550","-71.5802450",17,0,0,0,"2609.4","261.2",10,0,"0.8",7,"0101000020E6100000B9AAECBB22E551C00C1F1153225530C0","{""1"":{},""2"":{},""4"":{},""8"":{}}","2025-06-25 19:45:52.128+00","2025-06-25 19:45:52.128+00","2025-06-25 19:45:52.128+00"
1293,"863192057915457",68,"2025-06-25 19:43:00+00","-16.3325500","-71.5802533",18,0,0,0,"2607.7","42.7",10,1,"0.8",7,"0101000020E610000059B9BCDE22E551C0E9482EFF215530C0","{""1"":{},""2"":{},""4"":{},""8"":{}}","2025-06-25 19:45:52.131+00","2025-06-25 19:45:52.131+00","2025-06-25 19:45:52.131+00"
1294,"863192057915457",68,"2025-06-25 19:43:05+00","-16.3325433","-71.5802566",19,0,0,0,"2607.0","64.6",10,0,"0.8",7,"0101000020E6100000711294EC22E551C00101C68E215530C0","{""1"":{},""2"":{},""4"":{},""8"":{}}","2025-06-25 19:45:52.134+00","2025-06-25 19:45:52.134+00","2025-06-25 19:45:52.134+00"
1295,"863192057915457",68,"2025-06-25 19:43:10+00","-16.3325366","-71.5802633",20,0,0,0,"2605.9","64.6",10,0,"0.8",7,"0101000020E61000006B24AE0823E551C019B95D1E215530C0","{""1"":{},""2"":{},""4"":{},""8"":{}}","2025-06-25 19:45:52.138+00","2025-06-25 19:45:52.139+00","2025-06-25 19:45:52.139+00"
1296,"863192057915457",68,"2025-06-25 19:43:15+00","-16.3325333","-71.5802700",21,0,0,0,"2605.0","223.7",10,0,"0.8",7,"0101000020E61000006536C82423E551C0BA5400E7205530C0","{""1"":{},""2"":{},""4"":{},""8"":{}}","2025-06-25 19:45:52.143+00","2025-06-25 19:45:52.143+00","2025-06-25 19:45:52.143+00"
1297,"863192057915457",68,"2025-06-25 19:43:20+00","-16.3325333","-71.5802700",22,0,0,0,"2605.0","223.7",9,0,"1.0",7,"0101000020E61000006536C82423E551C0BA5400E7205530C0","{""1"":{},""2"":{},""4"":{},""8"":{}}","2025-06-25 19:45:52.146+00","2025-06-25 19:45:52.146+00","2025-06-25 19:45:52.146+00"
1298,"863192057915457",68,"2025-06-25 19:43:25+00","-16.3325316","-71.5802733",23,0,0,0,"2604.2","223.7",9,0,"1.0",7,"0101000020E61000007D8F9F3223E551C0F5E27ACA205530C0","{""1"":{},""2"":{},""4"":{},""8"":{}}","2025-06-25 19:45:52.149+00","2025-06-25 19:45:52.15+00","2025-06-25 19:45:52.15+00"
1299,"863192057915457",68,"2025-06-25 19:43:30+00","-16.3325316","-71.5802733",24,0,0,0,"2604.2","223.7",9,0,"1.0",7,"0101000020E61000007D8F9F3223E551C0F5E27ACA205530C0","{""1"":{},""2"":{},""4"":{},""8"":{}}","2025-06-25 19:45:52.152+00","2025-06-25 19:45:52.152+00","2025-06-25 19:45:52.152+00"
1300,"863192057915457",68,"2025-06-25 19:43:35+00","-16.3325316","-71.5802766",25,0,0,0,"2603.4","223.7",10,0,"1.0",7,"0101000020E610000095E8764023E551C0F5E27ACA205530C0","{""1"":{},""2"":{},""4"":{},""8"":{}}","2025-06-25 19:45:52.158+00","2025-06-25 19:45:52.158+00","2025-06-25 19:45:52.158+00"
1301,"863192057915457",68,"2025-06-25 19:43:40+00","-16.3325316","-71.5802766",26,0,0,0,"2603.4","223.7",10,0,"1.0",7,"0101000020E610000095E8764023E551C0F5E27ACA205530C0","{""1"":{},""2"":{},""4"":{},""8"":{}}","2025-06-25 19:45:52.163+00","2025-06-25 19:45:52.164+00","2025-06-25 19:45:52.164+00"
1302,"863192057915457",68,"2025-06-25 19:43:45+00","-16.3325300","-71.5802816",27,0,0,0,"2602.7","223.7",10,0,"1.0",7,"0101000020E61000001E9E6F5523E551C05AF0A2AF205530C0","{""1"":{},""2"":{},""4"":{},""8"":{}}","2025-06-25 19:45:52.17+00","2025-06-25 19:45:52.17+00","2025-06-25 19:45:52.17+00"
1303,"863192057915457",68,"2025-06-25 19:43:50+00","-16.3325283","-71.5802850",28,0,0,0,"2602.1","223.7",11,0,"0.9",7,"0101000020E61000000057B26323E551C0967E1D93205530C0","{""1"":{},""2"":{},""4"":{},""8"":{}}","2025-06-25 19:45:52.173+00","2025-06-25 19:45:52.173+00","2025-06-25 19:45:52.173+00"
1304,"863192057915457",68,"2025-06-25 19:43:55+00","-16.3325283","-71.5802850",29,0,0,0,"2602.1","223.7",11,0,"0.9",7,"0101000020E61000000057B26323E551C0967E1D93205530C0","{""1"":{},""2"":{},""4"":{},""8"":{}}","2025-06-25 19:45:52.177+00","2025-06-25 19:45:52.177+00","2025-06-25 19:45:52.177+00"
1305,"863192057915457",68,"2025-06-25 19:41:30+00","-16.3325766","-71.5802366",0,0,0,0,"2609.0","0.0",8,0,"1.3",7,"0101000020E61000004E3CB19822E551C0356A74BD235530C0","{""1"":{},""2"":{},""4"":{},""8"":{}}","2025-06-25 19:47:54.573+00","2025-06-25 19:47:54.573+00","2025-06-25 19:47:54.573+00"
1306,"863192057915457",68,"2025-06-25 19:41:35+00","-16.3325766","-71.5802366",1,0,0,0,"2609.0","0.0",8,0,"1.3",7,"0101000020E61000004E3CB19822E551C0356A74BD235530C0","{""1"":{},""2"":{},""4"":{},""8"":{}}","2025-06-25 19:47:54.601+00","2025-06-25 19:47:54.602+00","2025-06-25 19:47:54.602+00"
1307,"863192057915457",68,"2025-06-25 19:41:40+00","-16.3325766","-71.5802366",2,0,0,0,"2609.0","0.0",9,0,"1.1",7,"0101000020E61000004E3CB19822E551C0356A74BD235530C0","{""1"":{},""2"":{},""4"":{},""8"":{}}","2025-06-25 19:47:54.606+00","2025-06-25 19:47:54.606+00","2025-06-25 19:47:54.606+00"
1308,"863192057915457",68,"2025-06-25 19:41:45+00","-16.3325766","-71.5802366",3,0,0,0,"2609.0","0.0",9,0,"1.1",7,"0101000020E61000004E3CB19822E551C0356A74BD235530C0","{""1"":{},""2"":{},""4"":{},""8"":{}}","2025-06-25 19:47:54.609+00","2025-06-25 19:47:54.61+00","2025-06-25 19:47:54.61+00"
1309,"863192057915457",68,"2025-06-25 19:41:50+00","-16.3325766","-71.5802366",4,0,0,0,"2609.0","0.0",9,0,"1.1",7,"0101000020E61000004E3CB19822E551C0356A74BD235530C0","{""1"":{},""2"":{},""4"":{},""8"":{}}","2025-06-25 19:47:54.613+00","2025-06-25 19:47:54.614+00","2025-06-25 19:47:54.614+00"
1310,"863192057915457",68,"2025-06-25 19:41:55+00","-16.3325766","-71.5802366",5,0,0,0,"2609.0","0.0",9,0,"1.1",7,"0101000020E61000004E3CB19822E551C0356A74BD235530C0","{""1"":{},""2"":{},""4"":{},""8"":{}}","2025-06-25 19:47:54.618+00","2025-06-25 19:47:54.618+00","2025-06-25 19:47:54.618+00"
1311,"863192057915457",68,"2025-06-25 19:42:00+00","-16.3325766","-71.5802366",6,0,0,0,"2609.0","0.0",9,0,"1.1",7,"0101000020E61000004E3CB19822E551C0356A74BD235530C0","{""1"":{},""2"":{},""4"":{},""8"":{}}","2025-06-25 19:47:54.622+00","2025-06-25 19:47:54.622+00","2025-06-25 19:47:54.622+00"
1312,"863192057915457",68,"2025-06-25 19:42:05+00","-16.3325766","-71.5802366",7,0,0,0,"2609.0","0.0",9,0,"1.1",7,"0101000020E61000004E3CB19822E551C0356A74BD235530C0","{""1"":{},""2"":{},""4"":{},""8"":{}}","2025-06-25 19:47:54.625+00","2025-06-25 19:47:54.625+00","2025-06-25 19:47:54.625+00"
1313,"863192057915457",68,"2025-06-25 19:42:10+00","-16.3325766","-71.5802366",8,0,0,0,"2609.0","0.0",9,0,"1.1",7,"0101000020E61000004E3CB19822E551C0356A74BD235530C0","{""1"":{},""2"":{},""4"":{},""8"":{}}","2025-06-25 19:47:54.629+00","2025-06-25 19:47:54.63+00","2025-06-25 19:47:54.63+00"
1314,"863192057915457",68,"2025-06-25 19:42:15+00","-16.3325766","-71.5802366",9,0,0,0,"2609.0","0.0",9,0,"1.1",7,"0101000020E61000004E3CB19822E551C0356A74BD235530C0","{""1"":{},""2"":{},""4"":{},""8"":{}}","2025-06-25 19:47:54.633+00","2025-06-25 19:47:54.633+00","2025-06-25 19:47:54.633+00"
1315,"863192057915457",68,"2025-06-25 19:42:20+00","-16.3325766","-71.5802366",10,0,0,0,"2609.0","0.0",9,0,"1.1",7,"0101000020E61000004E3CB19822E551C0356A74BD235530C0","{""1"":{},""2"":{},""4"":{},""8"":{}}","2025-06-25 19:47:54.636+00","2025-06-25 19:47:54.636+00","2025-06-25 19:47:54.636+00"
1316,"863192057915457",68,"2025-06-25 19:42:25+00","-16.3325700","-71.5802250",11,0,0,0,"2612.5","0.0",9,0,"1.1",7,"0101000020E610000095D4096822E551C077A1B94E235530C0","{""1"":{},""2"":{},""4"":{},""8"":{}}","2025-06-25 19:47:54.639+00","2025-06-25 19:47:54.639+00","2025-06-25 19:47:54.639+00"
1317,"863192057915457",68,"2025-06-25 19:42:30+00","-16.3325700","-71.5802250",12,0,0,0,"2612.5","0.0",9,0,"1.1",7,"0101000020E610000095D4096822E551C077A1B94E235530C0","{""1"":{},""2"":{},""4"":{},""8"":{}}","2025-06-25 19:47:54.642+00","2025-06-25 19:47:54.642+00","2025-06-25 19:47:54.642+00"
1318,"863192057915457",68,"2025-06-25 19:42:35+00","-16.3325700","-71.5802250",13,0,0,0,"2612.5","0.0",9,0,"1.1",7,"0101000020E610000095D4096822E551C077A1B94E235530C0","{""1"":{},""2"":{},""4"":{},""8"":{}}","2025-06-25 19:47:54.645+00","2025-06-25 19:47:54.645+00","2025-06-25 19:47:54.645+00"
1319,"863192057915457",68,"2025-06-25 19:42:40+00","-16.3325666","-71.5802283",14,0,0,0,"2611.9","0.0",9,0,"1.0",7,"0101000020E6100000AD2DE17522E551C0EEBDAE15235530C0","{""1"":{},""2"":{},""4"":{},""8"":{}}","2025-06-25 19:47:54.648+00","2025-06-25 19:47:54.648+00","2025-06-25 19:47:54.648+00"
1320,"863192057915457",68,"2025-06-25 19:42:45+00","-16.3325616","-71.5802366",15,0,0,0,"2610.6","0.0",9,0,"1.0",7,"0101000020E61000004E3CB19822E551C0CAE7CBC1225530C0","{""1"":{},""2"":{},""4"":{},""8"":{}}","2025-06-25 19:47:54.65+00","2025-06-25 19:47:54.65+00","2025-06-25 19:47:54.65+00"
1321,"863192057915457",68,"2025-06-25 19:42:50+00","-16.3325550","-71.5802450",16,0,0,0,"2609.4","261.2",10,0,"1.0",7,"0101000020E6100000B9AAECBB22E551C00C1F1153225530C0","{""1"":{},""2"":{},""4"":{},""8"":{}}","2025-06-25 19:47:54.654+00","2025-06-25 19:47:54.654+00","2025-06-25 19:47:54.654+00"
1322,"863192057915457",68,"2025-06-25 19:42:55+00","-16.3325550","-71.5802450",17,0,0,0,"2609.4","261.2",10,0,"0.8",7,"0101000020E6100000B9AAECBB22E551C00C1F1153225530C0","{""1"":{},""2"":{},""4"":{},""8"":{}}","2025-06-25 19:47:54.657+00","2025-06-25 19:47:54.657+00","2025-06-25 19:47:54.657+00"
1323,"863192057915457",68,"2025-06-25 19:43:00+00","-16.3325500","-71.5802533",18,0,0,0,"2607.7","42.7",10,1,"0.8",7,"0101000020E610000059B9BCDE22E551C0E9482EFF215530C0","{""1"":{},""2"":{},""4"":{},""8"":{}}","2025-06-25 19:47:54.66+00","2025-06-25 19:47:54.66+00","2025-06-25 19:47:54.66+00"
1324,"863192057915457",68,"2025-06-25 19:43:05+00","-16.3325433","-71.5802566",19,0,0,0,"2607.0","64.6",10,0,"0.8",7,"0101000020E6100000711294EC22E551C00101C68E215530C0","{""1"":{},""2"":{},""4"":{},""8"":{}}","2025-06-25 19:47:54.664+00","2025-06-25 19:47:54.664+00","2025-06-25 19:47:54.664+00"
1325,"863192057915457",68,"2025-06-25 19:43:10+00","-16.3325366","-71.5802633",20,0,0,0,"2605.9","64.6",10,0,"0.8",7,"0101000020E61000006B24AE0823E551C019B95D1E215530C0","{""1"":{},""2"":{},""4"":{},""8"":{}}","2025-06-25 19:47:54.671+00","2025-06-25 19:47:54.671+00","2025-06-25 19:47:54.671+00"
1326,"863192057915457",68,"2025-06-25 19:43:15+00","-16.3325333","-71.5802700",21,0,0,0,"2605.0","223.7",10,0,"0.8",7,"0101000020E61000006536C82423E551C0BA5400E7205530C0","{""1"":{},""2"":{},""4"":{},""8"":{}}","2025-06-25 19:47:54.678+00","2025-06-25 19:47:54.678+00","2025-06-25 19:47:54.678+00"
1327,"863192057915457",68,"2025-06-25 19:43:20+00","-16.3325333","-71.5802700",22,0,0,0,"2605.0","223.7",9,0,"1.0",7,"0101000020E61000006536C82423E551C0BA5400E7205530C0","{""1"":{},""2"":{},""4"":{},""8"":{}}","2025-06-25 19:47:54.681+00","2025-06-25 19:47:54.681+00","2025-06-25 19:47:54.681+00"
1328,"863192057915457",68,"2025-06-25 19:43:25+00","-16.3325316","-71.5802733",23,0,0,0,"2604.2","223.7",9,0,"1.0",7,"0101000020E61000007D8F9F3223E551C0F5E27ACA205530C0","{""1"":{},""2"":{},""4"":{},""8"":{}}","2025-06-25 19:47:54.685+00","2025-06-25 19:47:54.685+00","2025-06-25 19:47:54.685+00"
1329,"863192057915457",68,"2025-06-25 19:43:30+00","-16.3325316","-71.5802733",24,0,0,0,"2604.2","223.7",9,0,"1.0",7,"0101000020E61000007D8F9F3223E551C0F5E27ACA205530C0","{""1"":{},""2"":{},""4"":{},""8"":{}}","2025-06-25 19:47:54.688+00","2025-06-25 19:47:54.688+00","2025-06-25 19:47:54.688+00"
1330,"863192057915457",68,"2025-06-25 19:43:35+00","-16.3325316","-71.5802766",25,0,0,0,"2603.4","223.7",10,0,"1.0",7,"0101000020E610000095E8764023E551C0F5E27ACA205530C0","{""1"":{},""2"":{},""4"":{},""8"":{}}","2025-06-25 19:47:54.691+00","2025-06-25 19:47:54.691+00","2025-06-25 19:47:54.691+00"
1331,"863192057915457",68,"2025-06-25 19:43:40+00","-16.3325316","-71.5802766",26,0,0,0,"2603.4","223.7",10,0,"1.0",7,"0101000020E610000095E8764023E551C0F5E27ACA205530C0","{""1"":{},""2"":{},""4"":{},""8"":{}}","2025-06-25 19:47:54.694+00","2025-06-25 19:47:54.694+00","2025-06-25 19:47:54.694+00"
1332,"863192057915457",68,"2025-06-25 19:43:45+00","-16.3325300","-71.5802816",27,0,0,0,"2602.7","223.7",10,0,"1.0",7,"0101000020E61000001E9E6F5523E551C05AF0A2AF205530C0","{""1"":{},""2"":{},""4"":{},""8"":{}}","2025-06-25 19:47:54.696+00","2025-06-25 19:47:54.696+00","2025-06-25 19:47:54.696+00"
1333,"863192057915457",68,"2025-06-25 19:43:50+00","-16.3325283","-71.5802850",28,0,0,0,"2602.1","223.7",11,0,"0.9",7,"0101000020E61000000057B26323E551C0967E1D93205530C0","{""1"":{},""2"":{},""4"":{},""8"":{}}","2025-06-25 19:47:54.699+00","2025-06-25 19:47:54.699+00","2025-06-25 19:47:54.699+00"
1334,"863192057915457",68,"2025-06-25 19:43:55+00","-16.3325283","-71.5802850",29,0,0,0,"2602.1","223.7",11,0,"0.9",7,"0101000020E61000000057B26323E551C0967E1D93205530C0","{""1"":{},""2"":{},""4"":{},""8"":{}}","2025-06-25 19:47:54.702+00","2025-06-25 19:47:54.702+00","2025-06-25 19:47:54.702+00"
1335,"863192057915457",68,"2025-06-25 19:41:30+00","-16.3325766","-71.5802366",0,0,0,0,"2609.0","0.0",8,0,"1.3",7,"0101000020E61000004E3CB19822E551C0356A74BD235530C0","{""1"":{},""2"":{},""4"":{},""8"":{}}","2025-06-25 19:49:56.032+00","2025-06-25 19:49:56.032+00","2025-06-25 19:49:56.032+00"
1336,"863192057915457",68,"2025-06-25 19:41:35+00","-16.3325766","-71.5802366",1,0,0,0,"2609.0","0.0",8,0,"1.3",7,"0101000020E61000004E3CB19822E551C0356A74BD235530C0","{""1"":{},""2"":{},""4"":{},""8"":{}}","2025-06-25 19:49:56.074+00","2025-06-25 19:49:56.074+00","2025-06-25 19:49:56.074+00"
1337,"863192057915457",68,"2025-06-25 19:41:40+00","-16.3325766","-71.5802366",2,0,0,0,"2609.0","0.0",9,0,"1.1",7,"0101000020E61000004E3CB19822E551C0356A74BD235530C0","{""1"":{},""2"":{},""4"":{},""8"":{}}","2025-06-25 19:49:56.079+00","2025-06-25 19:49:56.079+00","2025-06-25 19:49:56.079+00"
1338,"863192057915457",68,"2025-06-25 19:41:45+00","-16.3325766","-71.5802366",3,0,0,0,"2609.0","0.0",9,0,"1.1",7,"0101000020E61000004E3CB19822E551C0356A74BD235530C0","{""1"":{},""2"":{},""4"":{},""8"":{}}","2025-06-25 19:49:56.083+00","2025-06-25 19:49:56.083+00","2025-06-25 19:49:56.083+00"
1339,"863192057915457",68,"2025-06-25 19:41:50+00","-16.3325766","-71.5802366",4,0,0,0,"2609.0","0.0",9,0,"1.1",7,"0101000020E61000004E3CB19822E551C0356A74BD235530C0","{""1"":{},""2"":{},""4"":{},""8"":{}}","2025-06-25 19:49:56.087+00","2025-06-25 19:49:56.088+00","2025-06-25 19:49:56.088+00"
1340,"863192057915457",68,"2025-06-25 19:41:55+00","-16.3325766","-71.5802366",5,0,0,0,"2609.0","0.0",9,0,"1.1",7,"0101000020E61000004E3CB19822E551C0356A74BD235530C0","{""1"":{},""2"":{},""4"":{},""8"":{}}","2025-06-25 19:49:56.091+00","2025-06-25 19:49:56.091+00","2025-06-25 19:49:56.091+00"
1341,"863192057915457",68,"2025-06-25 19:42:00+00","-16.3325766","-71.5802366",6,0,0,0,"2609.0","0.0",9,0,"1.1",7,"0101000020E61000004E3CB19822E551C0356A74BD235530C0","{""1"":{},""2"":{},""4"":{},""8"":{}}","2025-06-25 19:49:56.095+00","2025-06-25 19:49:56.095+00","2025-06-25 19:49:56.095+00"
1342,"863192057915457",68,"2025-06-25 19:42:05+00","-16.3325766","-71.5802366",7,0,0,0,"2609.0","0.0",9,0,"1.1",7,"0101000020E61000004E3CB19822E551C0356A74BD235530C0","{""1"":{},""2"":{},""4"":{},""8"":{}}","2025-06-25 19:49:56.099+00","2025-06-25 19:49:56.099+00","2025-06-25 19:49:56.099+00"
1343,"863192057915457",68,"2025-06-25 19:42:10+00","-16.3325766","-71.5802366",8,0,0,0,"2609.0","0.0",9,0,"1.1",7,"0101000020E61000004E3CB19822E551C0356A74BD235530C0","{""1"":{},""2"":{},""4"":{},""8"":{}}","2025-06-25 19:49:56.102+00","2025-06-25 19:49:56.102+00","2025-06-25 19:49:56.102+00"
1344,"863192057915457",68,"2025-06-25 19:42:15+00","-16.3325766","-71.5802366",9,0,0,0,"2609.0","0.0",9,0,"1.1",7,"0101000020E61000004E3CB19822E551C0356A74BD235530C0","{""1"":{},""2"":{},""4"":{},""8"":{}}","2025-06-25 19:49:56.105+00","2025-06-25 19:49:56.105+00","2025-06-25 19:49:56.105+00"
1345,"863192057915457",68,"2025-06-25 19:42:20+00","-16.3325766","-71.5802366",10,0,0,0,"2609.0","0.0",9,0,"1.1",7,"0101000020E61000004E3CB19822E551C0356A74BD235530C0","{""1"":{},""2"":{},""4"":{},""8"":{}}","2025-06-25 19:49:56.109+00","2025-06-25 19:49:56.11+00","2025-06-25 19:49:56.11+00"
1346,"863192057915457",68,"2025-06-25 19:42:25+00","-16.3325700","-71.5802250",11,0,0,0,"2612.5","0.0",9,0,"1.1",7,"0101000020E610000095D4096822E551C077A1B94E235530C0","{""1"":{},""2"":{},""4"":{},""8"":{}}","2025-06-25 19:49:56.113+00","2025-06-25 19:49:56.113+00","2025-06-25 19:49:56.113+00"
1347,"863192057915457",68,"2025-06-25 19:42:30+00","-16.3325700","-71.5802250",12,0,0,0,"2612.5","0.0",9,0,"1.1",7,"0101000020E610000095D4096822E551C077A1B94E235530C0","{""1"":{},""2"":{},""4"":{},""8"":{}}","2025-06-25 19:49:56.116+00","2025-06-25 19:49:56.116+00","2025-06-25 19:49:56.116+00"
1348,"863192057915457",68,"2025-06-25 19:42:35+00","-16.3325700","-71.5802250",13,0,0,0,"2612.5","0.0",9,0,"1.1",7,"0101000020E610000095D4096822E551C077A1B94E235530C0","{""1"":{},""2"":{},""4"":{},""8"":{}}","2025-06-25 19:49:56.118+00","2025-06-25 19:49:56.119+00","2025-06-25 19:49:56.119+00"
1349,"863192057915457",68,"2025-06-25 19:42:40+00","-16.3325666","-71.5802283",14,0,0,0,"2611.9","0.0",9,0,"1.0",7,"0101000020E6100000AD2DE17522E551C0EEBDAE15235530C0","{""1"":{},""2"":{},""4"":{},""8"":{}}","2025-06-25 19:49:56.121+00","2025-06-25 19:49:56.122+00","2025-06-25 19:49:56.122+00"
1350,"863192057915457",68,"2025-06-25 19:42:45+00","-16.3325616","-71.5802366",15,0,0,0,"2610.6","0.0",9,0,"1.0",7,"0101000020E61000004E3CB19822E551C0CAE7CBC1225530C0","{""1"":{},""2"":{},""4"":{},""8"":{}}","2025-06-25 19:49:56.125+00","2025-06-25 19:49:56.125+00","2025-06-25 19:49:56.125+00"
1351,"863192057915457",68,"2025-06-25 19:42:50+00","-16.3325550","-71.5802450",16,0,0,0,"2609.4","261.2",10,0,"1.0",7,"0101000020E6100000B9AAECBB22E551C00C1F1153225530C0","{""1"":{},""2"":{},""4"":{},""8"":{}}","2025-06-25 19:49:56.128+00","2025-06-25 19:49:56.128+00","2025-06-25 19:49:56.128+00"
1352,"863192057915457",68,"2025-06-25 19:42:55+00","-16.3325550","-71.5802450",17,0,0,0,"2609.4","261.2",10,0,"0.8",7,"0101000020E6100000B9AAECBB22E551C00C1F1153225530C0","{""1"":{},""2"":{},""4"":{},""8"":{}}","2025-06-25 19:49:56.131+00","2025-06-25 19:49:56.131+00","2025-06-25 19:49:56.131+00"
1353,"863192057915457",68,"2025-06-25 19:43:00+00","-16.3325500","-71.5802533",18,0,0,0,"2607.7","42.7",10,1,"0.8",7,"0101000020E610000059B9BCDE22E551C0E9482EFF215530C0","{""1"":{},""2"":{},""4"":{},""8"":{}}","2025-06-25 19:49:56.135+00","2025-06-25 19:49:56.135+00","2025-06-25 19:49:56.135+00"
1354,"863192057915457",68,"2025-06-25 19:43:05+00","-16.3325433","-71.5802566",19,0,0,0,"2607.0","64.6",10,0,"0.8",7,"0101000020E6100000711294EC22E551C00101C68E215530C0","{""1"":{},""2"":{},""4"":{},""8"":{}}","2025-06-25 19:49:56.143+00","2025-06-25 19:49:56.143+00","2025-06-25 19:49:56.143+00"
1355,"863192057915457",68,"2025-06-25 19:43:10+00","-16.3325366","-71.5802633",20,0,0,0,"2605.9","64.6",10,0,"0.8",7,"0101000020E61000006B24AE0823E551C019B95D1E215530C0","{""1"":{},""2"":{},""4"":{},""8"":{}}","2025-06-25 19:49:56.148+00","2025-06-25 19:49:56.148+00","2025-06-25 19:49:56.148+00"
1356,"863192057915457",68,"2025-06-25 19:43:15+00","-16.3325333","-71.5802700",21,0,0,0,"2605.0","223.7",10,0,"0.8",7,"0101000020E61000006536C82423E551C0BA5400E7205530C0","{""1"":{},""2"":{},""4"":{},""8"":{}}","2025-06-25 19:49:56.152+00","2025-06-25 19:49:56.152+00","2025-06-25 19:49:56.152+00"
1357,"863192057915457",68,"2025-06-25 19:43:20+00","-16.3325333","-71.5802700",22,0,0,0,"2605.0","223.7",9,0,"1.0",7,"0101000020E61000006536C82423E551C0BA5400E7205530C0","{""1"":{},""2"":{},""4"":{},""8"":{}}","2025-06-25 19:49:56.159+00","2025-06-25 19:49:56.159+00","2025-06-25 19:49:56.159+00"
1358,"863192057915457",68,"2025-06-25 19:43:25+00","-16.3325316","-71.5802733",23,0,0,0,"2604.2","223.7",9,0,"1.0",7,"0101000020E61000007D8F9F3223E551C0F5E27ACA205530C0","{""1"":{},""2"":{},""4"":{},""8"":{}}","2025-06-25 19:49:56.164+00","2025-06-25 19:49:56.165+00","2025-06-25 19:49:56.165+00"
1359,"863192057915457",68,"2025-06-25 19:43:30+00","-16.3325316","-71.5802733",24,0,0,0,"2604.2","223.7",9,0,"1.0",7,"0101000020E61000007D8F9F3223E551C0F5E27ACA205530C0","{""1"":{},""2"":{},""4"":{},""8"":{}}","2025-06-25 19:49:56.168+00","2025-06-25 19:49:56.168+00","2025-06-25 19:49:56.168+00"
1360,"863192057915457",68,"2025-06-25 19:43:35+00","-16.3325316","-71.5802766",25,0,0,0,"2603.4","223.7",10,0,"1.0",7,"0101000020E610000095E8764023E551C0F5E27ACA205530C0","{""1"":{},""2"":{},""4"":{},""8"":{}}","2025-06-25 19:49:56.172+00","2025-06-25 19:49:56.172+00","2025-06-25 19:49:56.172+00"
1361,"863192057915457",68,"2025-06-25 19:43:40+00","-16.3325316","-71.5802766",26,0,0,0,"2603.4","223.7",10,0,"1.0",7,"0101000020E610000095E8764023E551C0F5E27ACA205530C0","{""1"":{},""2"":{},""4"":{},""8"":{}}","2025-06-25 19:49:56.174+00","2025-06-25 19:49:56.174+00","2025-06-25 19:49:56.174+00"
1362,"863192057915457",68,"2025-06-25 19:43:45+00","-16.3325300","-71.5802816",27,0,0,0,"2602.7","223.7",10,0,"1.0",7,"0101000020E61000001E9E6F5523E551C05AF0A2AF205530C0","{""1"":{},""2"":{},""4"":{},""8"":{}}","2025-06-25 19:49:56.177+00","2025-06-25 19:49:56.177+00","2025-06-25 19:49:56.177+00"
1363,"863192057915457",68,"2025-06-25 19:43:50+00","-16.3325283","-71.5802850",28,0,0,0,"2602.1","223.7",11,0,"0.9",7,"0101000020E61000000057B26323E551C0967E1D93205530C0","{""1"":{},""2"":{},""4"":{},""8"":{}}","2025-06-25 19:49:56.18+00","2025-06-25 19:49:56.18+00","2025-06-25 19:49:56.18+00"
1364,"863192057915457",68,"2025-06-25 19:43:55+00","-16.3325283","-71.5802850",29,0,0,0,"2602.1","223.7",11,0,"0.9",7,"0101000020E61000000057B26323E551C0967E1D93205530C0","{""1"":{},""2"":{},""4"":{},""8"":{}}","2025-06-25 19:49:56.183+00","2025-06-25 19:49:56.183+00","2025-06-25 19:49:56.183+00"
1365,"863192057915457",68,"2025-06-25 19:41:30+00","-16.3325766","-71.5802366",0,0,0,0,"2609.0","0.0",8,0,"1.3",7,"0101000020E61000004E3CB19822E551C0356A74BD235530C0","{""1"":{},""2"":{},""4"":{},""8"":{}}","2025-06-25 19:52:32.594+00","2025-06-25 19:52:32.595+00","2025-06-25 19:52:32.595+00"
1366,"863192057915457",68,"2025-06-25 19:41:35+00","-16.3325766","-71.5802366",1,0,0,0,"2609.0","0.0",8,0,"1.3",7,"0101000020E61000004E3CB19822E551C0356A74BD235530C0","{""1"":{},""2"":{},""4"":{},""8"":{}}","2025-06-25 19:52:32.626+00","2025-06-25 19:52:32.626+00","2025-06-25 19:52:32.626+00"
1367,"863192057915457",68,"2025-06-25 19:41:40+00","-16.3325766","-71.5802366",2,0,0,0,"2609.0","0.0",9,0,"1.1",7,"0101000020E61000004E3CB19822E551C0356A74BD235530C0","{""1"":{},""2"":{},""4"":{},""8"":{}}","2025-06-25 19:52:32.629+00","2025-06-25 19:52:32.629+00","2025-06-25 19:52:32.629+00"
1368,"863192057915457",68,"2025-06-25 19:41:45+00","-16.3325766","-71.5802366",3,0,0,0,"2609.0","0.0",9,0,"1.1",7,"0101000020E61000004E3CB19822E551C0356A74BD235530C0","{""1"":{},""2"":{},""4"":{},""8"":{}}","2025-06-25 19:52:32.632+00","2025-06-25 19:52:32.632+00","2025-06-25 19:52:32.632+00"
1369,"863192057915457",68,"2025-06-25 19:41:50+00","-16.3325766","-71.5802366",4,0,0,0,"2609.0","0.0",9,0,"1.1",7,"0101000020E61000004E3CB19822E551C0356A74BD235530C0","{""1"":{},""2"":{},""4"":{},""8"":{}}","2025-06-25 19:52:32.635+00","2025-06-25 19:52:32.635+00","2025-06-25 19:52:32.635+00"
1370,"863192057915457",68,"2025-06-25 19:41:55+00","-16.3325766","-71.5802366",5,0,0,0,"2609.0","0.0",9,0,"1.1",7,"0101000020E61000004E3CB19822E551C0356A74BD235530C0","{""1"":{},""2"":{},""4"":{},""8"":{}}","2025-06-25 19:52:32.638+00","2025-06-25 19:52:32.638+00","2025-06-25 19:52:32.638+00"
1371,"863192057915457",68,"2025-06-25 19:42:00+00","-16.3325766","-71.5802366",6,0,0,0,"2609.0","0.0",9,0,"1.1",7,"0101000020E61000004E3CB19822E551C0356A74BD235530C0","{""1"":{},""2"":{},""4"":{},""8"":{}}","2025-06-25 19:52:32.642+00","2025-06-25 19:52:32.642+00","2025-06-25 19:52:32.642+00"
1372,"863192057915457",68,"2025-06-25 19:42:05+00","-16.3325766","-71.5802366",7,0,0,0,"2609.0","0.0",9,0,"1.1",7,"0101000020E61000004E3CB19822E551C0356A74BD235530C0","{""1"":{},""2"":{},""4"":{},""8"":{}}","2025-06-25 19:52:32.645+00","2025-06-25 19:52:32.646+00","2025-06-25 19:52:32.646+00"
1373,"863192057915457",68,"2025-06-25 19:42:10+00","-16.3325766","-71.5802366",8,0,0,0,"2609.0","0.0",9,0,"1.1",7,"0101000020E61000004E3CB19822E551C0356A74BD235530C0","{""1"":{},""2"":{},""4"":{},""8"":{}}","2025-06-25 19:52:32.649+00","2025-06-25 19:52:32.649+00","2025-06-25 19:52:32.649+00"
1374,"863192057915457",68,"2025-06-25 19:42:15+00","-16.3325766","-71.5802366",9,0,0,0,"2609.0","0.0",9,0,"1.1",7,"0101000020E61000004E3CB19822E551C0356A74BD235530C0","{""1"":{},""2"":{},""4"":{},""8"":{}}","2025-06-25 19:52:32.652+00","2025-06-25 19:52:32.652+00","2025-06-25 19:52:32.652+00"
1375,"863192057915457",68,"2025-06-25 19:42:20+00","-16.3325766","-71.5802366",10,0,0,0,"2609.0","0.0",9,0,"1.1",7,"0101000020E61000004E3CB19822E551C0356A74BD235530C0","{""1"":{},""2"":{},""4"":{},""8"":{}}","2025-06-25 19:52:32.655+00","2025-06-25 19:52:32.655+00","2025-06-25 19:52:32.655+00"
1376,"863192057915457",68,"2025-06-25 19:42:25+00","-16.3325700","-71.5802250",11,0,0,0,"2612.5","0.0",9,0,"1.1",7,"0101000020E610000095D4096822E551C077A1B94E235530C0","{""1"":{},""2"":{},""4"":{},""8"":{}}","2025-06-25 19:52:32.658+00","2025-06-25 19:52:32.658+00","2025-06-25 19:52:32.658+00"
1377,"863192057915457",68,"2025-06-25 19:42:30+00","-16.3325700","-71.5802250",12,0,0,0,"2612.5","0.0",9,0,"1.1",7,"0101000020E610000095D4096822E551C077A1B94E235530C0","{""1"":{},""2"":{},""4"":{},""8"":{}}","2025-06-25 19:52:32.661+00","2025-06-25 19:52:32.661+00","2025-06-25 19:52:32.661+00"
1378,"863192057915457",68,"2025-06-25 19:42:35+00","-16.3325700","-71.5802250",13,0,0,0,"2612.5","0.0",9,0,"1.1",7,"0101000020E610000095D4096822E551C077A1B94E235530C0","{""1"":{},""2"":{},""4"":{},""8"":{}}","2025-06-25 19:52:32.664+00","2025-06-25 19:52:32.664+00","2025-06-25 19:52:32.664+00"
1379,"863192057915457",68,"2025-06-25 19:42:40+00","-16.3325666","-71.5802283",14,0,0,0,"2611.9","0.0",9,0,"1.0",7,"0101000020E6100000AD2DE17522E551C0EEBDAE15235530C0","{""1"":{},""2"":{},""4"":{},""8"":{}}","2025-06-25 19:52:32.667+00","2025-06-25 19:52:32.667+00","2025-06-25 19:52:32.667+00"
1380,"863192057915457",68,"2025-06-25 19:42:45+00","-16.3325616","-71.5802366",15,0,0,0,"2610.6","0.0",9,0,"1.0",7,"0101000020E61000004E3CB19822E551C0CAE7CBC1225530C0","{""1"":{},""2"":{},""4"":{},""8"":{}}","2025-06-25 19:52:32.67+00","2025-06-25 19:52:32.67+00","2025-06-25 19:52:32.67+00"
1381,"863192057915457",68,"2025-06-25 19:42:50+00","-16.3325550","-71.5802450",16,0,0,0,"2609.4","261.2",10,0,"1.0",7,"0101000020E6100000B9AAECBB22E551C00C1F1153225530C0","{""1"":{},""2"":{},""4"":{},""8"":{}}","2025-06-25 19:52:32.673+00","2025-06-25 19:52:32.673+00","2025-06-25 19:52:32.673+00"
1382,"863192057915457",68,"2025-06-25 19:42:55+00","-16.3325550","-71.5802450",17,0,0,0,"2609.4","261.2",10,0,"0.8",7,"0101000020E6100000B9AAECBB22E551C00C1F1153225530C0","{""1"":{},""2"":{},""4"":{},""8"":{}}","2025-06-25 19:52:32.676+00","2025-06-25 19:52:32.676+00","2025-06-25 19:52:32.676+00"
1383,"863192057915457",68,"2025-06-25 19:43:00+00","-16.3325500","-71.5802533",18,0,0,0,"2607.7","42.7",10,1,"0.8",7,"0101000020E610000059B9BCDE22E551C0E9482EFF215530C0","{""1"":{},""2"":{},""4"":{},""8"":{}}","2025-06-25 19:52:32.679+00","2025-06-25 19:52:32.679+00","2025-06-25 19:52:32.679+00"
1384,"863192057915457",68,"2025-06-25 19:43:05+00","-16.3325433","-71.5802566",19,0,0,0,"2607.0","64.6",10,0,"0.8",7,"0101000020E6100000711294EC22E551C00101C68E215530C0","{""1"":{},""2"":{},""4"":{},""8"":{}}","2025-06-25 19:52:32.682+00","2025-06-25 19:52:32.682+00","2025-06-25 19:52:32.682+00"
1385,"863192057915457",68,"2025-06-25 19:43:10+00","-16.3325366","-71.5802633",20,0,0,0,"2605.9","64.6",10,0,"0.8",7,"0101000020E61000006B24AE0823E551C019B95D1E215530C0","{""1"":{},""2"":{},""4"":{},""8"":{}}","2025-06-25 19:52:32.686+00","2025-06-25 19:52:32.686+00","2025-06-25 19:52:32.686+00"
1386,"863192057915457",68,"2025-06-25 19:43:15+00","-16.3325333","-71.5802700",21,0,0,0,"2605.0","223.7",10,0,"0.8",7,"0101000020E61000006536C82423E551C0BA5400E7205530C0","{""1"":{},""2"":{},""4"":{},""8"":{}}","2025-06-25 19:52:32.69+00","2025-06-25 19:52:32.69+00","2025-06-25 19:52:32.69+00"
1387,"863192057915457",68,"2025-06-25 19:43:20+00","-16.3325333","-71.5802700",22,0,0,0,"2605.0","223.7",9,0,"1.0",7,"0101000020E61000006536C82423E551C0BA5400E7205530C0","{""1"":{},""2"":{},""4"":{},""8"":{}}","2025-06-25 19:52:32.693+00","2025-06-25 19:52:32.693+00","2025-06-25 19:52:32.693+00"
1388,"863192057915457",68,"2025-06-25 19:43:25+00","-16.3325316","-71.5802733",23,0,0,0,"2604.2","223.7",9,0,"1.0",7,"0101000020E61000007D8F9F3223E551C0F5E27ACA205530C0","{""1"":{},""2"":{},""4"":{},""8"":{}}","2025-06-25 19:52:32.697+00","2025-06-25 19:52:32.697+00","2025-06-25 19:52:32.697+00"
1389,"863192057915457",68,"2025-06-25 19:43:30+00","-16.3325316","-71.5802733",24,0,0,0,"2604.2","223.7",9,0,"1.0",7,"0101000020E61000007D8F9F3223E551C0F5E27ACA205530C0","{""1"":{},""2"":{},""4"":{},""8"":{}}","2025-06-25 19:52:32.7+00","2025-06-25 19:52:32.7+00","2025-06-25 19:52:32.7+00"
1390,"863192057915457",68,"2025-06-25 19:43:35+00","-16.3325316","-71.5802766",25,0,0,0,"2603.4","223.7",10,0,"1.0",7,"0101000020E610000095E8764023E551C0F5E27ACA205530C0","{""1"":{},""2"":{},""4"":{},""8"":{}}","2025-06-25 19:52:32.702+00","2025-06-25 19:52:32.702+00","2025-06-25 19:52:32.702+00"
1391,"863192057915457",68,"2025-06-25 19:43:40+00","-16.3325316","-71.5802766",26,0,0,0,"2603.4","223.7",10,0,"1.0",7,"0101000020E610000095E8764023E551C0F5E27ACA205530C0","{""1"":{},""2"":{},""4"":{},""8"":{}}","2025-06-25 19:52:32.705+00","2025-06-25 19:52:32.705+00","2025-06-25 19:52:32.705+00"
1392,"863192057915457",68,"2025-06-25 19:43:45+00","-16.3325300","-71.5802816",27,0,0,0,"2602.7","223.7",10,0,"1.0",7,"0101000020E61000001E9E6F5523E551C05AF0A2AF205530C0","{""1"":{},""2"":{},""4"":{},""8"":{}}","2025-06-25 19:52:32.71+00","2025-06-25 19:52:32.71+00","2025-06-25 19:52:32.71+00"
1393,"863192057915457",68,"2025-06-25 19:43:50+00","-16.3325283","-71.5802850",28,0,0,0,"2602.1","223.7",11,0,"0.9",7,"0101000020E61000000057B26323E551C0967E1D93205530C0","{""1"":{},""2"":{},""4"":{},""8"":{}}","2025-06-25 19:52:32.713+00","2025-06-25 19:52:32.713+00","2025-06-25 19:52:32.713+00"
1394,"863192057915457",68,"2025-06-25 19:43:55+00","-16.3325283","-71.5802850",29,0,0,0,"2602.1","223.7",11,0,"0.9",7,"0101000020E61000000057B26323E551C0967E1D93205530C0","{""1"":{},""2"":{},""4"":{},""8"":{}}","2025-06-25 19:52:32.716+00","2025-06-25 19:52:32.716+00","2025-06-25 19:52:32.716+00"
1395,"863192057915457",68,"2025-06-25 19:44:00+00","-16.3325283","-71.5802850",0,0,0,0,"2602.1","223.7",11,0,"0.9",7,"0101000020E61000000057B26323E551C0967E1D93205530C0","{""1"":{},""2"":{},""4"":{},""8"":{}}","2025-06-25 19:52:34.414+00","2025-06-25 19:52:34.414+00","2025-06-25 19:52:34.414+00"
1396,"863192057915457",68,"2025-06-25 19:44:05+00","-16.3325283","-71.5802850",1,0,0,0,"2602.1","223.7",11,0,"0.9",7,"0101000020E61000000057B26323E551C0967E1D93205530C0","{""1"":{},""2"":{},""4"":{},""8"":{}}","2025-06-25 19:52:34.42+00","2025-06-25 19:52:34.421+00","2025-06-25 19:52:34.421+00"
1397,"863192057915457",68,"2025-06-25 19:44:10+00","-16.3325283","-71.5802850",2,0,0,0,"2602.1","223.7",11,0,"0.9",7,"0101000020E61000000057B26323E551C0967E1D93205530C0","{""1"":{},""2"":{},""4"":{},""8"":{}}","2025-06-25 19:52:34.423+00","2025-06-25 19:52:34.423+00","2025-06-25 19:52:34.423+00"
1398,"863192057915457",68,"2025-06-25 19:44:15+00","-16.3325283","-71.5802850",3,0,0,0,"2602.1","223.7",11,0,"0.9",7,"0101000020E61000000057B26323E551C0967E1D93205530C0","{""1"":{},""2"":{},""4"":{},""8"":{}}","2025-06-25 19:52:34.426+00","2025-06-25 19:52:34.426+00","2025-06-25 19:52:34.426+00"
1399,"863192057915457",68,"2025-06-25 19:44:20+00","-16.3325283","-71.5802900",4,0,0,0,"2601.1","223.7",11,0,"0.9",7,"0101000020E6100000890CAB7823E551C0967E1D93205530C0","{""1"":{},""2"":{},""4"":{},""8"":{}}","2025-06-25 19:52:34.429+00","2025-06-25 19:52:34.429+00","2025-06-25 19:52:34.429+00"
1400,"863192057915457",68,"2025-06-25 19:44:25+00","-16.3325283","-71.5802900",5,0,0,0,"2601.1","223.7",11,0,"0.9",7,"0101000020E6100000890CAB7823E551C0967E1D93205530C0","{""1"":{},""2"":{},""4"":{},""8"":{}}","2025-06-25 19:52:34.431+00","2025-06-25 19:52:34.431+00","2025-06-25 19:52:34.431+00"
1401,"863192057915457",68,"2025-06-25 19:44:30+00","-16.3325283","-71.5802900",6,0,0,0,"2601.1","223.7",11,0,"0.9",7,"0101000020E6100000890CAB7823E551C0967E1D93205530C0","{""1"":{},""2"":{},""4"":{},""8"":{}}","2025-06-25 19:52:34.434+00","2025-06-25 19:52:34.434+00","2025-06-25 19:52:34.434+00"
1402,"863192057915457",68,"2025-06-25 19:44:35+00","-16.3325266","-71.5802950",7,0,0,0,"2600.5","223.7",11,0,"0.9",7,"0101000020E610000012C2A38D23E551C0D20C9876205530C0","{""1"":{},""2"":{},""4"":{},""8"":{}}","2025-06-25 19:52:34.437+00","2025-06-25 19:52:34.437+00","2025-06-25 19:52:34.437+00"
1403,"863192057915457",68,"2025-06-25 19:44:40+00","-16.3325266","-71.5802950",8,0,0,0,"2600.5","223.7",11,0,"0.8",7,"0101000020E610000012C2A38D23E551C0D20C9876205530C0","{""1"":{},""2"":{},""4"":{},""8"":{}}","2025-06-25 19:52:34.44+00","2025-06-25 19:52:34.44+00","2025-06-25 19:52:34.44+00"
1404,"863192057915457",68,"2025-06-25 19:44:45+00","-16.3325250","-71.5802983",9,0,0,0,"2600.1","223.7",11,0,"0.8",7,"0101000020E6100000291B7B9B23E551C0371AC05B205530C0","{""1"":{},""2"":{},""4"":{},""8"":{}}","2025-06-25 19:52:34.442+00","2025-06-25 19:52:34.442+00","2025-06-25 19:52:34.442+00"
1405,"863192057915457",68,"2025-06-25 19:44:50+00","-16.3325250","-71.5802983",10,0,0,0,"2600.1","223.7",11,0,"0.9",7,"0101000020E6100000291B7B9B23E551C0371AC05B205530C0","{""1"":{},""2"":{},""4"":{},""8"":{}}","2025-06-25 19:52:34.445+00","2025-06-25 19:52:34.445+00","2025-06-25 19:52:34.445+00"
1406,"863192057915457",68,"2025-06-25 19:44:55+00","-16.3325250","-71.5802983",11,0,0,0,"2600.1","223.7",11,0,"0.9",7,"0101000020E6100000291B7B9B23E551C0371AC05B205530C0","{""1"":{},""2"":{},""4"":{},""8"":{}}","2025-06-25 19:52:34.448+00","2025-06-25 19:52:34.448+00","2025-06-25 19:52:34.448+00"
1407,"863192057915457",68,"2025-06-25 19:45:00+00","-16.3325250","-71.5802983",12,0,0,0,"2600.1","223.7",11,0,"0.9",7,"0101000020E6100000291B7B9B23E551C0371AC05B205530C0","{""1"":{},""2"":{},""4"":{},""8"":{}}","2025-06-25 19:52:34.451+00","2025-06-25 19:52:34.451+00","2025-06-25 19:52:34.451+00"
1408,"863192057915457",68,"2025-06-25 19:45:05+00","-16.3325250","-71.5802983",13,0,0,0,"2600.1","223.7",11,0,"0.8",7,"0101000020E6100000291B7B9B23E551C0371AC05B205530C0","{""1"":{},""2"":{},""4"":{},""8"":{}}","2025-06-25 19:52:34.454+00","2025-06-25 19:52:34.454+00","2025-06-25 19:52:34.454+00"
1409,"863192057915457",68,"2025-06-25 19:45:10+00","-16.3325250","-71.5802983",14,0,0,0,"2600.1","223.7",11,0,"0.8",7,"0101000020E6100000291B7B9B23E551C0371AC05B205530C0","{""1"":{},""2"":{},""4"":{},""8"":{}}","2025-06-25 19:52:34.457+00","2025-06-25 19:52:34.457+00","2025-06-25 19:52:34.457+00"
1410,"863192057915457",68,"2025-06-25 19:45:15+00","-16.3325250","-71.5802983",15,0,0,0,"2600.1","223.7",11,0,"0.8",7,"0101000020E6100000291B7B9B23E551C0371AC05B205530C0","{""1"":{},""2"":{},""4"":{},""8"":{}}","2025-06-25 19:52:34.46+00","2025-06-25 19:52:34.46+00","2025-06-25 19:52:34.46+00"
1411,"863192057915457",68,"2025-06-25 19:45:20+00","-16.3325250","-71.5802983",16,0,0,0,"2600.1","223.7",11,0,"0.8",7,"0101000020E6100000291B7B9B23E551C0371AC05B205530C0","{""1"":{},""2"":{},""4"":{},""8"":{}}","2025-06-25 19:52:34.462+00","2025-06-25 19:52:34.462+00","2025-06-25 19:52:34.462+00"
1412,"863192057915457",68,"2025-06-25 19:45:25+00","-16.3325250","-71.5802983",17,0,0,0,"2600.1","223.7",11,0,"0.8",7,"0101000020E6100000291B7B9B23E551C0371AC05B205530C0","{""1"":{},""2"":{},""4"":{},""8"":{}}","2025-06-25 19:52:34.465+00","2025-06-25 19:52:34.465+00","2025-06-25 19:52:34.465+00"
1413,"863192057915457",68,"2025-06-25 19:45:30+00","-16.3325233","-71.5803000",18,0,0,0,"2600.3","223.7",11,0,"1.1",7,"0101000020E61000009A779CA223E551C072A83A3F205530C0","{""1"":{},""2"":{},""4"":{},""8"":{}}","2025-06-25 19:52:34.468+00","2025-06-25 19:52:34.468+00","2025-06-25 19:52:34.468+00"
1414,"863192057915457",68,"2025-06-25 19:45:35+00","-16.3325233","-71.5803000",19,0,0,0,"2600.3","223.7",11,0,"0.9",7,"0101000020E61000009A779CA223E551C072A83A3F205530C0","{""1"":{},""2"":{},""4"":{},""8"":{}}","2025-06-25 19:52:34.47+00","2025-06-25 19:52:34.47+00","2025-06-25 19:52:34.47+00"
1415,"863192057915457",68,"2025-06-25 19:45:40+00","-16.3325233","-71.5803000",20,0,0,0,"2600.3","223.7",10,0,"0.4",7,"0101000020E61000009A779CA223E551C072A83A3F205530C0","{""1"":{},""2"":{},""4"":{},""8"":{}}","2025-06-25 19:52:34.473+00","2025-06-25 19:52:34.473+00","2025-06-25 19:52:34.473+00"
1416,"863192057915457",68,"2025-06-25 19:45:45+00","-16.3325233","-71.5803000",21,0,0,0,"2600.3","223.7",10,0,"0.5",7,"0101000020E61000009A779CA223E551C072A83A3F205530C0","{""1"":{},""2"":{},""4"":{},""8"":{}}","2025-06-25 19:52:34.475+00","2025-06-25 19:52:34.475+00","2025-06-25 19:52:34.475+00"
1417,"863192057915457",68,"2025-06-25 19:45:50+00","-16.3325233","-71.5803000",22,0,0,0,"2600.3","223.7",11,0,"1.4",7,"0101000020E61000009A779CA223E551C072A83A3F205530C0","{""1"":{},""2"":{},""4"":{},""8"":{}}","2025-06-25 19:52:34.478+00","2025-06-25 19:52:34.478+00","2025-06-25 19:52:34.478+00"
1418,"863192057915457",68,"2025-06-25 19:45:55+00","-16.3325233","-71.5803000",23,0,0,0,"2600.3","223.7",10,0,"1.6",7,"0101000020E61000009A779CA223E551C072A83A3F205530C0","{""1"":{},""2"":{},""4"":{},""8"":{}}","2025-06-25 19:52:34.482+00","2025-06-25 19:52:34.482+00","2025-06-25 19:52:34.482+00"
1419,"863192057915457",68,"2025-06-25 19:46:00+00","-16.3325233","-71.5803000",24,0,0,0,"2600.3","223.7",10,0,"1.6",7,"0101000020E61000009A779CA223E551C072A83A3F205530C0","{""1"":{},""2"":{},""4"":{},""8"":{}}","2025-06-25 19:52:34.485+00","2025-06-25 19:52:34.485+00","2025-06-25 19:52:34.485+00"
1420,"863192057915457",68,"2025-06-25 19:46:05+00","-16.3325233","-71.5803000",25,0,0,0,"2600.3","223.7",10,0,"1.6",7,"0101000020E61000009A779CA223E551C072A83A3F205530C0","{""1"":{},""2"":{},""4"":{},""8"":{}}","2025-06-25 19:52:34.488+00","2025-06-25 19:52:34.488+00","2025-06-25 19:52:34.488+00"
1421,"863192057915457",68,"2025-06-25 19:46:10+00","-16.3325233","-71.5803000",26,0,0,0,"2600.3","223.7",10,0,"1.6",7,"0101000020E61000009A779CA223E551C072A83A3F205530C0","{""1"":{},""2"":{},""4"":{},""8"":{}}","2025-06-25 19:52:34.491+00","2025-06-25 19:52:34.491+00","2025-06-25 19:52:34.491+00"
1422,"863192057915457",68,"2025-06-25 19:46:15+00","-16.3325233","-71.5803000",27,0,0,0,"2600.3","223.7",10,0,"1.6",7,"0101000020E61000009A779CA223E551C072A83A3F205530C0","{""1"":{},""2"":{},""4"":{},""8"":{}}","2025-06-25 19:52:34.494+00","2025-06-25 19:52:34.494+00","2025-06-25 19:52:34.494+00"
1423,"863192057915457",68,"2025-06-25 19:46:20+00","-16.3325233","-71.5803000",28,0,0,0,"2600.3","223.7",12,0,"0.9",7,"0101000020E61000009A779CA223E551C072A83A3F205530C0","{""1"":{},""2"":{},""4"":{},""8"":{}}","2025-06-25 19:52:34.497+00","2025-06-25 19:52:34.497+00","2025-06-25 19:52:34.497+00"
1424,"863192057915457",68,"2025-06-25 19:46:25+00","-16.3325233","-71.5803000",29,0,0,0,"2600.3","223.7",11,0,"1.3",7,"0101000020E61000009A779CA223E551C072A83A3F205530C0","{""1"":{},""2"":{},""4"":{},""8"":{}}","2025-06-25 19:52:34.499+00","2025-06-25 19:52:34.499+00","2025-06-25 19:52:34.499+00"
1425,"863192057915457",68,"2025-06-25 19:46:30+00","-16.3325233","-71.5803000",0,0,0,0,"2600.3","223.7",12,0,"0.9",7,"0101000020E61000009A779CA223E551C072A83A3F205530C0","{""1"":{},""2"":{},""4"":{},""8"":{}}","2025-06-25 19:52:36.513+00","2025-06-25 19:52:36.513+00","2025-06-25 19:52:36.513+00"
1426,"863192057915457",68,"2025-06-25 19:46:35+00","-16.3325233","-71.5803000",1,0,0,0,"2600.3","223.7",12,0,"1.3",7,"0101000020E61000009A779CA223E551C072A83A3F205530C0","{""1"":{},""2"":{},""4"":{},""8"":{}}","2025-06-25 19:52:36.52+00","2025-06-25 19:52:36.52+00","2025-06-25 19:52:36.52+00"
1427,"863192057915457",68,"2025-06-25 19:46:40+00","-16.3325233","-71.5803000",2,0,0,0,"2600.3","223.7",12,0,"1.3",7,"0101000020E61000009A779CA223E551C072A83A3F205530C0","{""1"":{},""2"":{},""4"":{},""8"":{}}","2025-06-25 19:52:36.526+00","2025-06-25 19:52:36.527+00","2025-06-25 19:52:36.527+00"
1428,"863192057915457",68,"2025-06-25 19:46:45+00","-16.3325233","-71.5803000",3,0,0,0,"2600.3","223.7",12,0,"1.3",7,"0101000020E61000009A779CA223E551C072A83A3F205530C0","{""1"":{},""2"":{},""4"":{},""8"":{}}","2025-06-25 19:52:36.53+00","2025-06-25 19:52:36.53+00","2025-06-25 19:52:36.53+00"
1429,"863192057915457",68,"2025-06-25 19:46:50+00","-16.3325233","-71.5803000",4,0,0,0,"2600.3","223.7",12,0,"0.9",7,"0101000020E61000009A779CA223E551C072A83A3F205530C0","{""1"":{},""2"":{},""4"":{},""8"":{}}","2025-06-25 19:52:36.534+00","2025-06-25 19:52:36.534+00","2025-06-25 19:52:36.534+00"
1430,"863192057915457",68,"2025-06-25 19:46:55+00","-16.3325233","-71.5803000",5,0,0,0,"2600.3","223.7",12,0,"0.9",7,"0101000020E61000009A779CA223E551C072A83A3F205530C0","{""1"":{},""2"":{},""4"":{},""8"":{}}","2025-06-25 19:52:36.538+00","2025-06-25 19:52:36.538+00","2025-06-25 19:52:36.538+00"
1431,"863192057915457",68,"2025-06-25 19:47:00+00","-16.3325233","-71.5803000",6,0,0,0,"2600.3","223.7",12,0,"0.9",7,"0101000020E61000009A779CA223E551C072A83A3F205530C0","{""1"":{},""2"":{},""4"":{},""8"":{}}","2025-06-25 19:52:36.541+00","2025-06-25 19:52:36.541+00","2025-06-25 19:52:36.541+00"
1432,"863192057915457",68,"2025-06-25 19:47:05+00","-16.3325233","-71.5803000",7,0,0,0,"2600.3","223.7",12,0,"0.9",7,"0101000020E61000009A779CA223E551C072A83A3F205530C0","{""1"":{},""2"":{},""4"":{},""8"":{}}","2025-06-25 19:52:36.544+00","2025-06-25 19:52:36.544+00","2025-06-25 19:52:36.544+00"
1433,"863192057915457",68,"2025-06-25 19:47:10+00","-16.3325233","-71.5803000",8,0,0,0,"2600.3","223.7",12,0,"1.3",7,"0101000020E61000009A779CA223E551C072A83A3F205530C0","{""1"":{},""2"":{},""4"":{},""8"":{}}","2025-06-25 19:52:36.547+00","2025-06-25 19:52:36.547+00","2025-06-25 19:52:36.547+00"
1434,"863192057915457",68,"2025-06-25 19:47:15+00","-16.3325183","-71.5803116",9,0,0,0,"2598.3","223.7",12,0,"1.3",7,"0101000020E610000053DF43D323E551C04FD257EB1F5530C0","{""1"":{},""2"":{},""4"":{},""8"":{}}","2025-06-25 19:52:36.55+00","2025-06-25 19:52:36.55+00","2025-06-25 19:52:36.55+00"
1435,"863192057915457",68,"2025-06-25 19:47:20+00","-16.3325183","-71.5803116",10,0,0,0,"2598.3","223.7",12,0,"1.3",7,"0101000020E610000053DF43D323E551C04FD257EB1F5530C0","{""1"":{},""2"":{},""4"":{},""8"":{}}","2025-06-25 19:52:36.553+00","2025-06-25 19:52:36.553+00","2025-06-25 19:52:36.553+00"
1436,"863192057915457",68,"2025-06-25 19:47:25+00","-16.3325183","-71.5803116",11,0,0,0,"2598.3","223.7",11,0,"1.7",7,"0101000020E610000053DF43D323E551C04FD257EB1F5530C0","{""1"":{},""2"":{},""4"":{},""8"":{}}","2025-06-25 19:52:36.556+00","2025-06-25 19:52:36.556+00","2025-06-25 19:52:36.556+00"
1437,"863192057915457",68,"2025-06-25 19:47:30+00","-16.3325150","-71.5803150",12,0,0,0,"2598.1","223.7",12,0,"1.0",7,"0101000020E6100000359886E123E551C0F06DFAB31F5530C0","{""1"":{},""2"":{},""4"":{},""8"":{}}","2025-06-25 19:52:36.56+00","2025-06-25 19:52:36.56+00","2025-06-25 19:52:36.56+00"
1438,"863192057915457",68,"2025-06-25 19:47:35+00","-16.3325100","-71.5803183",13,0,0,0,"2598.0","223.7",12,0,"1.0",7,"0101000020E61000004DF15DEF23E551C0CC9717601F5530C0","{""1"":{},""2"":{},""4"":{},""8"":{}}","2025-06-25 19:52:36.564+00","2025-06-25 19:52:36.564+00","2025-06-25 19:52:36.564+00"
1439,"863192057915457",68,"2025-06-25 19:47:40+00","-16.3325083","-71.5803200",14,0,0,0,"2597.9","223.7",13,0,"1.0",7,"0101000020E6100000BE4D7FF623E551C0082692431F5530C0","{""1"":{},""2"":{},""4"":{},""8"":{}}","2025-06-25 19:52:36.567+00","2025-06-25 19:52:36.567+00","2025-06-25 19:52:36.567+00"
1440,"863192057915457",68,"2025-06-25 19:47:45+00","-16.3325083","-71.5803200",15,0,0,0,"2597.9","223.7",12,0,"1.0",7,"0101000020E6100000BE4D7FF623E551C0082692431F5530C0","{""1"":{},""2"":{},""4"":{},""8"":{}}","2025-06-25 19:52:36.572+00","2025-06-25 19:52:36.572+00","2025-06-25 19:52:36.572+00"
1441,"863192057915457",68,"2025-06-25 19:47:50+00","-16.3325083","-71.5803200",16,0,0,0,"2597.9","223.7",12,0,"0.9",7,"0101000020E6100000BE4D7FF623E551C0082692431F5530C0","{""1"":{},""2"":{},""4"":{},""8"":{}}","2025-06-25 19:52:36.576+00","2025-06-25 19:52:36.576+00","2025-06-25 19:52:36.576+00"
1442,"863192057915457",68,"2025-06-25 19:47:55+00","-16.3325050","-71.5803233",17,0,0,0,"2597.3","223.7",12,0,"0.9",7,"0101000020E6100000D6A6560424E551C0A9C1340C1F5530C0","{""1"":{},""2"":{},""4"":{},""8"":{}}","2025-06-25 19:52:36.58+00","2025-06-25 19:52:36.58+00","2025-06-25 19:52:36.58+00"
1443,"863192057915457",68,"2025-06-25 19:48:00+00","-16.3325050","-71.5803233",18,0,0,0,"2597.3","223.7",11,0,"1.2",7,"0101000020E6100000D6A6560424E551C0A9C1340C1F5530C0","{""1"":{},""2"":{},""4"":{},""8"":{}}","2025-06-25 19:52:36.584+00","2025-06-25 19:52:36.584+00","2025-06-25 19:52:36.584+00"
1444,"863192057915457",68,"2025-06-25 19:48:05+00","-16.3325050","-71.5803233",19,0,0,0,"2597.3","223.7",11,0,"1.2",7,"0101000020E6100000D6A6560424E551C0A9C1340C1F5530C0","{""1"":{},""2"":{},""4"":{},""8"":{}}","2025-06-25 19:52:36.588+00","2025-06-25 19:52:36.588+00","2025-06-25 19:52:36.588+00"
1445,"863192057915457",68,"2025-06-25 19:48:10+00","-16.3325050","-71.5803233",20,0,0,0,"2597.3","223.7",11,0,"1.2",7,"0101000020E6100000D6A6560424E551C0A9C1340C1F5530C0","{""1"":{},""2"":{},""4"":{},""8"":{}}","2025-06-25 19:52:36.593+00","2025-06-25 19:52:36.593+00","2025-06-25 19:52:36.593+00"
1446,"863192057915457",68,"2025-06-25 19:48:15+00","-16.3325050","-71.5803233",21,0,0,0,"2597.3","223.7",11,0,"1.2",7,"0101000020E6100000D6A6560424E551C0A9C1340C1F5530C0","{""1"":{},""2"":{},""4"":{},""8"":{}}","2025-06-25 19:52:36.596+00","2025-06-25 19:52:36.596+00","2025-06-25 19:52:36.596+00"
1447,"863192057915457",68,"2025-06-25 19:48:20+00","-16.3325050","-71.5803233",22,0,0,0,"2597.3","223.7",11,0,"1.2",7,"0101000020E6100000D6A6560424E551C0A9C1340C1F5530C0","{""1"":{},""2"":{},""4"":{},""8"":{}}","2025-06-25 19:52:36.6+00","2025-06-25 19:52:36.6+00","2025-06-25 19:52:36.6+00"
1448,"863192057915457",68,"2025-06-25 19:48:25+00","-16.3325033","-71.5803283",23,0,0,0,"2596.7","223.7",12,0,"0.9",7,"0101000020E61000005F5C4F1924E551C0E44FAFEF1E5530C0","{""1"":{},""2"":{},""4"":{},""8"":{}}","2025-06-25 19:52:36.603+00","2025-06-25 19:52:36.603+00","2025-06-25 19:52:36.603+00"
1449,"863192057915457",68,"2025-06-25 19:48:30+00","-16.3325033","-71.5803283",24,0,0,0,"2596.7","223.7",12,0,"0.9",7,"0101000020E61000005F5C4F1924E551C0E44FAFEF1E5530C0","{""1"":{},""2"":{},""4"":{},""8"":{}}","2025-06-25 19:52:36.607+00","2025-06-25 19:52:36.607+00","2025-06-25 19:52:36.607+00"
1450,"863192057915457",68,"2025-06-25 19:48:35+00","-16.3325033","-71.5803283",25,0,0,0,"2596.7","223.7",12,0,"1.2",7,"0101000020E61000005F5C4F1924E551C0E44FAFEF1E5530C0","{""1"":{},""2"":{},""4"":{},""8"":{}}","2025-06-25 19:52:36.61+00","2025-06-25 19:52:36.61+00","2025-06-25 19:52:36.61+00"
1451,"863192057915457",68,"2025-06-25 19:48:40+00","-16.3325000","-71.5803300",26,0,0,0,"2596.4","223.7",12,0,"1.2",7,"0101000020E6100000D0B8702024E551C085EB51B81E5530C0","{""1"":{},""2"":{},""4"":{},""8"":{}}","2025-06-25 19:52:36.612+00","2025-06-25 19:52:36.612+00","2025-06-25 19:52:36.612+00"
1452,"863192057915457",68,"2025-06-25 19:48:45+00","-16.3324983","-71.5803333",27,0,0,0,"2596.1","223.7",13,0,"1.2",7,"0101000020E6100000E811482E24E551C0C179CC9B1E5530C0","{""1"":{},""2"":{},""4"":{},""8"":{}}","2025-06-25 19:52:36.615+00","2025-06-25 19:52:36.615+00","2025-06-25 19:52:36.615+00"
1453,"863192057915457",68,"2025-06-25 19:48:50+00","-16.3324916","-71.5803400",28,0,0,0,"2595.3","223.7",13,0,"1.2",7,"0101000020E6100000E223624A24E551C0D931642B1E5530C0","{""1"":{},""2"":{},""4"":{},""8"":{}}","2025-06-25 19:52:36.618+00","2025-06-25 19:52:36.618+00","2025-06-25 19:52:36.618+00"
1454,"863192057915457",68,"2025-06-25 19:48:55+00","-16.3324916","-71.5803400",29,0,0,0,"2595.3","223.7",12,0,"0.9",7,"0101000020E6100000E223624A24E551C0D931642B1E5530C0","{""1"":{},""2"":{},""4"":{},""8"":{}}","2025-06-25 19:52:36.621+00","2025-06-25 19:52:36.621+00","2025-06-25 19:52:36.621+00"
1455,"863192057915457",68,"2025-06-25 19:49:00+00","-16.3324916","-71.5803400",0,0,0,0,"2595.3","223.7",13,0,"0.9",7,"0101000020E6100000E223624A24E551C0D931642B1E5530C0","{""1"":{},""2"":{},""4"":{},""8"":{}}","2025-06-25 19:52:38.758+00","2025-06-25 19:52:38.758+00","2025-06-25 19:52:38.758+00"
1456,"863192057915457",68,"2025-06-25 19:49:05+00","-16.3324916","-71.5803400",1,0,0,0,"2595.3","223.7",13,0,"1.2",7,"0101000020E6100000E223624A24E551C0D931642B1E5530C0","{""1"":{},""2"":{},""4"":{},""8"":{}}","2025-06-25 19:52:38.764+00","2025-06-25 19:52:38.764+00","2025-06-25 19:52:38.764+00"
1457,"863192057915457",68,"2025-06-25 19:49:10+00","-16.3324900","-71.5803433",2,0,0,0,"2594.7","223.7",13,0,"1.2",7,"0101000020E6100000F97C395824E551C03E3F8C101E5530C0","{""1"":{},""2"":{},""4"":{},""8"":{}}","2025-06-25 19:52:38.768+00","2025-06-25 19:52:38.768+00","2025-06-25 19:52:38.768+00"
1458,"863192057915457",68,"2025-06-25 19:49:15+00","-16.3324900","-71.5803450",3,0,0,0,"2594.5","223.7",13,0,"1.2",7,"0101000020E61000006AD95A5F24E551C03E3F8C101E5530C0","{""1"":{},""2"":{},""4"":{},""8"":{}}","2025-06-25 19:52:38.772+00","2025-06-25 19:52:38.772+00","2025-06-25 19:52:38.772+00"
1459,"863192057915457",68,"2025-06-25 19:49:20+00","-16.3324900","-71.5803450",4,0,0,0,"2594.5","223.7",13,0,"0.9",7,"0101000020E61000006AD95A5F24E551C03E3F8C101E5530C0","{""1"":{},""2"":{},""4"":{},""8"":{}}","2025-06-25 19:52:38.776+00","2025-06-25 19:52:38.776+00","2025-06-25 19:52:38.776+00"
1460,"863192057915457",68,"2025-06-25 19:49:25+00","-16.3324866","-71.5803466",5,0,0,0,"2594.1","223.7",13,0,"0.9",7,"0101000020E610000011D6106624E551C0B55B81D71D5530C0","{""1"":{},""2"":{},""4"":{},""8"":{}}","2025-06-25 19:52:38.78+00","2025-06-25 19:52:38.78+00","2025-06-25 19:52:38.78+00"
1461,"863192057915457",68,"2025-06-25 19:49:30+00","-16.3324866","-71.5803466",6,0,0,0,"2594.1","223.7",14,0,"0.7",7,"0101000020E610000011D6106624E551C0B55B81D71D5530C0","{""1"":{},""2"":{},""4"":{},""8"":{}}","2025-06-25 19:52:38.782+00","2025-06-25 19:52:38.782+00","2025-06-25 19:52:38.782+00"
1462,"863192057915457",68,"2025-06-25 19:49:35+00","-16.3324866","-71.5803466",7,0,0,0,"2594.1","223.7",14,0,"0.7",7,"0101000020E610000011D6106624E551C0B55B81D71D5530C0","{""1"":{},""2"":{},""4"":{},""8"":{}}","2025-06-25 19:52:38.785+00","2025-06-25 19:52:38.785+00","2025-06-25 19:52:38.785+00"
1463,"863192057915457",68,"2025-06-25 19:49:40+00","-16.3324866","-71.5803466",8,0,0,0,"2594.1","223.7",14,0,"0.7",7,"0101000020E610000011D6106624E551C0B55B81D71D5530C0","{""1"":{},""2"":{},""4"":{},""8"":{}}","2025-06-25 19:52:38.788+00","2025-06-25 19:52:38.788+00","2025-06-25 19:52:38.788+00"
1464,"863192057915457",68,"2025-06-25 19:49:45+00","-16.3324866","-71.5803466",9,0,0,0,"2594.1","223.7",14,0,"0.7",7,"0101000020E610000011D6106624E551C0B55B81D71D5530C0","{""1"":{},""2"":{},""4"":{},""8"":{}}","2025-06-25 19:52:38.791+00","2025-06-25 19:52:38.791+00","2025-06-25 19:52:38.791+00"
1465,"863192057915457",68,"2025-06-25 19:49:50+00","-16.3324866","-71.5803466",10,0,0,0,"2594.1","223.7",14,0,"0.7",7,"0101000020E610000011D6106624E551C0B55B81D71D5530C0","{""1"":{},""2"":{},""4"":{},""8"":{}}","2025-06-25 19:52:38.794+00","2025-06-25 19:52:38.794+00","2025-06-25 19:52:38.794+00"
1466,"863192057915457",68,"2025-06-25 19:49:55+00","-16.3324866","-71.5803466",11,0,0,0,"2594.0","223.7",14,0,"0.7",7,"0101000020E610000011D6106624E551C0B55B81D71D5530C0","{""1"":{},""2"":{},""4"":{},""8"":{}}","2025-06-25 19:52:38.797+00","2025-06-25 19:52:38.797+00","2025-06-25 19:52:38.797+00"
1467,"863192057915457",68,"2025-06-25 19:50:00+00","-16.3324866","-71.5803466",12,0,0,0,"2594.0","223.7",14,0,"0.7",7,"0101000020E610000011D6106624E551C0B55B81D71D5530C0","{""1"":{},""2"":{},""4"":{},""8"":{}}","2025-06-25 19:52:38.8+00","2025-06-25 19:52:38.8+00","2025-06-25 19:52:38.8+00"
1468,"863192057915457",68,"2025-06-25 19:50:05+00","-16.3324866","-71.5803466",13,0,0,0,"2594.0","223.7",14,0,"0.7",7,"0101000020E610000011D6106624E551C0B55B81D71D5530C0","{""1"":{},""2"":{},""4"":{},""8"":{}}","2025-06-25 19:52:38.803+00","2025-06-25 19:52:38.803+00","2025-06-25 19:52:38.803+00"
1469,"863192057915457",68,"2025-06-25 19:50:10+00","-16.3324866","-71.5803466",14,0,0,0,"2594.0","223.7",14,0,"0.7",7,"0101000020E610000011D6106624E551C0B55B81D71D5530C0","{""1"":{},""2"":{},""4"":{},""8"":{}}","2025-06-25 19:52:38.806+00","2025-06-25 19:52:38.806+00","2025-06-25 19:52:38.806+00"
1470,"863192057915457",68,"2025-06-25 19:50:15+00","-16.3324866","-71.5803466",15,0,0,0,"2594.0","223.7",14,0,"0.7",7,"0101000020E610000011D6106624E551C0B55B81D71D5530C0","{""1"":{},""2"":{},""4"":{},""8"":{}}","2025-06-25 19:52:38.808+00","2025-06-25 19:52:38.808+00","2025-06-25 19:52:38.808+00"
1471,"863192057915457",68,"2025-06-25 19:50:20+00","-16.3324866","-71.5803466",16,0,0,0,"2594.0","223.7",14,0,"0.7",7,"0101000020E610000011D6106624E551C0B55B81D71D5530C0","{""1"":{},""2"":{},""4"":{},""8"":{}}","2025-06-25 19:52:38.811+00","2025-06-25 19:52:38.812+00","2025-06-25 19:52:38.812+00"
1472,"863192057915457",68,"2025-06-25 19:50:25+00","-16.3324866","-71.5803466",17,0,0,0,"2594.0","223.7",14,0,"0.7",7,"0101000020E610000011D6106624E551C0B55B81D71D5530C0","{""1"":{},""2"":{},""4"":{},""8"":{}}","2025-06-25 19:52:38.814+00","2025-06-25 19:52:38.814+00","2025-06-25 19:52:38.814+00"
1473,"863192057915457",68,"2025-06-25 19:50:30+00","-16.3324866","-71.5803466",18,0,0,0,"2594.0","223.7",14,0,"0.7",7,"0101000020E610000011D6106624E551C0B55B81D71D5530C0","{""1"":{},""2"":{},""4"":{},""8"":{}}","2025-06-25 19:52:38.817+00","2025-06-25 19:52:38.817+00","2025-06-25 19:52:38.817+00"
1474,"863192057915457",68,"2025-06-25 19:50:35+00","-16.3324866","-71.5803466",19,0,0,0,"2594.0","223.7",14,0,"0.7",7,"0101000020E610000011D6106624E551C0B55B81D71D5530C0","{""1"":{},""2"":{},""4"":{},""8"":{}}","2025-06-25 19:52:38.82+00","2025-06-25 19:52:38.82+00","2025-06-25 19:52:38.82+00"
1475,"863192057915457",68,"2025-06-25 19:50:40+00","-16.3324866","-71.5803466",20,0,0,0,"2594.0","223.7",14,0,"0.7",7,"0101000020E610000011D6106624E551C0B55B81D71D5530C0","{""1"":{},""2"":{},""4"":{},""8"":{}}","2025-06-25 19:52:38.822+00","2025-06-25 19:52:38.822+00","2025-06-25 19:52:38.822+00"
1476,"863192057915457",68,"2025-06-25 19:50:45+00","-16.3324866","-71.5803466",21,0,0,0,"2594.0","223.7",14,0,"0.7",7,"0101000020E610000011D6106624E551C0B55B81D71D5530C0","{""1"":{},""2"":{},""4"":{},""8"":{}}","2025-06-25 19:52:38.825+00","2025-06-25 19:52:38.825+00","2025-06-25 19:52:38.825+00"
1477,"863192057915457",68,"2025-06-25 19:50:50+00","-16.3324866","-71.5803466",22,0,0,0,"2594.0","223.7",14,0,"0.7",7,"0101000020E610000011D6106624E551C0B55B81D71D5530C0","{""1"":{},""2"":{},""4"":{},""8"":{}}","2025-06-25 19:52:38.828+00","2025-06-25 19:52:38.828+00","2025-06-25 19:52:38.828+00"
1478,"863192057915457",68,"2025-06-25 19:50:55+00","-16.3324866","-71.5803466",23,0,0,0,"2594.0","223.7",13,0,"0.7",7,"0101000020E610000011D6106624E551C0B55B81D71D5530C0","{""1"":{},""2"":{},""4"":{},""8"":{}}","2025-06-25 19:52:38.83+00","2025-06-25 19:52:38.83+00","2025-06-25 19:52:38.83+00"
1479,"863192057915457",68,"2025-06-25 19:51:00+00","-16.3324866","-71.5803466",24,0,0,0,"2594.0","223.7",13,0,"0.7",7,"0101000020E610000011D6106624E551C0B55B81D71D5530C0","{""1"":{},""2"":{},""4"":{},""8"":{}}","2025-06-25 19:52:38.833+00","2025-06-25 19:52:38.833+00","2025-06-25 19:52:38.833+00"
1480,"863192057915457",68,"2025-06-25 19:51:05+00","-16.3324866","-71.5803466",25,0,0,0,"2594.0","223.7",13,0,"0.7",7,"0101000020E610000011D6106624E551C0B55B81D71D5530C0","{""1"":{},""2"":{},""4"":{},""8"":{}}","2025-06-25 19:52:38.836+00","2025-06-25 19:52:38.836+00","2025-06-25 19:52:38.836+00"
1481,"863192057915457",68,"2025-06-25 19:51:10+00","-16.3324866","-71.5803466",26,0,0,0,"2594.0","223.7",14,0,"0.7",7,"0101000020E610000011D6106624E551C0B55B81D71D5530C0","{""1"":{},""2"":{},""4"":{},""8"":{}}","2025-06-25 19:52:38.838+00","2025-06-25 19:52:38.838+00","2025-06-25 19:52:38.838+00"
1482,"863192057915457",68,"2025-06-25 19:51:15+00","-16.3324866","-71.5803466",27,0,0,0,"2594.0","223.7",14,0,"0.7",7,"0101000020E610000011D6106624E551C0B55B81D71D5530C0","{""1"":{},""2"":{},""4"":{},""8"":{}}","2025-06-25 19:52:38.841+00","2025-06-25 19:52:38.841+00","2025-06-25 19:52:38.841+00"
1483,"863192057915457",68,"2025-06-25 19:51:20+00","-16.3324866","-71.5803466",28,0,0,0,"2594.0","223.7",14,0,"0.7",7,"0101000020E610000011D6106624E551C0B55B81D71D5530C0","{""1"":{},""2"":{},""4"":{},""8"":{}}","2025-06-25 19:52:38.844+00","2025-06-25 19:52:38.844+00","2025-06-25 19:52:38.844+00"
1484,"863192057915457",68,"2025-06-25 19:51:25+00","-16.3324866","-71.5803466",29,0,0,0,"2594.0","223.7",15,0,"0.7",7,"0101000020E610000011D6106624E551C0B55B81D71D5530C0","{""1"":{},""2"":{},""4"":{},""8"":{}}","2025-06-25 19:52:38.846+00","2025-06-25 19:52:38.846+00","2025-06-25 19:52:38.846+00"
1485,"863192057915457",68,"2025-06-25 19:51:30+00","-16.3324866","-71.5803466",0,0,0,0,"2594.0","223.7",15,0,"0.7",7,"0101000020E610000011D6106624E551C0B55B81D71D5530C0","{""1"":{},""2"":{},""4"":{},""8"":{}}","2025-06-25 19:52:41.132+00","2025-06-25 19:52:41.132+00","2025-06-25 19:52:41.132+00"
1486,"863192057915457",68,"2025-06-25 19:51:35+00","-16.3324866","-71.5803466",1,0,0,0,"2594.0","223.7",15,0,"0.7",7,"0101000020E610000011D6106624E551C0B55B81D71D5530C0","{""1"":{},""2"":{},""4"":{},""8"":{}}","2025-06-25 19:52:41.137+00","2025-06-25 19:52:41.137+00","2025-06-25 19:52:41.137+00"
1487,"863192057915457",68,"2025-06-25 19:51:40+00","-16.3324866","-71.5803466",2,0,0,0,"2594.0","223.7",14,0,"0.7",7,"0101000020E610000011D6106624E551C0B55B81D71D5530C0","{""1"":{},""2"":{},""4"":{},""8"":{}}","2025-06-25 19:52:41.14+00","2025-06-25 19:52:41.14+00","2025-06-25 19:52:41.14+00"
1488,"863192057915457",68,"2025-06-25 19:51:45+00","-16.3324866","-71.5803466",3,0,0,0,"2594.0","223.7",14,0,"0.6",7,"0101000020E610000011D6106624E551C0B55B81D71D5530C0","{""1"":{},""2"":{},""4"":{},""8"":{}}","2025-06-25 19:52:41.142+00","2025-06-25 19:52:41.142+00","2025-06-25 19:52:41.142+00"
1489,"863192057915457",68,"2025-06-25 19:51:50+00","-16.3324866","-71.5803466",4,0,0,0,"2594.0","223.7",15,0,"0.6",7,"0101000020E610000011D6106624E551C0B55B81D71D5530C0","{""1"":{},""2"":{},""4"":{},""8"":{}}","2025-06-25 19:52:41.145+00","2025-06-25 19:52:41.145+00","2025-06-25 19:52:41.145+00"
1490,"863192057915457",68,"2025-06-25 19:51:55+00","-16.3324866","-71.5803466",5,0,0,0,"2594.0","223.7",15,0,"0.6",7,"0101000020E610000011D6106624E551C0B55B81D71D5530C0","{""1"":{},""2"":{},""4"":{},""8"":{}}","2025-06-25 19:52:41.148+00","2025-06-25 19:52:41.148+00","2025-06-25 19:52:41.148+00"
1491,"863192057915457",68,"2025-06-25 19:52:00+00","-16.3324866","-71.5803466",6,0,0,0,"2594.0","223.7",15,0,"0.6",7,"0101000020E610000011D6106624E551C0B55B81D71D5530C0","{""1"":{},""2"":{},""4"":{},""8"":{}}","2025-06-25 19:52:41.15+00","2025-06-25 19:52:41.15+00","2025-06-25 19:52:41.15+00"
1492,"863192057915457",68,"2025-06-25 19:52:05+00","-16.3324866","-71.5803466",7,0,0,0,"2594.0","223.7",15,0,"0.6",7,"0101000020E610000011D6106624E551C0B55B81D71D5530C0","{""1"":{},""2"":{},""4"":{},""8"":{}}","2025-06-25 19:52:41.153+00","2025-06-25 19:52:41.153+00","2025-06-25 19:52:41.153+00"
1493,"863192057915457",68,"2025-06-25 19:52:10+00","-16.3324866","-71.5803466",8,0,0,0,"2594.0","223.7",15,0,"0.6",7,"0101000020E610000011D6106624E551C0B55B81D71D5530C0","{""1"":{},""2"":{},""4"":{},""8"":{}}","2025-06-25 19:52:41.156+00","2025-06-25 19:52:41.156+00","2025-06-25 19:52:41.156+00"
1494,"863192057915457",68,"2025-06-25 19:52:15+00","-16.3324866","-71.5803466",9,0,0,0,"2594.0","223.7",15,0,"0.6",7,"0101000020E610000011D6106624E551C0B55B81D71D5530C0","{""1"":{},""2"":{},""4"":{},""8"":{}}","2025-06-25 19:52:41.158+00","2025-06-25 19:52:41.158+00","2025-06-25 19:52:41.158+00"
1495,"863192057915457",68,"2025-06-25 19:52:20+00","-16.3324866","-71.5803466",10,0,0,0,"2594.0","223.7",15,0,"0.6",7,"0101000020E610000011D6106624E551C0B55B81D71D5530C0","{""1"":{},""2"":{},""4"":{},""8"":{}}","2025-06-25 19:52:41.161+00","2025-06-25 19:52:41.161+00","2025-06-25 19:52:41.161+00"
1496,"863192057915457",68,"2025-06-25 19:52:25+00","-16.3324866","-71.5803466",11,0,0,0,"2594.0","223.7",15,0,"0.6",7,"0101000020E610000011D6106624E551C0B55B81D71D5530C0","{""1"":{},""2"":{},""4"":{},""8"":{}}","2025-06-25 19:52:41.164+00","2025-06-25 19:52:41.164+00","2025-06-25 19:52:41.164+00"
1497,"863192057915457",68,"2025-06-25 19:52:30+00","-16.3324850","-71.5803483",12,0,0,0,"2593.8","223.7",15,0,"0.7",7,"0101000020E61000008232326D24E551C01A69A9BC1D5530C0","{""1"":{},""2"":{},""4"":{},""8"":{}}","2025-06-25 19:52:41.166+00","2025-06-25 19:52:41.166+00","2025-06-25 19:52:41.166+00"
1498,"863192057915457",68,"2025-06-25 19:52:35+00","-16.3324850","-71.5803483",13,0,0,0,"2593.6","223.7",15,0,"0.7",7,"0101000020E61000008232326D24E551C01A69A9BC1D5530C0","{""1"":{},""2"":{},""4"":{},""8"":{}}","2025-06-25 19:52:41.168+00","2025-06-25 19:52:41.168+00","2025-06-25 19:52:41.168+00"
1499,"863192057915457",68,"2025-06-25 19:52:40+00","-16.3324850","-71.5803500",0,0,0,0,"2593.4","223.7",15,0,"0.7",7,"0101000020E6100000F38E537424E551C01A69A9BC1D5530C0","{""1"":{},""2"":{},""4"":{},""8"":{}}","2025-06-25 19:52:42.53+00","2025-06-25 19:52:42.53+00","2025-06-25 19:52:42.53+00"
1500,"863192057915457",68,"2025-06-25 19:52:45+00","-16.3324850","-71.5803500",0,0,0,0,"2593.4","223.7",15,0,"0.7",7,"0101000020E6100000F38E537424E551C01A69A9BC1D5530C0","{""1"":{},""2"":{},""4"":{},""8"":{}}","2025-06-25 19:52:46.171+00","2025-06-25 19:52:46.171+00","2025-06-25 19:52:46.171+00"
1501,"863192057915457",68,"2025-06-25 19:52:50+00","-16.3324833","-71.5803516",0,0,0,0,"2593.1","223.7",15,0,"0.7",7,"0101000020E61000009A8B097B24E551C056F723A01D5530C0","{""1"":{},""2"":{},""4"":{},""8"":{}}","2025-06-25 19:52:52.849+00","2025-06-25 19:52:52.85+00","2025-06-25 19:52:52.85+00"
1502,"863192057915457",68,"2025-06-25 19:52:50+00","-16.3324833","-71.5803516",0,0,0,0,"2593.1","223.7",15,0,"0.7",7,"0101000020E61000009A8B097B24E551C056F723A01D5530C0","{""1"":{},""2"":{},""4"":{},""8"":{}}","2025-06-25 19:52:54.194+00","2025-06-25 19:52:54.194+00","2025-06-25 19:52:54.194+00"
1503,"863192057915457",68,"2025-06-25 19:52:50+00","-16.3324833","-71.5803516",0,0,0,0,"2593.1","223.7",15,0,"0.7",7,"0101000020E61000009A8B097B24E551C056F723A01D5530C0","{""1"":{},""2"":{},""4"":{},""8"":{}}","2025-06-25 19:54:57.135+00","2025-06-25 19:54:57.135+00","2025-06-25 19:54:57.135+00"
1504,"863192057915457",68,"2025-06-25 19:52:55+00","-16.3324833","-71.5803516",1,0,0,0,"2593.1","223.7",16,0,"0.6",7,"0101000020E61000009A8B097B24E551C056F723A01D5530C0","{""1"":{},""2"":{},""4"":{},""8"":{}}","2025-06-25 19:54:57.185+00","2025-06-25 19:54:57.185+00","2025-06-25 19:54:57.185+00"
1505,"863192057915457",68,"2025-06-25 19:53:00+00","-16.3324833","-71.5803516",2,0,0,0,"2593.1","223.7",16,0,"0.6",7,"0101000020E61000009A8B097B24E551C056F723A01D5530C0","{""1"":{},""2"":{},""4"":{},""8"":{}}","2025-06-25 19:54:57.188+00","2025-06-25 19:54:57.188+00","2025-06-25 19:54:57.188+00"
1506,"863192057915457",68,"2025-06-25 19:53:05+00","-16.3324833","-71.5803516",3,0,0,0,"2593.1","223.7",15,0,"0.7",7,"0101000020E61000009A8B097B24E551C056F723A01D5530C0","{""1"":{},""2"":{},""4"":{},""8"":{}}","2025-06-25 19:54:57.192+00","2025-06-25 19:54:57.192+00","2025-06-25 19:54:57.192+00"
1507,"863192057915457",68,"2025-06-25 19:53:10+00","-16.3324833","-71.5803516",4,0,0,0,"2593.1","223.7",15,0,"0.7",7,"0101000020E61000009A8B097B24E551C056F723A01D5530C0","{""1"":{},""2"":{},""4"":{},""8"":{}}","2025-06-25 19:54:57.197+00","2025-06-25 19:54:57.197+00","2025-06-25 19:54:57.197+00"
1508,"863192057915457",68,"2025-06-25 19:53:15+00","-16.3324833","-71.5803516",5,0,0,0,"2593.1","223.7",15,0,"0.7",7,"0101000020E61000009A8B097B24E551C056F723A01D5530C0","{""1"":{},""2"":{},""4"":{},""8"":{}}","2025-06-25 19:54:57.2+00","2025-06-25 19:54:57.201+00","2025-06-25 19:54:57.201+00"
1509,"863192057915457",68,"2025-06-25 19:53:20+00","-16.3324833","-71.5803516",6,0,0,0,"2593.1","223.7",15,0,"0.7",7,"0101000020E61000009A8B097B24E551C056F723A01D5530C0","{""1"":{},""2"":{},""4"":{},""8"":{}}","2025-06-25 19:54:57.204+00","2025-06-25 19:54:57.204+00","2025-06-25 19:54:57.204+00"
1510,"863192057915457",68,"2025-06-25 19:53:25+00","-16.3324833","-71.5803516",7,0,0,0,"2593.1","223.7",15,0,"0.7",7,"0101000020E61000009A8B097B24E551C056F723A01D5530C0","{""1"":{},""2"":{},""4"":{},""8"":{}}","2025-06-25 19:54:57.208+00","2025-06-25 19:54:57.208+00","2025-06-25 19:54:57.208+00"
1511,"863192057915457",68,"2025-06-25 19:53:30+00","-16.3324833","-71.5803516",8,0,0,0,"2593.1","223.7",15,0,"0.7",7,"0101000020E61000009A8B097B24E551C056F723A01D5530C0","{""1"":{},""2"":{},""4"":{},""8"":{}}","2025-06-25 19:54:57.211+00","2025-06-25 19:54:57.211+00","2025-06-25 19:54:57.211+00"
1512,"863192057915457",68,"2025-06-25 19:53:35+00","-16.3324833","-71.5803516",9,0,0,0,"2593.1","223.7",15,0,"0.7",7,"0101000020E61000009A8B097B24E551C056F723A01D5530C0","{""1"":{},""2"":{},""4"":{},""8"":{}}","2025-06-25 19:54:57.214+00","2025-06-25 19:54:57.214+00","2025-06-25 19:54:57.214+00"
1513,"863192057915457",68,"2025-06-25 19:53:40+00","-16.3324833","-71.5803516",10,0,0,0,"2593.1","223.7",15,0,"0.7",7,"0101000020E61000009A8B097B24E551C056F723A01D5530C0","{""1"":{},""2"":{},""4"":{},""8"":{}}","2025-06-25 19:54:57.218+00","2025-06-25 19:54:57.218+00","2025-06-25 19:54:57.218+00"
1514,"863192057915457",68,"2025-06-25 19:53:45+00","-16.3324833","-71.5803516",11,0,0,0,"2593.1","223.7",16,0,"0.6",7,"0101000020E61000009A8B097B24E551C056F723A01D5530C0","{""1"":{},""2"":{},""4"":{},""8"":{}}","2025-06-25 19:54:57.22+00","2025-06-25 19:54:57.221+00","2025-06-25 19:54:57.221+00"
1515,"863192057915457",68,"2025-06-25 19:53:50+00","-16.3324833","-71.5803516",12,0,0,0,"2593.1","223.7",16,0,"0.6",7,"0101000020E61000009A8B097B24E551C056F723A01D5530C0","{""1"":{},""2"":{},""4"":{},""8"":{}}","2025-06-25 19:54:57.223+00","2025-06-25 19:54:57.223+00","2025-06-25 19:54:57.223+00"
1516,"863192057915457",68,"2025-06-25 19:53:55+00","-16.3324833","-71.5803516",13,0,0,0,"2593.1","223.7",16,0,"0.6",7,"0101000020E61000009A8B097B24E551C056F723A01D5530C0","{""1"":{},""2"":{},""4"":{},""8"":{}}","2025-06-25 19:54:57.226+00","2025-06-25 19:54:57.226+00","2025-06-25 19:54:57.226+00"
1517,"863192057915457",68,"2025-06-25 19:54:00+00","-16.3324833","-71.5803533",14,0,0,0,"2592.7","223.7",16,0,"0.6",7,"0101000020E61000000BE82A8224E551C056F723A01D5530C0","{""1"":{},""2"":{},""4"":{},""8"":{}}","2025-06-25 19:54:57.23+00","2025-06-25 19:54:57.23+00","2025-06-25 19:54:57.23+00"
1518,"863192057915457",68,"2025-06-25 19:54:05+00","-16.3324833","-71.5803533",15,0,0,0,"2592.7","223.7",16,0,"0.6",7,"0101000020E61000000BE82A8224E551C056F723A01D5530C0","{""1"":{},""2"":{},""4"":{},""8"":{}}","2025-06-25 19:54:57.233+00","2025-06-25 19:54:57.233+00","2025-06-25 19:54:57.233+00"
1519,"863192057915457",68,"2025-06-25 19:54:10+00","-16.3324833","-71.5803533",16,0,0,0,"2592.7","223.7",16,0,"0.7",7,"0101000020E61000000BE82A8224E551C056F723A01D5530C0","{""1"":{},""2"":{},""4"":{},""8"":{}}","2025-06-25 19:54:57.236+00","2025-06-25 19:54:57.236+00","2025-06-25 19:54:57.236+00"
1520,"863192057915457",68,"2025-06-25 19:54:15+00","-16.3324833","-71.5803533",17,0,0,0,"2592.7","223.7",16,0,"0.7",7,"0101000020E61000000BE82A8224E551C056F723A01D5530C0","{""1"":{},""2"":{},""4"":{},""8"":{}}","2025-06-25 19:54:57.238+00","2025-06-25 19:54:57.238+00","2025-06-25 19:54:57.238+00"
1521,"863192057915457",68,"2025-06-25 19:54:20+00","-16.3324833","-71.5803533",18,0,0,0,"2592.7","223.7",16,0,"0.7",7,"0101000020E61000000BE82A8224E551C056F723A01D5530C0","{""1"":{},""2"":{},""4"":{},""8"":{}}","2025-06-25 19:54:57.242+00","2025-06-25 19:54:57.242+00","2025-06-25 19:54:57.242+00"
1522,"863192057915457",68,"2025-06-25 19:54:25+00","-16.3324833","-71.5803533",19,0,0,0,"2592.7","223.7",16,0,"0.6",7,"0101000020E61000000BE82A8224E551C056F723A01D5530C0","{""1"":{},""2"":{},""4"":{},""8"":{}}","2025-06-25 19:54:57.245+00","2025-06-25 19:54:57.245+00","2025-06-25 19:54:57.245+00"
1523,"863192057915457",68,"2025-06-25 19:54:30+00","-16.3324833","-71.5803533",20,0,0,0,"2592.7","223.7",16,0,"0.6",7,"0101000020E61000000BE82A8224E551C056F723A01D5530C0","{""1"":{},""2"":{},""4"":{},""8"":{}}","2025-06-25 19:54:57.248+00","2025-06-25 19:54:57.248+00","2025-06-25 19:54:57.248+00"
1524,"863192057915457",68,"2025-06-25 19:54:35+00","-16.3324833","-71.5803533",21,0,0,0,"2592.7","223.7",16,0,"0.6",7,"0101000020E61000000BE82A8224E551C056F723A01D5530C0","{""1"":{},""2"":{},""4"":{},""8"":{}}","2025-06-25 19:54:57.25+00","2025-06-25 19:54:57.25+00","2025-06-25 19:54:57.25+00"
1525,"863192057915457",68,"2025-06-25 19:54:40+00","-16.3324833","-71.5803533",22,0,0,0,"2592.7","223.7",16,0,"0.6",7,"0101000020E61000000BE82A8224E551C056F723A01D5530C0","{""1"":{},""2"":{},""4"":{},""8"":{}}","2025-06-25 19:54:57.253+00","2025-06-25 19:54:57.253+00","2025-06-25 19:54:57.253+00"
1526,"863192057915457",68,"2025-06-25 19:54:45+00","-16.3324833","-71.5803533",23,0,0,0,"2592.7","223.7",16,0,"0.6",7,"0101000020E61000000BE82A8224E551C056F723A01D5530C0","{""1"":{},""2"":{},""4"":{},""8"":{}}","2025-06-25 19:54:57.256+00","2025-06-25 19:54:57.256+00","2025-06-25 19:54:57.256+00"
1527,"863192057915457",68,"2025-06-25 19:54:50+00","-16.3324833","-71.5803533",24,0,0,0,"2592.7","223.7",18,0,"0.6",7,"0101000020E61000000BE82A8224E551C056F723A01D5530C0","{""1"":{},""2"":{},""4"":{},""8"":{}}","2025-06-25 19:54:57.259+00","2025-06-25 19:54:57.259+00","2025-06-25 19:54:57.259+00"
1528,"863192057915457",68,"2025-06-25 19:54:55+00","-16.3324816","-71.5803600",25,0,0,0,"2591.8","223.7",18,0,"0.6",7,"0101000020E610000005FA449E24E551C092859E831D5530C0","{""1"":{},""2"":{},""4"":{},""8"":{}}","2025-06-25 19:54:57.262+00","2025-06-25 19:54:57.262+00","2025-06-25 19:54:57.262+00"
1529,"863192057915457",68,"2025-06-25 19:52:50+00","-16.3324833","-71.5803516",0,0,0,0,"2593.1","223.7",15,0,"0.7",7,"0101000020E61000009A8B097B24E551C056F723A01D5530C0","{""1"":{},""2"":{},""4"":{},""8"":{}}","2025-06-25 19:56:58.198+00","2025-06-25 19:56:58.198+00","2025-06-25 19:56:58.198+00"
1530,"863192057915457",68,"2025-06-25 19:52:55+00","-16.3324833","-71.5803516",1,0,0,0,"2593.1","223.7",16,0,"0.6",7,"0101000020E61000009A8B097B24E551C056F723A01D5530C0","{""1"":{},""2"":{},""4"":{},""8"":{}}","2025-06-25 19:56:58.23+00","2025-06-25 19:56:58.23+00","2025-06-25 19:56:58.23+00"
1531,"863192057915457",68,"2025-06-25 19:53:00+00","-16.3324833","-71.5803516",2,0,0,0,"2593.1","223.7",16,0,"0.6",7,"0101000020E61000009A8B097B24E551C056F723A01D5530C0","{""1"":{},""2"":{},""4"":{},""8"":{}}","2025-06-25 19:56:58.235+00","2025-06-25 19:56:58.235+00","2025-06-25 19:56:58.235+00"
1532,"863192057915457",68,"2025-06-25 19:53:05+00","-16.3324833","-71.5803516",3,0,0,0,"2593.1","223.7",15,0,"0.7",7,"0101000020E61000009A8B097B24E551C056F723A01D5530C0","{""1"":{},""2"":{},""4"":{},""8"":{}}","2025-06-25 19:56:58.238+00","2025-06-25 19:56:58.238+00","2025-06-25 19:56:58.238+00"
1533,"863192057915457",68,"2025-06-25 19:53:10+00","-16.3324833","-71.5803516",4,0,0,0,"2593.1","223.7",15,0,"0.7",7,"0101000020E61000009A8B097B24E551C056F723A01D5530C0","{""1"":{},""2"":{},""4"":{},""8"":{}}","2025-06-25 19:56:58.241+00","2025-06-25 19:56:58.241+00","2025-06-25 19:56:58.241+00"
1534,"863192057915457",68,"2025-06-25 19:53:15+00","-16.3324833","-71.5803516",5,0,0,0,"2593.1","223.7",15,0,"0.7",7,"0101000020E61000009A8B097B24E551C056F723A01D5530C0","{""1"":{},""2"":{},""4"":{},""8"":{}}","2025-06-25 19:56:58.244+00","2025-06-25 19:56:58.244+00","2025-06-25 19:56:58.244+00"
1535,"863192057915457",68,"2025-06-25 19:53:20+00","-16.3324833","-71.5803516",6,0,0,0,"2593.1","223.7",15,0,"0.7",7,"0101000020E61000009A8B097B24E551C056F723A01D5530C0","{""1"":{},""2"":{},""4"":{},""8"":{}}","2025-06-25 19:56:58.247+00","2025-06-25 19:56:58.247+00","2025-06-25 19:56:58.247+00"
1536,"863192057915457",68,"2025-06-25 19:53:25+00","-16.3324833","-71.5803516",7,0,0,0,"2593.1","223.7",15,0,"0.7",7,"0101000020E61000009A8B097B24E551C056F723A01D5530C0","{""1"":{},""2"":{},""4"":{},""8"":{}}","2025-06-25 19:56:58.25+00","2025-06-25 19:56:58.25+00","2025-06-25 19:56:58.25+00"
1537,"863192057915457",68,"2025-06-25 19:53:30+00","-16.3324833","-71.5803516",8,0,0,0,"2593.1","223.7",15,0,"0.7",7,"0101000020E61000009A8B097B24E551C056F723A01D5530C0","{""1"":{},""2"":{},""4"":{},""8"":{}}","2025-06-25 19:56:58.253+00","2025-06-25 19:56:58.254+00","2025-06-25 19:56:58.254+00"
1538,"863192057915457",68,"2025-06-25 19:53:35+00","-16.3324833","-71.5803516",9,0,0,0,"2593.1","223.7",15,0,"0.7",7,"0101000020E61000009A8B097B24E551C056F723A01D5530C0","{""1"":{},""2"":{},""4"":{},""8"":{}}","2025-06-25 19:56:58.258+00","2025-06-25 19:56:58.258+00","2025-06-25 19:56:58.258+00"
1539,"863192057915457",68,"2025-06-25 19:53:40+00","-16.3324833","-71.5803516",10,0,0,0,"2593.1","223.7",15,0,"0.7",7,"0101000020E61000009A8B097B24E551C056F723A01D5530C0","{""1"":{},""2"":{},""4"":{},""8"":{}}","2025-06-25 19:56:58.261+00","2025-06-25 19:56:58.261+00","2025-06-25 19:56:58.261+00"
1540,"863192057915457",68,"2025-06-25 19:53:45+00","-16.3324833","-71.5803516",11,0,0,0,"2593.1","223.7",16,0,"0.6",7,"0101000020E61000009A8B097B24E551C056F723A01D5530C0","{""1"":{},""2"":{},""4"":{},""8"":{}}","2025-06-25 19:56:58.264+00","2025-06-25 19:56:58.264+00","2025-06-25 19:56:58.264+00"
1541,"863192057915457",68,"2025-06-25 19:53:50+00","-16.3324833","-71.5803516",12,0,0,0,"2593.1","223.7",16,0,"0.6",7,"0101000020E61000009A8B097B24E551C056F723A01D5530C0","{""1"":{},""2"":{},""4"":{},""8"":{}}","2025-06-25 19:56:58.269+00","2025-06-25 19:56:58.269+00","2025-06-25 19:56:58.269+00"
1542,"863192057915457",68,"2025-06-25 19:53:55+00","-16.3324833","-71.5803516",13,0,0,0,"2593.1","223.7",16,0,"0.6",7,"0101000020E61000009A8B097B24E551C056F723A01D5530C0","{""1"":{},""2"":{},""4"":{},""8"":{}}","2025-06-25 19:56:58.273+00","2025-06-25 19:56:58.273+00","2025-06-25 19:56:58.273+00"
1543,"863192057915457",68,"2025-06-25 19:54:00+00","-16.3324833","-71.5803533",14,0,0,0,"2592.7","223.7",16,0,"0.6",7,"0101000020E61000000BE82A8224E551C056F723A01D5530C0","{""1"":{},""2"":{},""4"":{},""8"":{}}","2025-06-25 19:56:58.277+00","2025-06-25 19:56:58.277+00","2025-06-25 19:56:58.277+00"
1544,"863192057915457",68,"2025-06-25 19:54:05+00","-16.3324833","-71.5803533",15,0,0,0,"2592.7","223.7",16,0,"0.6",7,"0101000020E61000000BE82A8224E551C056F723A01D5530C0","{""1"":{},""2"":{},""4"":{},""8"":{}}","2025-06-25 19:56:58.279+00","2025-06-25 19:56:58.279+00","2025-06-25 19:56:58.279+00"
1545,"863192057915457",68,"2025-06-25 19:54:10+00","-16.3324833","-71.5803533",16,0,0,0,"2592.7","223.7",16,0,"0.7",7,"0101000020E61000000BE82A8224E551C056F723A01D5530C0","{""1"":{},""2"":{},""4"":{},""8"":{}}","2025-06-25 19:56:58.282+00","2025-06-25 19:56:58.282+00","2025-06-25 19:56:58.282+00"
1546,"863192057915457",68,"2025-06-25 19:54:15+00","-16.3324833","-71.5803533",17,0,0,0,"2592.7","223.7",16,0,"0.7",7,"0101000020E61000000BE82A8224E551C056F723A01D5530C0","{""1"":{},""2"":{},""4"":{},""8"":{}}","2025-06-25 19:56:58.285+00","2025-06-25 19:56:58.285+00","2025-06-25 19:56:58.285+00"
1547,"863192057915457",68,"2025-06-25 19:54:20+00","-16.3324833","-71.5803533",18,0,0,0,"2592.7","223.7",16,0,"0.7",7,"0101000020E61000000BE82A8224E551C056F723A01D5530C0","{""1"":{},""2"":{},""4"":{},""8"":{}}","2025-06-25 19:56:58.288+00","2025-06-25 19:56:58.288+00","2025-06-25 19:56:58.288+00"
1548,"863192057915457",68,"2025-06-25 19:54:25+00","-16.3324833","-71.5803533",19,0,0,0,"2592.7","223.7",16,0,"0.6",7,"0101000020E61000000BE82A8224E551C056F723A01D5530C0","{""1"":{},""2"":{},""4"":{},""8"":{}}","2025-06-25 19:56:58.292+00","2025-06-25 19:56:58.292+00","2025-06-25 19:56:58.292+00"
1549,"863192057915457",68,"2025-06-25 19:54:30+00","-16.3324833","-71.5803533",20,0,0,0,"2592.7","223.7",16,0,"0.6",7,"0101000020E61000000BE82A8224E551C056F723A01D5530C0","{""1"":{},""2"":{},""4"":{},""8"":{}}","2025-06-25 19:56:58.295+00","2025-06-25 19:56:58.295+00","2025-06-25 19:56:58.295+00"
1550,"863192057915457",68,"2025-06-25 19:54:35+00","-16.3324833","-71.5803533",21,0,0,0,"2592.7","223.7",16,0,"0.6",7,"0101000020E61000000BE82A8224E551C056F723A01D5530C0","{""1"":{},""2"":{},""4"":{},""8"":{}}","2025-06-25 19:56:58.298+00","2025-06-25 19:56:58.298+00","2025-06-25 19:56:58.298+00"
1551,"863192057915457",68,"2025-06-25 19:54:40+00","-16.3324833","-71.5803533",22,0,0,0,"2592.7","223.7",16,0,"0.6",7,"0101000020E61000000BE82A8224E551C056F723A01D5530C0","{""1"":{},""2"":{},""4"":{},""8"":{}}","2025-06-25 19:56:58.301+00","2025-06-25 19:56:58.302+00","2025-06-25 19:56:58.302+00"
1552,"863192057915457",68,"2025-06-25 19:54:45+00","-16.3324833","-71.5803533",23,0,0,0,"2592.7","223.7",16,0,"0.6",7,"0101000020E61000000BE82A8224E551C056F723A01D5530C0","{""1"":{},""2"":{},""4"":{},""8"":{}}","2025-06-25 19:56:58.305+00","2025-06-25 19:56:58.305+00","2025-06-25 19:56:58.305+00"
1553,"863192057915457",68,"2025-06-25 19:54:50+00","-16.3324833","-71.5803533",24,0,0,0,"2592.7","223.7",18,0,"0.6",7,"0101000020E61000000BE82A8224E551C056F723A01D5530C0","{""1"":{},""2"":{},""4"":{},""8"":{}}","2025-06-25 19:56:58.308+00","2025-06-25 19:56:58.308+00","2025-06-25 19:56:58.308+00"
1554,"863192057915457",68,"2025-06-25 19:54:55+00","-16.3324816","-71.5803600",25,0,0,0,"2591.8","223.7",18,0,"0.6",7,"0101000020E610000005FA449E24E551C092859E831D5530C0","{""1"":{},""2"":{},""4"":{},""8"":{}}","2025-06-25 19:56:58.311+00","2025-06-25 19:56:58.311+00","2025-06-25 19:56:58.311+00"
1555,"863192057915457",68,"2025-06-25 19:55:00+00","-16.3324816","-71.5803600",26,0,0,0,"2591.8","223.7",18,0,"0.6",7,"0101000020E610000005FA449E24E551C092859E831D5530C0","{""1"":{},""2"":{},""4"":{},""8"":{}}","2025-06-25 19:56:58.314+00","2025-06-25 19:56:58.314+00","2025-06-25 19:56:58.314+00"
1556,"863192057915457",68,"2025-06-25 19:55:05+00","-16.3324800","-71.5803616",27,0,0,0,"2591.3","98.3",18,0,"0.6",7,"0101000020E6100000ACF6FAA424E551C0F792C6681D5530C0","{""1"":{},""2"":{},""4"":{},""8"":{}}","2025-06-25 19:56:58.317+00","2025-06-25 19:56:58.317+00","2025-06-25 19:56:58.317+00"
1557,"863192057915457",68,"2025-06-25 19:55:10+00","-16.3324800","-71.5803616",28,0,0,0,"2591.3","98.3",18,0,"0.6",7,"0101000020E6100000ACF6FAA424E551C0F792C6681D5530C0","{""1"":{},""2"":{},""4"":{},""8"":{}}","2025-06-25 19:56:58.32+00","2025-06-25 19:56:58.32+00","2025-06-25 19:56:58.32+00"
1558,"863192057915457",68,"2025-06-25 19:55:15+00","-16.3324800","-71.5803616",29,0,0,0,"2591.3","98.3",18,0,"0.6",7,"0101000020E6100000ACF6FAA424E551C0F792C6681D5530C0","{""1"":{},""2"":{},""4"":{},""8"":{}}","2025-06-25 19:56:58.322+00","2025-06-25 19:56:58.322+00","2025-06-25 19:56:58.322+00"
1559,"863192057915457",68,"2025-06-25 19:52:50+00","-16.3324833","-71.5803516",0,0,0,0,"2593.1","223.7",15,0,"0.7",7,"0101000020E61000009A8B097B24E551C056F723A01D5530C0","{""1"":{},""2"":{},""4"":{},""8"":{}}","2025-06-25 19:58:59.609+00","2025-06-25 19:58:59.609+00","2025-06-25 19:58:59.609+00"
1560,"863192057915457",68,"2025-06-25 19:52:55+00","-16.3324833","-71.5803516",1,0,0,0,"2593.1","223.7",16,0,"0.6",7,"0101000020E61000009A8B097B24E551C056F723A01D5530C0","{""1"":{},""2"":{},""4"":{},""8"":{}}","2025-06-25 19:58:59.639+00","2025-06-25 19:58:59.639+00","2025-06-25 19:58:59.639+00"
1561,"863192057915457",68,"2025-06-25 19:53:00+00","-16.3324833","-71.5803516",2,0,0,0,"2593.1","223.7",16,0,"0.6",7,"0101000020E61000009A8B097B24E551C056F723A01D5530C0","{""1"":{},""2"":{},""4"":{},""8"":{}}","2025-06-25 19:58:59.642+00","2025-06-25 19:58:59.642+00","2025-06-25 19:58:59.642+00"
1562,"863192057915457",68,"2025-06-25 19:53:05+00","-16.3324833","-71.5803516",3,0,0,0,"2593.1","223.7",15,0,"0.7",7,"0101000020E61000009A8B097B24E551C056F723A01D5530C0","{""1"":{},""2"":{},""4"":{},""8"":{}}","2025-06-25 19:58:59.644+00","2025-06-25 19:58:59.644+00","2025-06-25 19:58:59.644+00"
1563,"863192057915457",68,"2025-06-25 19:53:10+00","-16.3324833","-71.5803516",4,0,0,0,"2593.1","223.7",15,0,"0.7",7,"0101000020E61000009A8B097B24E551C056F723A01D5530C0","{""1"":{},""2"":{},""4"":{},""8"":{}}","2025-06-25 19:58:59.646+00","2025-06-25 19:58:59.646+00","2025-06-25 19:58:59.646+00"
1564,"863192057915457",68,"2025-06-25 19:53:15+00","-16.3324833","-71.5803516",5,0,0,0,"2593.1","223.7",15,0,"0.7",7,"0101000020E61000009A8B097B24E551C056F723A01D5530C0","{""1"":{},""2"":{},""4"":{},""8"":{}}","2025-06-25 19:58:59.65+00","2025-06-25 19:58:59.65+00","2025-06-25 19:58:59.65+00"
1565,"863192057915457",68,"2025-06-25 19:53:20+00","-16.3324833","-71.5803516",6,0,0,0,"2593.1","223.7",15,0,"0.7",7,"0101000020E61000009A8B097B24E551C056F723A01D5530C0","{""1"":{},""2"":{},""4"":{},""8"":{}}","2025-06-25 19:58:59.653+00","2025-06-25 19:58:59.653+00","2025-06-25 19:58:59.653+00"
1566,"863192057915457",68,"2025-06-25 19:53:25+00","-16.3324833","-71.5803516",7,0,0,0,"2593.1","223.7",15,0,"0.7",7,"0101000020E61000009A8B097B24E551C056F723A01D5530C0","{""1"":{},""2"":{},""4"":{},""8"":{}}","2025-06-25 19:58:59.655+00","2025-06-25 19:58:59.655+00","2025-06-25 19:58:59.655+00"
1567,"863192057915457",68,"2025-06-25 19:53:30+00","-16.3324833","-71.5803516",8,0,0,0,"2593.1","223.7",15,0,"0.7",7,"0101000020E61000009A8B097B24E551C056F723A01D5530C0","{""1"":{},""2"":{},""4"":{},""8"":{}}","2025-06-25 19:58:59.658+00","2025-06-25 19:58:59.658+00","2025-06-25 19:58:59.658+00"
1568,"863192057915457",68,"2025-06-25 19:53:35+00","-16.3324833","-71.5803516",9,0,0,0,"2593.1","223.7",15,0,"0.7",7,"0101000020E61000009A8B097B24E551C056F723A01D5530C0","{""1"":{},""2"":{},""4"":{},""8"":{}}","2025-06-25 19:58:59.66+00","2025-06-25 19:58:59.66+00","2025-06-25 19:58:59.66+00"
1569,"863192057915457",68,"2025-06-25 19:53:40+00","-16.3324833","-71.5803516",10,0,0,0,"2593.1","223.7",15,0,"0.7",7,"0101000020E61000009A8B097B24E551C056F723A01D5530C0","{""1"":{},""2"":{},""4"":{},""8"":{}}","2025-06-25 19:58:59.663+00","2025-06-25 19:58:59.663+00","2025-06-25 19:58:59.663+00"
1570,"863192057915457",68,"2025-06-25 19:53:45+00","-16.3324833","-71.5803516",11,0,0,0,"2593.1","223.7",16,0,"0.6",7,"0101000020E61000009A8B097B24E551C056F723A01D5530C0","{""1"":{},""2"":{},""4"":{},""8"":{}}","2025-06-25 19:58:59.665+00","2025-06-25 19:58:59.665+00","2025-06-25 19:58:59.665+00"
1571,"863192057915457",68,"2025-06-25 19:53:50+00","-16.3324833","-71.5803516",12,0,0,0,"2593.1","223.7",16,0,"0.6",7,"0101000020E61000009A8B097B24E551C056F723A01D5530C0","{""1"":{},""2"":{},""4"":{},""8"":{}}","2025-06-25 19:58:59.668+00","2025-06-25 19:58:59.668+00","2025-06-25 19:58:59.668+00"
1572,"863192057915457",68,"2025-06-25 19:53:55+00","-16.3324833","-71.5803516",13,0,0,0,"2593.1","223.7",16,0,"0.6",7,"0101000020E61000009A8B097B24E551C056F723A01D5530C0","{""1"":{},""2"":{},""4"":{},""8"":{}}","2025-06-25 19:58:59.67+00","2025-06-25 19:58:59.67+00","2025-06-25 19:58:59.67+00"
1573,"863192057915457",68,"2025-06-25 19:54:00+00","-16.3324833","-71.5803533",14,0,0,0,"2592.7","223.7",16,0,"0.6",7,"0101000020E61000000BE82A8224E551C056F723A01D5530C0","{""1"":{},""2"":{},""4"":{},""8"":{}}","2025-06-25 19:58:59.673+00","2025-06-25 19:58:59.673+00","2025-06-25 19:58:59.673+00"
1574,"863192057915457",68,"2025-06-25 19:54:05+00","-16.3324833","-71.5803533",15,0,0,0,"2592.7","223.7",16,0,"0.6",7,"0101000020E61000000BE82A8224E551C056F723A01D5530C0","{""1"":{},""2"":{},""4"":{},""8"":{}}","2025-06-25 19:58:59.676+00","2025-06-25 19:58:59.676+00","2025-06-25 19:58:59.676+00"
1575,"863192057915457",68,"2025-06-25 19:54:10+00","-16.3324833","-71.5803533",16,0,0,0,"2592.7","223.7",16,0,"0.7",7,"0101000020E61000000BE82A8224E551C056F723A01D5530C0","{""1"":{},""2"":{},""4"":{},""8"":{}}","2025-06-25 19:58:59.678+00","2025-06-25 19:58:59.678+00","2025-06-25 19:58:59.678+00"
1576,"863192057915457",68,"2025-06-25 19:54:15+00","-16.3324833","-71.5803533",17,0,0,0,"2592.7","223.7",16,0,"0.7",7,"0101000020E61000000BE82A8224E551C056F723A01D5530C0","{""1"":{},""2"":{},""4"":{},""8"":{}}","2025-06-25 19:58:59.681+00","2025-06-25 19:58:59.681+00","2025-06-25 19:58:59.681+00"
1577,"863192057915457",68,"2025-06-25 19:54:20+00","-16.3324833","-71.5803533",18,0,0,0,"2592.7","223.7",16,0,"0.7",7,"0101000020E61000000BE82A8224E551C056F723A01D5530C0","{""1"":{},""2"":{},""4"":{},""8"":{}}","2025-06-25 19:58:59.684+00","2025-06-25 19:58:59.684+00","2025-06-25 19:58:59.684+00"
1578,"863192057915457",68,"2025-06-25 19:54:25+00","-16.3324833","-71.5803533",19,0,0,0,"2592.7","223.7",16,0,"0.6",7,"0101000020E61000000BE82A8224E551C056F723A01D5530C0","{""1"":{},""2"":{},""4"":{},""8"":{}}","2025-06-25 19:58:59.686+00","2025-06-25 19:58:59.686+00","2025-06-25 19:58:59.686+00"
1579,"863192057915457",68,"2025-06-25 19:54:30+00","-16.3324833","-71.5803533",20,0,0,0,"2592.7","223.7",16,0,"0.6",7,"0101000020E61000000BE82A8224E551C056F723A01D5530C0","{""1"":{},""2"":{},""4"":{},""8"":{}}","2025-06-25 19:58:59.689+00","2025-06-25 19:58:59.689+00","2025-06-25 19:58:59.689+00"
1580,"863192057915457",68,"2025-06-25 19:54:35+00","-16.3324833","-71.5803533",21,0,0,0,"2592.7","223.7",16,0,"0.6",7,"0101000020E61000000BE82A8224E551C056F723A01D5530C0","{""1"":{},""2"":{},""4"":{},""8"":{}}","2025-06-25 19:58:59.691+00","2025-06-25 19:58:59.691+00","2025-06-25 19:58:59.691+00"
1581,"863192057915457",68,"2025-06-25 19:54:40+00","-16.3324833","-71.5803533",22,0,0,0,"2592.7","223.7",16,0,"0.6",7,"0101000020E61000000BE82A8224E551C056F723A01D5530C0","{""1"":{},""2"":{},""4"":{},""8"":{}}","2025-06-25 19:58:59.694+00","2025-06-25 19:58:59.694+00","2025-06-25 19:58:59.694+00"
1582,"863192057915457",68,"2025-06-25 19:54:45+00","-16.3324833","-71.5803533",23,0,0,0,"2592.7","223.7",16,0,"0.6",7,"0101000020E61000000BE82A8224E551C056F723A01D5530C0","{""1"":{},""2"":{},""4"":{},""8"":{}}","2025-06-25 19:58:59.697+00","2025-06-25 19:58:59.697+00","2025-06-25 19:58:59.697+00"
1583,"863192057915457",68,"2025-06-25 19:54:50+00","-16.3324833","-71.5803533",24,0,0,0,"2592.7","223.7",18,0,"0.6",7,"0101000020E61000000BE82A8224E551C056F723A01D5530C0","{""1"":{},""2"":{},""4"":{},""8"":{}}","2025-06-25 19:58:59.7+00","2025-06-25 19:58:59.7+00","2025-06-25 19:58:59.7+00"
1584,"863192057915457",68,"2025-06-25 19:54:55+00","-16.3324816","-71.5803600",25,0,0,0,"2591.8","223.7",18,0,"0.6",7,"0101000020E610000005FA449E24E551C092859E831D5530C0","{""1"":{},""2"":{},""4"":{},""8"":{}}","2025-06-25 19:58:59.702+00","2025-06-25 19:58:59.703+00","2025-06-25 19:58:59.703+00"
1585,"863192057915457",68,"2025-06-25 19:55:00+00","-16.3324816","-71.5803600",26,0,0,0,"2591.8","223.7",18,0,"0.6",7,"0101000020E610000005FA449E24E551C092859E831D5530C0","{""1"":{},""2"":{},""4"":{},""8"":{}}","2025-06-25 19:58:59.706+00","2025-06-25 19:58:59.706+00","2025-06-25 19:58:59.706+00"
1586,"863192057915457",68,"2025-06-25 19:55:05+00","-16.3324800","-71.5803616",27,0,0,0,"2591.3","98.3",18,0,"0.6",7,"0101000020E6100000ACF6FAA424E551C0F792C6681D5530C0","{""1"":{},""2"":{},""4"":{},""8"":{}}","2025-06-25 19:58:59.708+00","2025-06-25 19:58:59.708+00","2025-06-25 19:58:59.708+00"
1587,"863192057915457",68,"2025-06-25 19:55:10+00","-16.3324800","-71.5803616",28,0,0,0,"2591.3","98.3",18,0,"0.6",7,"0101000020E6100000ACF6FAA424E551C0F792C6681D5530C0","{""1"":{},""2"":{},""4"":{},""8"":{}}","2025-06-25 19:58:59.711+00","2025-06-25 19:58:59.711+00","2025-06-25 19:58:59.711+00"
1588,"863192057915457",68,"2025-06-25 19:55:15+00","-16.3324800","-71.5803616",29,0,0,0,"2591.3","98.3",18,0,"0.6",7,"0101000020E6100000ACF6FAA424E551C0F792C6681D5530C0","{""1"":{},""2"":{},""4"":{},""8"":{}}","2025-06-25 19:58:59.714+00","2025-06-25 19:58:59.714+00","2025-06-25 19:58:59.714+00"
1589,"863192057915457",68,"2025-06-25 19:52:50+00","-16.3324833","-71.5803516",0,0,0,0,"2593.1","223.7",15,0,"0.7",7,"0101000020E61000009A8B097B24E551C056F723A01D5530C0","{""1"":{},""2"":{},""4"":{},""8"":{}}","2025-06-25 20:01:01.154+00","2025-06-25 20:01:01.154+00","2025-06-25 20:01:01.154+00"
1590,"863192057915457",68,"2025-06-25 19:52:55+00","-16.3324833","-71.5803516",1,0,0,0,"2593.1","223.7",16,0,"0.6",7,"0101000020E61000009A8B097B24E551C056F723A01D5530C0","{""1"":{},""2"":{},""4"":{},""8"":{}}","2025-06-25 20:01:01.239+00","2025-06-25 20:01:01.239+00","2025-06-25 20:01:01.239+00"
1591,"863192057915457",68,"2025-06-25 19:53:00+00","-16.3324833","-71.5803516",2,0,0,0,"2593.1","223.7",16,0,"0.6",7,"0101000020E61000009A8B097B24E551C056F723A01D5530C0","{""1"":{},""2"":{},""4"":{},""8"":{}}","2025-06-25 20:01:01.249+00","2025-06-25 20:01:01.25+00","2025-06-25 20:01:01.25+00"
1592,"863192057915457",68,"2025-06-25 19:53:05+00","-16.3324833","-71.5803516",3,0,0,0,"2593.1","223.7",15,0,"0.7",7,"0101000020E61000009A8B097B24E551C056F723A01D5530C0","{""1"":{},""2"":{},""4"":{},""8"":{}}","2025-06-25 20:01:01.255+00","2025-06-25 20:01:01.255+00","2025-06-25 20:01:01.255+00"
1593,"863192057915457",68,"2025-06-25 19:53:10+00","-16.3324833","-71.5803516",4,0,0,0,"2593.1","223.7",15,0,"0.7",7,"0101000020E61000009A8B097B24E551C056F723A01D5530C0","{""1"":{},""2"":{},""4"":{},""8"":{}}","2025-06-25 20:01:01.267+00","2025-06-25 20:01:01.267+00","2025-06-25 20:01:01.267+00"
1594,"863192057915457",68,"2025-06-25 19:53:15+00","-16.3324833","-71.5803516",5,0,0,0,"2593.1","223.7",15,0,"0.7",7,"0101000020E61000009A8B097B24E551C056F723A01D5530C0","{""1"":{},""2"":{},""4"":{},""8"":{}}","2025-06-25 20:01:01.302+00","2025-06-25 20:01:01.302+00","2025-06-25 20:01:01.302+00"
1595,"863192057915457",68,"2025-06-25 19:53:20+00","-16.3324833","-71.5803516",6,0,0,0,"2593.1","223.7",15,0,"0.7",7,"0101000020E61000009A8B097B24E551C056F723A01D5530C0","{""1"":{},""2"":{},""4"":{},""8"":{}}","2025-06-25 20:01:01.307+00","2025-06-25 20:01:01.308+00","2025-06-25 20:01:01.308+00"
1596,"863192057915457",68,"2025-06-25 19:53:25+00","-16.3324833","-71.5803516",7,0,0,0,"2593.1","223.7",15,0,"0.7",7,"0101000020E61000009A8B097B24E551C056F723A01D5530C0","{""1"":{},""2"":{},""4"":{},""8"":{}}","2025-06-25 20:01:01.315+00","2025-06-25 20:01:01.321+00","2025-06-25 20:01:01.321+00"
1597,"863192057915457",68,"2025-06-25 19:53:30+00","-16.3324833","-71.5803516",8,0,0,0,"2593.1","223.7",15,0,"0.7",7,"0101000020E61000009A8B097B24E551C056F723A01D5530C0","{""1"":{},""2"":{},""4"":{},""8"":{}}","2025-06-25 20:01:01.329+00","2025-06-25 20:01:01.329+00","2025-06-25 20:01:01.329+00"
1598,"863192057915457",68,"2025-06-25 19:53:35+00","-16.3324833","-71.5803516",9,0,0,0,"2593.1","223.7",15,0,"0.7",7,"0101000020E61000009A8B097B24E551C056F723A01D5530C0","{""1"":{},""2"":{},""4"":{},""8"":{}}","2025-06-25 20:01:01.333+00","2025-06-25 20:01:01.333+00","2025-06-25 20:01:01.333+00"
1599,"863192057915457",68,"2025-06-25 19:53:40+00","-16.3324833","-71.5803516",10,0,0,0,"2593.1","223.7",15,0,"0.7",7,"0101000020E61000009A8B097B24E551C056F723A01D5530C0","{""1"":{},""2"":{},""4"":{},""8"":{}}","2025-06-25 20:01:01.34+00","2025-06-25 20:01:01.34+00","2025-06-25 20:01:01.34+00"
1600,"863192057915457",68,"2025-06-25 19:53:45+00","-16.3324833","-71.5803516",11,0,0,0,"2593.1","223.7",16,0,"0.6",7,"0101000020E61000009A8B097B24E551C056F723A01D5530C0","{""1"":{},""2"":{},""4"":{},""8"":{}}","2025-06-25 20:01:01.349+00","2025-06-25 20:01:01.349+00","2025-06-25 20:01:01.349+00"
1601,"863192057915457",68,"2025-06-25 19:53:50+00","-16.3324833","-71.5803516",12,0,0,0,"2593.1","223.7",16,0,"0.6",7,"0101000020E61000009A8B097B24E551C056F723A01D5530C0","{""1"":{},""2"":{},""4"":{},""8"":{}}","2025-06-25 20:01:01.363+00","2025-06-25 20:01:01.363+00","2025-06-25 20:01:01.363+00"
1602,"863192057915457",68,"2025-06-25 19:53:55+00","-16.3324833","-71.5803516",13,0,0,0,"2593.1","223.7",16,0,"0.6",7,"0101000020E61000009A8B097B24E551C056F723A01D5530C0","{""1"":{},""2"":{},""4"":{},""8"":{}}","2025-06-25 20:01:01.374+00","2025-06-25 20:01:01.374+00","2025-06-25 20:01:01.374+00"
1603,"863192057915457",68,"2025-06-25 19:54:00+00","-16.3324833","-71.5803533",14,0,0,0,"2592.7","223.7",16,0,"0.6",7,"0101000020E61000000BE82A8224E551C056F723A01D5530C0","{""1"":{},""2"":{},""4"":{},""8"":{}}","2025-06-25 20:01:01.379+00","2025-06-25 20:01:01.379+00","2025-06-25 20:01:01.379+00"
1604,"863192057915457",68,"2025-06-25 19:54:05+00","-16.3324833","-71.5803533",15,0,0,0,"2592.7","223.7",16,0,"0.6",7,"0101000020E61000000BE82A8224E551C056F723A01D5530C0","{""1"":{},""2"":{},""4"":{},""8"":{}}","2025-06-25 20:01:01.383+00","2025-06-25 20:01:01.383+00","2025-06-25 20:01:01.383+00"
1605,"863192057915457",68,"2025-06-25 19:54:10+00","-16.3324833","-71.5803533",16,0,0,0,"2592.7","223.7",16,0,"0.7",7,"0101000020E61000000BE82A8224E551C056F723A01D5530C0","{""1"":{},""2"":{},""4"":{},""8"":{}}","2025-06-25 20:01:01.387+00","2025-06-25 20:01:01.387+00","2025-06-25 20:01:01.387+00"
1606,"863192057915457",68,"2025-06-25 19:54:15+00","-16.3324833","-71.5803533",17,0,0,0,"2592.7","223.7",16,0,"0.7",7,"0101000020E61000000BE82A8224E551C056F723A01D5530C0","{""1"":{},""2"":{},""4"":{},""8"":{}}","2025-06-25 20:01:01.393+00","2025-06-25 20:01:01.394+00","2025-06-25 20:01:01.394+00"
1607,"863192057915457",68,"2025-06-25 19:54:20+00","-16.3324833","-71.5803533",18,0,0,0,"2592.7","223.7",16,0,"0.7",7,"0101000020E61000000BE82A8224E551C056F723A01D5530C0","{""1"":{},""2"":{},""4"":{},""8"":{}}","2025-06-25 20:01:01.406+00","2025-06-25 20:01:01.406+00","2025-06-25 20:01:01.406+00"
1608,"863192057915457",68,"2025-06-25 19:54:25+00","-16.3324833","-71.5803533",19,0,0,0,"2592.7","223.7",16,0,"0.6",7,"0101000020E61000000BE82A8224E551C056F723A01D5530C0","{""1"":{},""2"":{},""4"":{},""8"":{}}","2025-06-25 20:01:01.41+00","2025-06-25 20:01:01.41+00","2025-06-25 20:01:01.41+00"
1609,"863192057915457",68,"2025-06-25 19:54:30+00","-16.3324833","-71.5803533",20,0,0,0,"2592.7","223.7",16,0,"0.6",7,"0101000020E61000000BE82A8224E551C056F723A01D5530C0","{""1"":{},""2"":{},""4"":{},""8"":{}}","2025-06-25 20:01:01.415+00","2025-06-25 20:01:01.415+00","2025-06-25 20:01:01.415+00"
1610,"863192057915457",68,"2025-06-25 19:54:35+00","-16.3324833","-71.5803533",21,0,0,0,"2592.7","223.7",16,0,"0.6",7,"0101000020E61000000BE82A8224E551C056F723A01D5530C0","{""1"":{},""2"":{},""4"":{},""8"":{}}","2025-06-25 20:01:01.419+00","2025-06-25 20:01:01.42+00","2025-06-25 20:01:01.42+00"
1611,"863192057915457",68,"2025-06-25 19:54:40+00","-16.3324833","-71.5803533",22,0,0,0,"2592.7","223.7",16,0,"0.6",7,"0101000020E61000000BE82A8224E551C056F723A01D5530C0","{""1"":{},""2"":{},""4"":{},""8"":{}}","2025-06-25 20:01:01.424+00","2025-06-25 20:01:01.424+00","2025-06-25 20:01:01.424+00"
1612,"863192057915457",68,"2025-06-25 19:54:45+00","-16.3324833","-71.5803533",23,0,0,0,"2592.7","223.7",16,0,"0.6",7,"0101000020E61000000BE82A8224E551C056F723A01D5530C0","{""1"":{},""2"":{},""4"":{},""8"":{}}","2025-06-25 20:01:01.428+00","2025-06-25 20:01:01.428+00","2025-06-25 20:01:01.428+00"
1613,"863192057915457",68,"2025-06-25 19:54:50+00","-16.3324833","-71.5803533",24,0,0,0,"2592.7","223.7",18,0,"0.6",7,"0101000020E61000000BE82A8224E551C056F723A01D5530C0","{""1"":{},""2"":{},""4"":{},""8"":{}}","2025-06-25 20:01:01.432+00","2025-06-25 20:01:01.433+00","2025-06-25 20:01:01.433+00"
1614,"863192057915457",68,"2025-06-25 19:54:55+00","-16.3324816","-71.5803600",25,0,0,0,"2591.8","223.7",18,0,"0.6",7,"0101000020E610000005FA449E24E551C092859E831D5530C0","{""1"":{},""2"":{},""4"":{},""8"":{}}","2025-06-25 20:01:01.45+00","2025-06-25 20:01:01.45+00","2025-06-25 20:01:01.45+00"
1615,"863192057915457",68,"2025-06-25 19:55:00+00","-16.3324816","-71.5803600",26,0,0,0,"2591.8","223.7",18,0,"0.6",7,"0101000020E610000005FA449E24E551C092859E831D5530C0","{""1"":{},""2"":{},""4"":{},""8"":{}}","2025-06-25 20:01:01.503+00","2025-06-25 20:01:01.503+00","2025-06-25 20:01:01.503+00"
1616,"863192057915457",68,"2025-06-25 19:55:05+00","-16.3324800","-71.5803616",27,0,0,0,"2591.3","98.3",18,0,"0.6",7,"0101000020E6100000ACF6FAA424E551C0F792C6681D5530C0","{""1"":{},""2"":{},""4"":{},""8"":{}}","2025-06-25 20:01:01.548+00","2025-06-25 20:01:01.551+00","2025-06-25 20:01:01.551+00"
1617,"863192057915457",68,"2025-06-25 19:55:10+00","-16.3324800","-71.5803616",28,0,0,0,"2591.3","98.3",18,0,"0.6",7,"0101000020E6100000ACF6FAA424E551C0F792C6681D5530C0","{""1"":{},""2"":{},""4"":{},""8"":{}}","2025-06-25 20:01:01.586+00","2025-06-25 20:01:01.586+00","2025-06-25 20:01:01.586+00"
1618,"863192057915457",68,"2025-06-25 19:55:15+00","-16.3324800","-71.5803616",29,0,0,0,"2591.3","98.3",18,0,"0.6",7,"0101000020E6100000ACF6FAA424E551C0F792C6681D5530C0","{""1"":{},""2"":{},""4"":{},""8"":{}}","2025-06-25 20:01:01.607+00","2025-06-25 20:01:01.607+00","2025-06-25 20:01:01.607+00"
1619,"863192057915457",68,"2025-06-25 19:52:50+00","-16.3324833","-71.5803516",0,0,0,0,"2593.1","223.7",15,0,"0.7",7,"0101000020E61000009A8B097B24E551C056F723A01D5530C0","{""1"":{},""2"":{},""4"":{},""8"":{}}","2025-06-25 20:03:39.916+00","2025-06-25 20:03:39.916+00","2025-06-25 20:03:39.916+00"
1620,"863192057915457",68,"2025-06-25 19:52:55+00","-16.3324833","-71.5803516",1,0,0,0,"2593.1","223.7",16,0,"0.6",7,"0101000020E61000009A8B097B24E551C056F723A01D5530C0","{""1"":{},""2"":{},""4"":{},""8"":{}}","2025-06-25 20:03:39.948+00","2025-06-25 20:03:39.948+00","2025-06-25 20:03:39.948+00"
1621,"863192057915457",68,"2025-06-25 19:53:00+00","-16.3324833","-71.5803516",2,0,0,0,"2593.1","223.7",16,0,"0.6",7,"0101000020E61000009A8B097B24E551C056F723A01D5530C0","{""1"":{},""2"":{},""4"":{},""8"":{}}","2025-06-25 20:03:39.951+00","2025-06-25 20:03:39.951+00","2025-06-25 20:03:39.951+00"
1622,"863192057915457",68,"2025-06-25 19:53:05+00","-16.3324833","-71.5803516",3,0,0,0,"2593.1","223.7",15,0,"0.7",7,"0101000020E61000009A8B097B24E551C056F723A01D5530C0","{""1"":{},""2"":{},""4"":{},""8"":{}}","2025-06-25 20:03:39.954+00","2025-06-25 20:03:39.954+00","2025-06-25 20:03:39.954+00"
1623,"863192057915457",68,"2025-06-25 19:53:10+00","-16.3324833","-71.5803516",4,0,0,0,"2593.1","223.7",15,0,"0.7",7,"0101000020E61000009A8B097B24E551C056F723A01D5530C0","{""1"":{},""2"":{},""4"":{},""8"":{}}","2025-06-25 20:03:39.956+00","2025-06-25 20:03:39.956+00","2025-06-25 20:03:39.956+00"
1624,"863192057915457",68,"2025-06-25 19:53:15+00","-16.3324833","-71.5803516",5,0,0,0,"2593.1","223.7",15,0,"0.7",7,"0101000020E61000009A8B097B24E551C056F723A01D5530C0","{""1"":{},""2"":{},""4"":{},""8"":{}}","2025-06-25 20:03:39.959+00","2025-06-25 20:03:39.959+00","2025-06-25 20:03:39.959+00"
1625,"863192057915457",68,"2025-06-25 19:53:20+00","-16.3324833","-71.5803516",6,0,0,0,"2593.1","223.7",15,0,"0.7",7,"0101000020E61000009A8B097B24E551C056F723A01D5530C0","{""1"":{},""2"":{},""4"":{},""8"":{}}","2025-06-25 20:03:39.962+00","2025-06-25 20:03:39.962+00","2025-06-25 20:03:39.962+00"
1626,"863192057915457",68,"2025-06-25 19:53:25+00","-16.3324833","-71.5803516",7,0,0,0,"2593.1","223.7",15,0,"0.7",7,"0101000020E61000009A8B097B24E551C056F723A01D5530C0","{""1"":{},""2"":{},""4"":{},""8"":{}}","2025-06-25 20:03:39.964+00","2025-06-25 20:03:39.964+00","2025-06-25 20:03:39.964+00"
1627,"863192057915457",68,"2025-06-25 19:53:30+00","-16.3324833","-71.5803516",8,0,0,0,"2593.1","223.7",15,0,"0.7",7,"0101000020E61000009A8B097B24E551C056F723A01D5530C0","{""1"":{},""2"":{},""4"":{},""8"":{}}","2025-06-25 20:03:39.967+00","2025-06-25 20:03:39.967+00","2025-06-25 20:03:39.967+00"
1628,"863192057915457",68,"2025-06-25 19:53:35+00","-16.3324833","-71.5803516",9,0,0,0,"2593.1","223.7",15,0,"0.7",7,"0101000020E61000009A8B097B24E551C056F723A01D5530C0","{""1"":{},""2"":{},""4"":{},""8"":{}}","2025-06-25 20:03:39.97+00","2025-06-25 20:03:39.97+00","2025-06-25 20:03:39.97+00"
1629,"863192057915457",68,"2025-06-25 19:53:40+00","-16.3324833","-71.5803516",10,0,0,0,"2593.1","223.7",15,0,"0.7",7,"0101000020E61000009A8B097B24E551C056F723A01D5530C0","{""1"":{},""2"":{},""4"":{},""8"":{}}","2025-06-25 20:03:39.973+00","2025-06-25 20:03:39.973+00","2025-06-25 20:03:39.973+00"
1630,"863192057915457",68,"2025-06-25 19:53:45+00","-16.3324833","-71.5803516",11,0,0,0,"2593.1","223.7",16,0,"0.6",7,"0101000020E61000009A8B097B24E551C056F723A01D5530C0","{""1"":{},""2"":{},""4"":{},""8"":{}}","2025-06-25 20:03:39.976+00","2025-06-25 20:03:39.976+00","2025-06-25 20:03:39.976+00"
1631,"863192057915457",68,"2025-06-25 19:53:50+00","-16.3324833","-71.5803516",12,0,0,0,"2593.1","223.7",16,0,"0.6",7,"0101000020E61000009A8B097B24E551C056F723A01D5530C0","{""1"":{},""2"":{},""4"":{},""8"":{}}","2025-06-25 20:03:39.979+00","2025-06-25 20:03:39.979+00","2025-06-25 20:03:39.979+00"
1632,"863192057915457",68,"2025-06-25 19:53:55+00","-16.3324833","-71.5803516",13,0,0,0,"2593.1","223.7",16,0,"0.6",7,"0101000020E61000009A8B097B24E551C056F723A01D5530C0","{""1"":{},""2"":{},""4"":{},""8"":{}}","2025-06-25 20:03:39.983+00","2025-06-25 20:03:39.983+00","2025-06-25 20:03:39.983+00"
1633,"863192057915457",68,"2025-06-25 19:54:00+00","-16.3324833","-71.5803533",14,0,0,0,"2592.7","223.7",16,0,"0.6",7,"0101000020E61000000BE82A8224E551C056F723A01D5530C0","{""1"":{},""2"":{},""4"":{},""8"":{}}","2025-06-25 20:03:39.987+00","2025-06-25 20:03:39.987+00","2025-06-25 20:03:39.987+00"
1634,"863192057915457",68,"2025-06-25 19:54:05+00","-16.3324833","-71.5803533",15,0,0,0,"2592.7","223.7",16,0,"0.6",7,"0101000020E61000000BE82A8224E551C056F723A01D5530C0","{""1"":{},""2"":{},""4"":{},""8"":{}}","2025-06-25 20:03:39.99+00","2025-06-25 20:03:39.99+00","2025-06-25 20:03:39.99+00"
1635,"863192057915457",68,"2025-06-25 19:54:10+00","-16.3324833","-71.5803533",16,0,0,0,"2592.7","223.7",16,0,"0.7",7,"0101000020E61000000BE82A8224E551C056F723A01D5530C0","{""1"":{},""2"":{},""4"":{},""8"":{}}","2025-06-25 20:03:39.993+00","2025-06-25 20:03:39.993+00","2025-06-25 20:03:39.993+00"
1636,"863192057915457",68,"2025-06-25 19:54:15+00","-16.3324833","-71.5803533",17,0,0,0,"2592.7","223.7",16,0,"0.7",7,"0101000020E61000000BE82A8224E551C056F723A01D5530C0","{""1"":{},""2"":{},""4"":{},""8"":{}}","2025-06-25 20:03:39.995+00","2025-06-25 20:03:39.996+00","2025-06-25 20:03:39.996+00"
1637,"863192057915457",68,"2025-06-25 19:54:20+00","-16.3324833","-71.5803533",18,0,0,0,"2592.7","223.7",16,0,"0.7",7,"0101000020E61000000BE82A8224E551C056F723A01D5530C0","{""1"":{},""2"":{},""4"":{},""8"":{}}","2025-06-25 20:03:39.998+00","2025-06-25 20:03:39.998+00","2025-06-25 20:03:39.998+00"
1638,"863192057915457",68,"2025-06-25 19:54:25+00","-16.3324833","-71.5803533",19,0,0,0,"2592.7","223.7",16,0,"0.6",7,"0101000020E61000000BE82A8224E551C056F723A01D5530C0","{""1"":{},""2"":{},""4"":{},""8"":{}}","2025-06-25 20:03:40.001+00","2025-06-25 20:03:40.001+00","2025-06-25 20:03:40.001+00"
1639,"863192057915457",68,"2025-06-25 19:54:30+00","-16.3324833","-71.5803533",20,0,0,0,"2592.7","223.7",16,0,"0.6",7,"0101000020E61000000BE82A8224E551C056F723A01D5530C0","{""1"":{},""2"":{},""4"":{},""8"":{}}","2025-06-25 20:03:40.006+00","2025-06-25 20:03:40.006+00","2025-06-25 20:03:40.006+00"
1640,"863192057915457",68,"2025-06-25 19:54:35+00","-16.3324833","-71.5803533",21,0,0,0,"2592.7","223.7",16,0,"0.6",7,"0101000020E61000000BE82A8224E551C056F723A01D5530C0","{""1"":{},""2"":{},""4"":{},""8"":{}}","2025-06-25 20:03:40.01+00","2025-06-25 20:03:40.01+00","2025-06-25 20:03:40.01+00"
1641,"863192057915457",68,"2025-06-25 19:54:40+00","-16.3324833","-71.5803533",22,0,0,0,"2592.7","223.7",16,0,"0.6",7,"0101000020E61000000BE82A8224E551C056F723A01D5530C0","{""1"":{},""2"":{},""4"":{},""8"":{}}","2025-06-25 20:03:40.013+00","2025-06-25 20:03:40.013+00","2025-06-25 20:03:40.013+00"
1642,"863192057915457",68,"2025-06-25 19:54:45+00","-16.3324833","-71.5803533",23,0,0,0,"2592.7","223.7",16,0,"0.6",7,"0101000020E61000000BE82A8224E551C056F723A01D5530C0","{""1"":{},""2"":{},""4"":{},""8"":{}}","2025-06-25 20:03:40.018+00","2025-06-25 20:03:40.022+00","2025-06-25 20:03:40.022+00"
1643,"863192057915457",68,"2025-06-25 19:54:50+00","-16.3324833","-71.5803533",24,0,0,0,"2592.7","223.7",18,0,"0.6",7,"0101000020E61000000BE82A8224E551C056F723A01D5530C0","{""1"":{},""2"":{},""4"":{},""8"":{}}","2025-06-25 20:03:40.025+00","2025-06-25 20:03:40.025+00","2025-06-25 20:03:40.025+00"
1644,"863192057915457",68,"2025-06-25 19:54:55+00","-16.3324816","-71.5803600",25,0,0,0,"2591.8","223.7",18,0,"0.6",7,"0101000020E610000005FA449E24E551C092859E831D5530C0","{""1"":{},""2"":{},""4"":{},""8"":{}}","2025-06-25 20:03:40.028+00","2025-06-25 20:03:40.028+00","2025-06-25 20:03:40.028+00"
1645,"863192057915457",68,"2025-06-25 19:55:00+00","-16.3324816","-71.5803600",26,0,0,0,"2591.8","223.7",18,0,"0.6",7,"0101000020E610000005FA449E24E551C092859E831D5530C0","{""1"":{},""2"":{},""4"":{},""8"":{}}","2025-06-25 20:03:40.032+00","2025-06-25 20:03:40.032+00","2025-06-25 20:03:40.032+00"
1646,"863192057915457",68,"2025-06-25 19:55:05+00","-16.3324800","-71.5803616",27,0,0,0,"2591.3","98.3",18,0,"0.6",7,"0101000020E6100000ACF6FAA424E551C0F792C6681D5530C0","{""1"":{},""2"":{},""4"":{},""8"":{}}","2025-06-25 20:03:40.036+00","2025-06-25 20:03:40.036+00","2025-06-25 20:03:40.036+00"
1647,"863192057915457",68,"2025-06-25 19:55:10+00","-16.3324800","-71.5803616",28,0,0,0,"2591.3","98.3",18,0,"0.6",7,"0101000020E6100000ACF6FAA424E551C0F792C6681D5530C0","{""1"":{},""2"":{},""4"":{},""8"":{}}","2025-06-25 20:03:40.039+00","2025-06-25 20:03:40.04+00","2025-06-25 20:03:40.04+00"
1648,"863192057915457",68,"2025-06-25 19:55:15+00","-16.3324800","-71.5803616",29,0,0,0,"2591.3","98.3",18,0,"0.6",7,"0101000020E6100000ACF6FAA424E551C0F792C6681D5530C0","{""1"":{},""2"":{},""4"":{},""8"":{}}","2025-06-25 20:03:40.042+00","2025-06-25 20:03:40.042+00","2025-06-25 20:03:40.042+00"
1649,"863192057915457",68,"2025-06-25 19:55:20+00","-16.3324800","-71.5803616",0,0,0,0,"2591.3","98.3",18,0,"0.6",7,"0101000020E6100000ACF6FAA424E551C0F792C6681D5530C0","{""1"":{},""2"":{},""4"":{},""8"":{}}","2025-06-25 20:03:41.175+00","2025-06-25 20:03:41.175+00","2025-06-25 20:03:41.175+00"
1650,"863192057915457",68,"2025-06-25 19:55:25+00","-16.3324800","-71.5803616",1,0,0,0,"2591.3","98.3",18,0,"0.6",7,"0101000020E6100000ACF6FAA424E551C0F792C6681D5530C0","{""1"":{},""2"":{},""4"":{},""8"":{}}","2025-06-25 20:03:41.178+00","2025-06-25 20:03:41.178+00","2025-06-25 20:03:41.178+00"
1651,"863192057915457",68,"2025-06-25 19:55:30+00","-16.3324750","-71.5803666",2,0,0,0,"2590.4","98.3",18,0,"0.6",7,"0101000020E610000035ACF3B924E551C0D3BCE3141D5530C0","{""1"":{},""2"":{},""4"":{},""8"":{}}","2025-06-25 20:03:41.181+00","2025-06-25 20:03:41.181+00","2025-06-25 20:03:41.181+00"
1652,"863192057915457",68,"2025-06-25 19:55:35+00","-16.3324750","-71.5803666",3,0,0,0,"2590.4","98.3",18,0,"0.6",7,"0101000020E610000035ACF3B924E551C0D3BCE3141D5530C0","{""1"":{},""2"":{},""4"":{},""8"":{}}","2025-06-25 20:03:41.184+00","2025-06-25 20:03:41.184+00","2025-06-25 20:03:41.184+00"
1653,"863192057915457",68,"2025-06-25 19:55:40+00","-16.3324750","-71.5803666",4,0,0,0,"2590.4","98.3",18,0,"0.6",7,"0101000020E610000035ACF3B924E551C0D3BCE3141D5530C0","{""1"":{},""2"":{},""4"":{},""8"":{}}","2025-06-25 20:03:41.186+00","2025-06-25 20:03:41.186+00","2025-06-25 20:03:41.186+00"
1654,"863192057915457",68,"2025-06-25 19:55:45+00","-16.3324750","-71.5803666",5,0,0,0,"2590.4","98.3",18,0,"0.6",7,"0101000020E610000035ACF3B924E551C0D3BCE3141D5530C0","{""1"":{},""2"":{},""4"":{},""8"":{}}","2025-06-25 20:03:41.189+00","2025-06-25 20:03:41.189+00","2025-06-25 20:03:41.189+00"
1655,"863192057915457",68,"2025-06-25 19:55:50+00","-16.3324683","-71.5803750",6,0,0,0,"2589.4","98.3",18,0,"0.6",7,"0101000020E6100000A01A2FDD24E551C0EB747BA41C5530C0","{""1"":{},""2"":{},""4"":{},""8"":{}}","2025-06-25 20:03:41.192+00","2025-06-25 20:03:41.192+00","2025-06-25 20:03:41.192+00"
1656,"863192057915457",68,"2025-06-25 19:55:54+00","-16.3324650","-71.5803733",7,0,0,1,"2589.4","32.2",18,0,"0.6",5,"0101000020E61000002FBE0DD624E551C08C101E6D1C5530C0","{""1"":{""5"":0},""2"":{},""4"":{},""8"":{}}","2025-06-25 20:03:41.194+00","2025-06-25 20:03:41.194+00","2025-06-25 20:03:41.194+00"
1657,"863192057915457",68,"2025-06-25 20:10:48+00","-16.3324416","-71.5803800",0,0,0,0,"2584.3","270.8",17,0,"0.6",7,"0101000020E610000029D027F224E551C075D487E41A5530C0","{""1"":{},""2"":{},""4"":{},""8"":{}}","2025-06-25 20:11:21.756+00","2025-06-25 20:11:21.756+00","2025-06-25 20:11:21.756+00"
1658,"863192057915457",68,"2025-06-25 20:10:48+00","-16.3324400","-71.5803783",1,1,0,1,"2584.3","270.8",21,0,"0.5",5,"0101000020E6100000B87306EB24E551C0DAE1AFC91A5530C0","{""1"":{""5"":1},""2"":{},""4"":{},""8"":{}}","2025-06-25 20:11:21.786+00","2025-06-25 20:11:21.786+00","2025-06-25 20:11:21.786+00"
1659,"863192057915457",68,"2025-06-25 20:11:01+00","-16.3324400","-71.5802650",2,0,0,0,"2594.7","93.1",7,14,"2.3",7,"0101000020E6100000DC80CF0F23E551C0DAE1AFC91A5530C0","{""1"":{},""2"":{},""4"":{},""8"":{}}","2025-06-25 20:11:21.79+00","2025-06-25 20:11:21.79+00","2025-06-25 20:11:21.79+00"
1660,"863192057915457",68,"2025-06-25 20:11:04+00","-16.3324583","-71.5803650",3,0,0,0,"2595.8","85.4",18,0,"0.5",8,"0101000020E61000008EAF3DB324E551C0A4C8B5FC1B5530C0","{""1"":{},""2"":{},""4"":{},""8"":{}}","2025-06-25 20:11:21.793+00","2025-06-25 20:11:21.793+00","2025-06-25 20:11:21.793+00"
1661,"863192057915457",68,"2025-06-25 20:11:09+00","-16.3324583","-71.5803650",4,0,0,0,"2595.8","85.4",20,0,"0.5",7,"0101000020E61000008EAF3DB324E551C0A4C8B5FC1B5530C0","{""1"":{},""2"":{},""4"":{},""8"":{}}","2025-06-25 20:11:21.796+00","2025-06-25 20:11:21.796+00","2025-06-25 20:11:21.796+00"
1662,"863192057915457",68,"2025-06-25 20:11:14+00","-16.3324583","-71.5803650",5,0,0,0,"2595.8","85.4",21,0,"0.6",7,"0101000020E61000008EAF3DB324E551C0A4C8B5FC1B5530C0","{""1"":{},""2"":{},""4"":{},""8"":{}}","2025-06-25 20:11:21.799+00","2025-06-25 20:11:21.799+00","2025-06-25 20:11:21.799+00"
1663,"863192057915457",68,"2025-06-25 20:11:19+00","-16.3324583","-71.5803650",6,0,0,0,"2595.8","85.4",20,0,"0.6",7,"0101000020E61000008EAF3DB324E551C0A4C8B5FC1B5530C0","{""1"":{},""2"":{},""4"":{},""8"":{}}","2025-06-25 20:11:21.802+00","2025-06-25 20:11:21.802+00","2025-06-25 20:11:21.802+00"
1664,"868018071302858",68,"2025-06-25 19:36:50+00","-16.3321566","-71.5804150",0,0,0,0,"2598.9","357.1",4,2,"0.6",7,"0101000020E6100000E7C6F48425E551C08B260637085530C0","{""1"":{},""2"":{},""4"":{},""8"":{}}","2025-06-25 20:16:53.304+00","2025-06-25 20:16:53.304+00","2025-06-25 20:16:53.304+00"
1665,"868018071302858",68,"2025-06-25 19:36:55+00","-16.3321933","-71.5804233",1,0,0,0,"2603.1","351.1",5,1,"0.6",7,"0101000020E610000088D5C4A725E551C04873BF9E0A5530C0","{""1"":{},""2"":{},""4"":{},""8"":{}}","2025-06-25 20:16:53.335+00","2025-06-25 20:16:53.335+00","2025-06-25 20:16:53.335+00"
1666,"868018071302858",68,"2025-06-25 19:37:00+00","-16.3321483","-71.5804183",2,0,0,0,"2600.4","0.3",5,5,"0.6",7,"0101000020E6100000FF1FCC9225E551C008ECC5AB075530C0","{""1"":{},""2"":{},""4"":{},""8"":{}}","2025-06-25 20:16:53.338+00","2025-06-25 20:16:53.338+00","2025-06-25 20:16:53.338+00"
1667,"868018071302858",68,"2025-06-25 19:37:05+00","-16.3321500","-71.5804200",3,0,0,0,"2600.2","344.8",5,0,"0.6",7,"0101000020E6100000707CED9925E551C0CC5D4BC8075530C0","{""1"":{},""2"":{},""4"":{},""8"":{}}","2025-06-25 20:16:53.341+00","2025-06-25 20:16:53.341+00","2025-06-25 20:16:53.341+00"
1668,"868018071302858",68,"2025-06-25 19:37:10+00","-16.3321950","-71.5804266",4,0,0,0,"2603.1","178.4",5,1,"0.6",7,"0101000020E61000009F2E9CB525E551C00CE544BB0A5530C0","{""1"":{},""2"":{},""4"":{},""8"":{}}","2025-06-25 20:16:53.344+00","2025-06-25 20:16:53.344+00","2025-06-25 20:16:53.344+00"
1669,"868018071302858",68,"2025-06-25 19:37:15+00","-16.3321833","-71.5804316",5,0,0,0,"2603.0","351.1",5,0,"0.6",7,"0101000020E610000028E494CA25E551C001C7F9F6095530C0","{""1"":{},""2"":{},""4"":{},""8"":{}}","2025-06-25 20:16:53.347+00","2025-06-25 20:16:53.347+00","2025-06-25 20:16:53.347+00"
1670,"868018071302858",68,"2025-06-25 19:37:20+00","-16.3321716","-71.5804433",6,0,0,0,"2603.0","335.8",5,0,"0.6",7,"0101000020E6100000ABABA7FB25E551C0F5A8AE32095530C0","{""1"":{},""2"":{},""4"":{},""8"":{}}","2025-06-25 20:16:53.35+00","2025-06-25 20:16:53.35+00","2025-06-25 20:16:53.35+00"
1671,"868018071302858",68,"2025-06-25 19:37:25+00","-16.3321783","-71.5804450",7,0,0,0,"2603.8","346.3",5,2,"0.6",7,"0101000020E61000001C08C90226E551C0DDF016A3095530C0","{""1"":{},""2"":{},""4"":{},""8"":{}}","2025-06-25 20:16:53.352+00","2025-06-25 20:16:53.352+00","2025-06-25 20:16:53.352+00"
1672,"868018071302858",68,"2025-06-25 19:37:30+00","-16.3321366","-71.5804700",8,0,0,0,"2603.1","345.3",5,3,"0.6",7,"0101000020E6100000C993A46B26E551C0FCCD7AE7065530C0","{""1"":{},""2"":{},""4"":{},""8"":{}}","2025-06-25 20:16:53.355+00","2025-06-25 20:16:53.355+00","2025-06-25 20:16:53.355+00"
1673,"868018071302858",68,"2025-06-25 19:37:35+00","-16.3321633","-71.5804850",9,0,0,0,"2605.6","8.2",5,1,"0.6",7,"0101000020E610000063B48EAA26E551C0736E6EA7085530C0","{""1"":{},""2"":{},""4"":{},""8"":{}}","2025-06-25 20:16:53.358+00","2025-06-25 20:16:53.358+00","2025-06-25 20:16:53.358+00"
1674,"868018071302858",68,"2025-06-25 19:37:40+00","-16.3321483","-71.5804983",10,0,0,0,"2605.6","243.1",5,2,"0.6",7,"0101000020E61000008D7857E226E551C008ECC5AB075530C0","{""1"":{},""2"":{},""4"":{},""8"":{}}","2025-06-25 20:16:53.36+00","2025-06-25 20:16:53.36+00","2025-06-25 20:16:53.36+00"
1675,"868018071302858",68,"2025-06-25 19:37:42+00","-16.3322066","-71.5804916",11,0,0,0,"2606.7","180.3",5,6,"0.6",9,"0101000020E610000093663DC626E551C0EE83E27D0B5530C0","{""1"":{},""2"":{},""4"":{},""8"":{}}","2025-06-25 20:16:53.364+00","2025-06-25 20:16:53.364+00","2025-06-25 20:16:53.364+00"
1676,"868018071302858",68,"2025-06-25 19:37:47+00","-16.3321833","-71.5804950",12,0,0,0,"2606.1","169.0",5,0,"0.6",7,"0101000020E6100000751F80D426E551C001C7F9F6095530C0","{""1"":{},""2"":{},""4"":{},""8"":{}}","2025-06-25 20:16:53.366+00","2025-06-25 20:16:53.366+00","2025-06-25 20:16:53.366+00"
1677,"868018071302858",68,"2025-06-25 19:37:52+00","-16.3321750","-71.5804866",13,0,0,0,"2605.1","169.0",0,0,"0.0",7,"0101000020E61000000AB144B126E551C07E8CB96B095530C0","{""1"":{},""2"":{},""4"":{},""8"":{}}","2025-06-25 20:16:53.369+00","2025-06-25 20:16:53.369+00","2025-06-25 20:16:53.369+00"
1678,"868018071302858",68,"2025-06-25 19:37:57+00","-16.3321750","-71.5804866",14,0,0,0,"2605.1","169.0",0,0,"0.0",7,"0101000020E61000000AB144B126E551C07E8CB96B095530C0","{""1"":{},""2"":{},""4"":{},""8"":{}}","2025-06-25 20:16:53.372+00","2025-06-25 20:16:53.372+00","2025-06-25 20:16:53.372+00"
1679,"868018071302858",68,"2025-06-25 19:38:02+00","-16.3321750","-71.5804866",15,0,0,0,"2605.1","169.0",0,0,"0.0",7,"0101000020E61000000AB144B126E551C07E8CB96B095530C0","{""1"":{},""2"":{},""4"":{},""8"":{}}","2025-06-25 20:16:53.374+00","2025-06-25 20:16:53.374+00","2025-06-25 20:16:53.374+00"
1680,"868018071302858",68,"2025-06-25 19:38:07+00","-16.3319966","-71.5804333",16,0,0,0,"2592.0","351.1",5,4,"0.5",7,"0101000020E61000009940B6D125E551C01962ABBAFD5430C0","{""1"":{},""2"":{},""4"":{},""8"":{}}","2025-06-25 20:16:53.377+00","2025-06-25 20:16:53.377+00","2025-06-25 20:16:53.377+00"
1681,"868018071302858",68,"2025-06-25 19:38:12+00","-16.3319000","-71.5804366",17,0,0,0,"2586.6","355.3",5,7,"0.5",7,"0101000020E6100000B1998DDF25E551C0DB8AFD65F75430C0","{""1"":{},""2"":{},""4"":{},""8"":{}}","2025-06-25 20:16:53.379+00","2025-06-25 20:16:53.379+00","2025-06-25 20:16:53.379+00"
1682,"868018071302858",68,"2025-06-25 19:38:17+00","-16.3319016","-71.5804366",18,0,0,0,"2586.8","351.4",5,0,"0.5",7,"0101000020E6100000B1998DDF25E551C0757DD580F75430C0","{""1"":{},""2"":{},""4"":{},""8"":{}}","2025-06-25 20:16:53.382+00","2025-06-25 20:16:53.382+00","2025-06-25 20:16:53.382+00"
1683,"868018071302858",68,"2025-06-25 19:38:22+00","-16.3319016","-71.5804366",19,0,0,0,"2586.8","351.4",5,0,"0.5",7,"0101000020E6100000B1998DDF25E551C0757DD580F75430C0","{""1"":{},""2"":{},""4"":{},""8"":{}}","2025-06-25 20:16:53.385+00","2025-06-25 20:16:53.385+00","2025-06-25 20:16:53.385+00"
1684,"868018071302858",68,"2025-06-25 19:38:27+00","-16.3319016","-71.5804366",20,0,0,0,"2586.8","351.4",5,0,"0.5",7,"0101000020E6100000B1998DDF25E551C0757DD580F75430C0","{""1"":{},""2"":{},""4"":{},""8"":{}}","2025-06-25 20:16:53.387+00","2025-06-25 20:16:53.387+00","2025-06-25 20:16:53.387+00"
1685,"868018071302858",68,"2025-06-25 19:38:32+00","-16.3319366","-71.5804083",21,0,0,0,"2591.6","173.7",5,0,"0.5",7,"0101000020E6100000EDB4DA6825E551C06E5809CCF95430C0","{""1"":{},""2"":{},""4"":{},""8"":{}}","2025-06-25 20:16:53.39+00","2025-06-25 20:16:53.39+00","2025-06-25 20:16:53.39+00"
1686,"868018071302858",68,"2025-06-25 19:38:37+00","-16.3319533","-71.5803933",22,0,0,0,"2593.7","80.9",5,0,"0.5",7,"0101000020E61000005294F02925E551C09D4C37E4FA5430C0","{""1"":{},""2"":{},""4"":{},""8"":{}}","2025-06-25 20:16:53.393+00","2025-06-25 20:16:53.393+00","2025-06-25 20:16:53.393+00"
1687,"868018071302858",68,"2025-06-25 19:38:42+00","-16.3319533","-71.5803933",23,0,0,0,"2593.7","80.9",5,0,"0.5",7,"0101000020E61000005294F02925E551C09D4C37E4FA5430C0","{""1"":{},""2"":{},""4"":{},""8"":{}}","2025-06-25 20:16:53.395+00","2025-06-25 20:16:53.395+00","2025-06-25 20:16:53.395+00"
1688,"868018071302858",68,"2025-06-25 19:38:47+00","-16.3319633","-71.5803816",24,0,0,0,"2594.9","108.2",6,0,"2.4",7,"0101000020E6100000CFCCDDF824E551C0E5F8FC8BFB5430C0","{""1"":{},""2"":{},""4"":{},""8"":{}}","2025-06-25 20:16:53.398+00","2025-06-25 20:16:53.398+00","2025-06-25 20:16:53.398+00"
1689,"868018071302858",68,"2025-06-25 19:38:53+00","-16.3319633","-71.5803816",25,0,0,0,"2594.9","108.2",6,0,"2.4",7,"0101000020E6100000CFCCDDF824E551C0E5F8FC8BFB5430C0","{""1"":{},""2"":{},""4"":{},""8"":{}}","2025-06-25 20:16:53.4+00","2025-06-25 20:16:53.4+00","2025-06-25 20:16:53.4+00"
1690,"868018071302858",68,"2025-06-25 19:38:57+00","-16.3319766","-71.5803750",26,0,0,0,"2596.8","354.9",6,0,"2.4",7,"0101000020E6100000A01A2FDD24E551C08B09206BFC5430C0","{""1"":{},""2"":{},""4"":{},""8"":{}}","2025-06-25 20:16:53.403+00","2025-06-25 20:16:53.403+00","2025-06-25 20:16:53.403+00"
1691,"868018071302858",68,"2025-06-25 19:39:03+00","-16.3319766","-71.5803750",27,0,0,0,"2596.8","354.9",6,0,"2.4",7,"0101000020E6100000A01A2FDD24E551C08B09206BFC5430C0","{""1"":{},""2"":{},""4"":{},""8"":{}}","2025-06-25 20:16:53.406+00","2025-06-25 20:16:53.406+00","2025-06-25 20:16:53.406+00"
1692,"868018071302858",68,"2025-06-25 19:39:07+00","-16.3319766","-71.5803750",28,0,0,0,"2596.8","354.9",6,0,"2.4",7,"0101000020E6100000A01A2FDD24E551C08B09206BFC5430C0","{""1"":{},""2"":{},""4"":{},""8"":{}}","2025-06-25 20:16:53.409+00","2025-06-25 20:16:53.409+00","2025-06-25 20:16:53.409+00"
1693,"868018071302858",68,"2025-06-25 19:39:13+00","-16.3319950","-71.5803833",29,0,0,0,"2598.7","354.9",6,0,"2.4",7,"0101000020E61000004029FFFF24E551C07E6FD39FFD5430C0","{""1"":{},""2"":{},""4"":{},""8"":{}}","2025-06-25 20:16:53.412+00","2025-06-25 20:16:53.412+00","2025-06-25 20:16:53.412+00"
1694,"868018071302858",68,"2025-06-25 19:39:17+00","-16.3319950","-71.5803833",0,0,0,0,"2598.7","354.9",6,0,"2.4",7,"0101000020E61000004029FFFF24E551C07E6FD39FFD5430C0","{""1"":{},""2"":{},""4"":{},""8"":{}}","2025-06-25 20:16:53.936+00","2025-06-25 20:16:53.936+00","2025-06-25 20:16:53.936+00"
1695,"868018071302858",68,"2025-06-25 19:39:23+00","-16.3319950","-71.5803833",1,0,0,0,"2598.7","354.9",6,0,"2.4",7,"0101000020E61000004029FFFF24E551C07E6FD39FFD5430C0","{""1"":{},""2"":{},""4"":{},""8"":{}}","2025-06-25 20:16:53.94+00","2025-06-25 20:16:53.94+00","2025-06-25 20:16:53.94+00"
1696,"868018071302858",68,"2025-06-25 19:39:27+00","-16.3319950","-71.5803833",2,0,0,0,"2598.7","354.9",7,0,"1.0",7,"0101000020E61000004029FFFF24E551C07E6FD39FFD5430C0","{""1"":{},""2"":{},""4"":{},""8"":{}}","2025-06-25 20:16:53.943+00","2025-06-25 20:16:53.943+00","2025-06-25 20:16:53.943+00"
1697,"868018071302858",68,"2025-06-25 19:39:33+00","-16.3319950","-71.5803833",3,0,0,0,"2598.7","354.9",7,0,"1.0",7,"0101000020E61000004029FFFF24E551C07E6FD39FFD5430C0","{""1"":{},""2"":{},""4"":{},""8"":{}}","2025-06-25 20:16:53.947+00","2025-06-25 20:16:53.947+00","2025-06-25 20:16:53.947+00"
1698,"868018071302858",68,"2025-06-25 19:39:37+00","-16.3322883","-71.5803633",4,0,0,0,"2593.1","354.9",8,0,"0.9",7,"0101000020E61000001D531CAC24E551C0EB5795D8105530C0","{""1"":{},""2"":{},""4"":{},""8"":{}}","2025-06-25 20:16:53.951+00","2025-06-25 20:16:53.951+00","2025-06-25 20:16:53.951+00"
1699,"868018071302858",68,"2025-06-25 19:39:43+00","-16.3322883","-71.5803633",5,0,0,0,"2593.0","197.5",8,0,"0.9",7,"0101000020E61000001D531CAC24E551C0EB5795D8105530C0","{""1"":{},""2"":{},""4"":{},""8"":{}}","2025-06-25 20:16:53.954+00","2025-06-25 20:16:53.954+00","2025-06-25 20:16:53.954+00"
1700,"868018071302858",68,"2025-06-25 19:39:47+00","-16.3323566","-71.5803350",6,0,0,0,"2593.4","235.7",8,0,"0.9",7,"0101000020E6100000596E693524E551C0199C7752155530C0","{""1"":{},""2"":{},""4"":{},""8"":{}}","2025-06-25 20:16:53.957+00","2025-06-25 20:16:53.957+00","2025-06-25 20:16:53.957+00"
1701,"868018071302858",68,"2025-06-25 19:39:53+00","-16.3323850","-71.5803266",7,0,0,0,"2593.4","235.7",8,0,"0.9",7,"0101000020E6100000EEFF2D1224E551C053AEF02E175530C0","{""1"":{},""2"":{},""4"":{},""8"":{}}","2025-06-25 20:16:53.96+00","2025-06-25 20:16:53.96+00","2025-06-25 20:16:53.96+00"
1702,"868018071302858",68,"2025-06-25 19:39:57+00","-16.3324216","-71.5803250",8,0,0,0,"2593.1","49.1",8,0,"0.9",7,"0101000020E61000004703780B24E551C0E77BFC94195530C0","{""1"":{},""2"":{},""4"":{},""8"":{}}","2025-06-25 20:16:53.962+00","2025-06-25 20:16:53.962+00","2025-06-25 20:16:53.962+00"
1703,"868018071302858",68,"2025-06-25 19:40:02+00","-16.3324433","-71.5803366",9,0,0,0,"2593.6","134.0",8,0,"0.9",7,"0101000020E6100000FF6A1F3C24E551C03A460D011B5530C0","{""1"":{},""2"":{},""4"":{},""8"":{}}","2025-06-25 20:16:53.965+00","2025-06-25 20:16:53.965+00","2025-06-25 20:16:53.965+00"
1704,"868018071302858",68,"2025-06-25 19:40:07+00","-16.3324583","-71.5803566",10,0,0,0,"2594.5","134.0",8,0,"0.9",7,"0101000020E61000002341029024E551C0A4C8B5FC1B5530C0","{""1"":{},""2"":{},""4"":{},""8"":{}}","2025-06-25 20:16:53.968+00","2025-06-25 20:16:53.968+00","2025-06-25 20:16:53.968+00"
1705,"868018071302858",68,"2025-06-25 19:40:12+00","-16.3324916","-71.5803766",11,0,0,0,"2595.1","226.3",8,0,"0.9",7,"0101000020E61000004617E5E324E551C0D931642B1E5530C0","{""1"":{},""2"":{},""4"":{},""8"":{}}","2025-06-25 20:16:53.971+00","2025-06-25 20:16:53.971+00","2025-06-25 20:16:53.971+00"
1706,"868018071302858",68,"2025-06-25 19:40:17+00","-16.3324983","-71.5803816",12,0,0,0,"2595.2","226.3",8,0,"0.9",7,"0101000020E6100000CFCCDDF824E551C0C179CC9B1E5530C0","{""1"":{},""2"":{},""4"":{},""8"":{}}","2025-06-25 20:16:53.975+00","2025-06-25 20:16:53.975+00","2025-06-25 20:16:53.975+00"
1707,"868018071302858",68,"2025-06-25 19:40:22+00","-16.3325000","-71.5803800",13,0,0,0,"2594.6","226.3",8,0,"0.9",7,"0101000020E610000029D027F224E551C085EB51B81E5530C0","{""1"":{},""2"":{},""4"":{},""8"":{}}","2025-06-25 20:16:53.978+00","2025-06-25 20:16:53.978+00","2025-06-25 20:16:53.978+00"
1708,"868018071302858",68,"2025-06-25 19:40:27+00","-16.3324966","-71.5803783",14,0,0,0,"2594.4","226.3",8,0,"0.9",7,"0101000020E6100000B87306EB24E551C0FC07477F1E5530C0","{""1"":{},""2"":{},""4"":{},""8"":{}}","2025-06-25 20:16:53.981+00","2025-06-25 20:16:53.981+00","2025-06-25 20:16:53.981+00"
1709,"868018071302858",68,"2025-06-25 19:40:32+00","-16.3324933","-71.5803766",15,0,0,0,"2594.1","166.7",8,0,"0.9",7,"0101000020E61000004617E5E324E551C09DA3E9471E5530C0","{""1"":{},""2"":{},""4"":{},""8"":{}}","2025-06-25 20:16:53.984+00","2025-06-25 20:16:53.984+00","2025-06-25 20:16:53.984+00"
1710,"868018071302858",68,"2025-06-25 19:40:37+00","-16.3324933","-71.5803733",16,0,0,0,"2594.0","166.7",8,0,"0.9",7,"0101000020E61000002FBE0DD624E551C09DA3E9471E5530C0","{""1"":{},""2"":{},""4"":{},""8"":{}}","2025-06-25 20:16:53.99+00","2025-06-25 20:16:53.99+00","2025-06-25 20:16:53.99+00"
1711,"868018071302858",68,"2025-06-25 19:40:42+00","-16.3324916","-71.5803700",17,0,0,0,"2594.1","166.7",8,0,"0.9",7,"0101000020E6100000176536C824E551C0D931642B1E5530C0","{""1"":{},""2"":{},""4"":{},""8"":{}}","2025-06-25 20:16:53.995+00","2025-06-25 20:16:53.995+00","2025-06-25 20:16:53.995+00"
1712,"868018071302858",68,"2025-06-25 19:40:47+00","-16.3324883","-71.5803650",18,0,0,0,"2594.3","320.7",8,0,"0.9",7,"0101000020E61000008EAF3DB324E551C07ACD06F41D5530C0","{""1"":{},""2"":{},""4"":{},""8"":{}}","2025-06-25 20:16:53.998+00","2025-06-25 20:16:53.998+00","2025-06-25 20:16:53.998+00"
1713,"868018071302858",68,"2025-06-25 19:40:52+00","-16.3324850","-71.5803600",19,0,0,0,"2594.5","320.7",8,0,"0.9",7,"0101000020E610000005FA449E24E551C01A69A9BC1D5530C0","{""1"":{},""2"":{},""4"":{},""8"":{}}","2025-06-25 20:16:54.005+00","2025-06-25 20:16:54.006+00","2025-06-25 20:16:54.006+00"
1714,"868018071302858",68,"2025-06-25 19:40:57+00","-16.3324733","-71.5803533",20,0,0,0,"2594.3","44.4",7,0,"1.0",7,"0101000020E61000000BE82A8224E551C00F4B5EF81C5530C0","{""1"":{},""2"":{},""4"":{},""8"":{}}","2025-06-25 20:16:54.011+00","2025-06-25 20:16:54.011+00","2025-06-25 20:16:54.011+00"
1715,"868018071302858",68,"2025-06-25 19:41:02+00","-16.3324700","-71.5803500",21,0,0,0,"2594.1","44.4",7,0,"1.0",7,"0101000020E6100000F38E537424E551C0B0E600C11C5530C0","{""1"":{},""2"":{},""4"":{},""8"":{}}","2025-06-25 20:16:54.014+00","2025-06-25 20:16:54.015+00","2025-06-25 20:16:54.015+00"
1716,"868018071302858",68,"2025-06-25 19:41:07+00","-16.3324683","-71.5803483",22,0,0,0,"2594.1","44.4",7,0,"1.0",7,"0101000020E61000008232326D24E551C0EB747BA41C5530C0","{""1"":{},""2"":{},""4"":{},""8"":{}}","2025-06-25 20:16:54.018+00","2025-06-25 20:16:54.018+00","2025-06-25 20:16:54.018+00"
1717,"868018071302858",68,"2025-06-25 19:41:12+00","-16.3324650","-71.5803416",23,0,0,0,"2594.0","128.6",7,0,"1.0",7,"0101000020E61000008820185124E551C08C101E6D1C5530C0","{""1"":{},""2"":{},""4"":{},""8"":{}}","2025-06-25 20:16:54.022+00","2025-06-25 20:16:54.022+00","2025-06-25 20:16:54.022+00"
1718,"868018071302858",68,"2025-06-25 19:41:17+00","-16.3324550","-71.5803450",24,0,0,0,"2594.1","312.1",7,0,"1.0",7,"0101000020E61000006AD95A5F24E551C0456458C51B5530C0","{""1"":{},""2"":{},""4"":{},""8"":{}}","2025-06-25 20:16:54.025+00","2025-06-25 20:16:54.025+00","2025-06-25 20:16:54.025+00"
1719,"868018071302858",68,"2025-06-25 19:41:22+00","-16.3324500","-71.5803566",25,0,0,0,"2593.4","298.7",7,0,"1.0",7,"0101000020E61000002341029024E551C0228E75711B5530C0","{""1"":{},""2"":{},""4"":{},""8"":{}}","2025-06-25 20:16:54.028+00","2025-06-25 20:16:54.028+00","2025-06-25 20:16:54.028+00"
1720,"868018071302858",68,"2025-06-25 19:41:27+00","-16.3324600","-71.5803516",26,0,0,0,"2593.5","109.3",8,1,"0.9",7,"0101000020E61000009A8B097B24E551C0693A3B191C5530C0","{""1"":{},""2"":{},""4"":{},""8"":{}}","2025-06-25 20:16:54.031+00","2025-06-25 20:16:54.031+00","2025-06-25 20:16:54.031+00"
1721,"868018071302858",68,"2025-06-25 19:41:32+00","-16.3324716","-71.5803650",27,0,0,0,"2593.4","264.1",8,0,"0.9",7,"0101000020E61000008EAF3DB324E551C04BD9D8DB1C5530C0","{""1"":{},""2"":{},""4"":{},""8"":{}}","2025-06-25 20:16:54.034+00","2025-06-25 20:16:54.034+00","2025-06-25 20:16:54.034+00"
1722,"868018071302858",68,"2025-06-25 19:41:37+00","-16.3324883","-71.5803716",28,0,0,0,"2592.9","136.0",8,0,"0.9",7,"0101000020E6100000BE61ECCE24E551C07ACD06F41D5530C0","{""1"":{},""2"":{},""4"":{},""8"":{}}","2025-06-25 20:16:54.037+00","2025-06-25 20:16:54.037+00","2025-06-25 20:16:54.037+00"
1723,"868018071302858",68,"2025-06-25 19:41:42+00","-16.3324916","-71.5803733",29,0,0,0,"2592.5","136.0",8,0,"0.9",7,"0101000020E61000002FBE0DD624E551C0D931642B1E5530C0","{""1"":{},""2"":{},""4"":{},""8"":{}}","2025-06-25 20:16:54.04+00","2025-06-25 20:16:54.04+00","2025-06-25 20:16:54.04+00"
1724,"868018071302858",68,"2025-06-25 19:41:47+00","-16.3324916","-71.5803783",0,0,0,0,"2592.6","305.6",8,0,"0.9",7,"0101000020E6100000B87306EB24E551C0D931642B1E5530C0","{""1"":{},""2"":{},""4"":{},""8"":{}}","2025-06-25 20:16:54.575+00","2025-06-25 20:16:54.575+00","2025-06-25 20:16:54.575+00"
1725,"868018071302858",68,"2025-06-25 19:41:52+00","-16.3324916","-71.5803766",1,0,0,0,"2592.6","305.6",8,0,"0.9",7,"0101000020E61000004617E5E324E551C0D931642B1E5530C0","{""1"":{},""2"":{},""4"":{},""8"":{}}","2025-06-25 20:16:54.581+00","2025-06-25 20:16:54.581+00","2025-06-25 20:16:54.581+00"
1726,"868018071302858",68,"2025-06-25 19:41:57+00","-16.3324900","-71.5803750",2,0,0,0,"2592.7","305.6",8,0,"0.9",7,"0101000020E6100000A01A2FDD24E551C03E3F8C101E5530C0","{""1"":{},""2"":{},""4"":{},""8"":{}}","2025-06-25 20:16:54.585+00","2025-06-25 20:16:54.585+00","2025-06-25 20:16:54.585+00"
1727,"868018071302858",68,"2025-06-25 19:42:02+00","-16.3324783","-71.5803600",3,0,0,0,"2592.3","310.7",8,0,"0.9",7,"0101000020E610000005FA449E24E551C03221414C1D5530C0","{""1"":{},""2"":{},""4"":{},""8"":{}}","2025-06-25 20:16:54.588+00","2025-06-25 20:16:54.588+00","2025-06-25 20:16:54.588+00"
1728,"868018071302858",68,"2025-06-25 19:42:07+00","-16.3324766","-71.5803583",4,0,0,0,"2592.1","310.7",8,0,"0.9",7,"0101000020E6100000949D239724E551C06EAFBB2F1D5530C0","{""1"":{},""2"":{},""4"":{},""8"":{}}","2025-06-25 20:16:54.591+00","2025-06-25 20:16:54.591+00","2025-06-25 20:16:54.591+00"
1729,"868018071302858",68,"2025-06-25 19:42:12+00","-16.3324683","-71.5803500",5,0,0,0,"2592.4","310.7",7,0,"1.0",7,"0101000020E6100000F38E537424E551C0EB747BA41C5530C0","{""1"":{},""2"":{},""4"":{},""8"":{}}","2025-06-25 20:16:54.594+00","2025-06-25 20:16:54.594+00","2025-06-25 20:16:54.594+00"
1730,"868018071302858",68,"2025-06-25 19:42:17+00","-16.3324666","-71.5803483",6,0,0,0,"2592.5","310.7",7,0,"1.0",7,"0101000020E61000008232326D24E551C02703F6871C5530C0","{""1"":{},""2"":{},""4"":{},""8"":{}}","2025-06-25 20:16:54.597+00","2025-06-25 20:16:54.597+00","2025-06-25 20:16:54.597+00"
1731,"868018071302858",68,"2025-06-25 19:42:22+00","-16.3324616","-71.5803416",7,0,0,0,"2592.7","310.7",7,0,"1.0",7,"0101000020E61000008820185124E551C0032D13341C5530C0","{""1"":{},""2"":{},""4"":{},""8"":{}}","2025-06-25 20:16:54.6+00","2025-06-25 20:16:54.6+00","2025-06-25 20:16:54.6+00"
1732,"868018071302858",68,"2025-06-25 19:42:27+00","-16.3324550","-71.5803400",8,0,0,0,"2592.3","310.7",9,0,"0.9",7,"0101000020E6100000E223624A24E551C0456458C51B5530C0","{""1"":{},""2"":{},""4"":{},""8"":{}}","2025-06-25 20:16:54.602+00","2025-06-25 20:16:54.602+00","2025-06-25 20:16:54.602+00"
1733,"868018071302858",68,"2025-06-25 19:42:32+00","-16.3324400","-71.5803283",9,0,0,0,"2591.8","268.5",9,0,"0.9",7,"0101000020E61000005F5C4F1924E551C0DAE1AFC91A5530C0","{""1"":{},""2"":{},""4"":{},""8"":{}}","2025-06-25 20:16:54.605+00","2025-06-25 20:16:54.605+00","2025-06-25 20:16:54.605+00"
1734,"868018071302858",68,"2025-06-25 19:42:37+00","-16.3324266","-71.5803200",10,0,0,0,"2591.3","66.2",9,0,"0.9",7,"0101000020E6100000BE4D7FF623E551C00B52DFE8195530C0","{""1"":{},""2"":{},""4"":{},""8"":{}}","2025-06-25 20:16:54.608+00","2025-06-25 20:16:54.608+00","2025-06-25 20:16:54.608+00"
1735,"868018071302858",68,"2025-06-25 19:42:42+00","-16.3324233","-71.5803150",11,0,0,0,"2591.2","66.2",9,0,"0.9",7,"0101000020E6100000359886E123E551C0ABED81B1195530C0","{""1"":{},""2"":{},""4"":{},""8"":{}}","2025-06-25 20:16:54.611+00","2025-06-25 20:16:54.611+00","2025-06-25 20:16:54.611+00"
1736,"868018071302858",68,"2025-06-25 19:42:47+00","-16.3324233","-71.5803100",12,0,0,0,"2591.4","66.2",9,0,"0.9",7,"0101000020E6100000ACE28DCC23E551C0ABED81B1195530C0","{""1"":{},""2"":{},""4"":{},""8"":{}}","2025-06-25 20:16:54.613+00","2025-06-25 20:16:54.614+00","2025-06-25 20:16:54.614+00"
1737,"868018071302858",68,"2025-06-25 19:42:52+00","-16.3324250","-71.5803166",13,0,0,0,"2591.3","66.2",9,0,"0.9",7,"0101000020E6100000DC943CE823E551C0705F07CE195530C0","{""1"":{},""2"":{},""4"":{},""8"":{}}","2025-06-25 20:16:54.616+00","2025-06-25 20:16:54.616+00","2025-06-25 20:16:54.616+00"
1738,"868018071302858",68,"2025-06-25 19:42:57+00","-16.3324300","-71.5803250",14,0,0,0,"2591.3","254.2",8,0,"0.9",7,"0101000020E61000004703780B24E551C09335EA211A5530C0","{""1"":{},""2"":{},""4"":{},""8"":{}}","2025-06-25 20:16:54.619+00","2025-06-25 20:16:54.619+00","2025-06-25 20:16:54.619+00"
1739,"868018071302858",68,"2025-06-25 19:43:02+00","-16.3324166","-71.5803300",15,0,0,0,"2592.5","328.4",8,0,"0.9",7,"0101000020E6100000D0B8702024E551C0C3A51941195530C0","{""1"":{},""2"":{},""4"":{},""8"":{}}","2025-06-25 20:16:54.621+00","2025-06-25 20:16:54.621+00","2025-06-25 20:16:54.621+00"
1740,"868018071302858",68,"2025-06-25 19:43:07+00","-16.3324200","-71.5803366",16,0,0,0,"2592.7","52.8",8,0,"0.9",7,"0101000020E6100000FF6A1F3C24E551C04C89247A195530C0","{""1"":{},""2"":{},""4"":{},""8"":{}}","2025-06-25 20:16:54.624+00","2025-06-25 20:16:54.624+00","2025-06-25 20:16:54.624+00"
1741,"868018071302858",68,"2025-06-25 19:43:12+00","-16.3324250","-71.5803400",17,0,0,0,"2592.8","52.7",8,1,"0.9",7,"0101000020E6100000E223624A24E551C0705F07CE195530C0","{""1"":{},""2"":{},""4"":{},""8"":{}}","2025-06-25 20:16:54.628+00","2025-06-25 20:16:54.628+00","2025-06-25 20:16:54.628+00"
1742,"868018071302858",68,"2025-06-25 19:43:17+00","-16.3324283","-71.5803450",18,0,0,0,"2592.9","249.4",8,0,"0.9",7,"0101000020E61000006AD95A5F24E551C0CFC364051A5530C0","{""1"":{},""2"":{},""4"":{},""8"":{}}","2025-06-25 20:16:54.631+00","2025-06-25 20:16:54.631+00","2025-06-25 20:16:54.631+00"
1743,"868018071302858",68,"2025-06-25 19:43:22+00","-16.3324266","-71.5803483",19,0,0,0,"2592.3","42.6",8,0,"0.9",7,"0101000020E61000008232326D24E551C00B52DFE8195530C0","{""1"":{},""2"":{},""4"":{},""8"":{}}","2025-06-25 20:16:54.634+00","2025-06-25 20:16:54.634+00","2025-06-25 20:16:54.634+00"
1744,"868018071302858",68,"2025-06-25 19:43:27+00","-16.3324283","-71.5803433",20,0,0,0,"2591.9","153.2",8,0,"0.9",7,"0101000020E6100000F97C395824E551C0CFC364051A5530C0","{""1"":{},""2"":{},""4"":{},""8"":{}}","2025-06-25 20:16:54.636+00","2025-06-25 20:16:54.636+00","2025-06-25 20:16:54.636+00"
1745,"868018071302858",68,"2025-06-25 19:43:32+00","-16.3324250","-71.5803366",21,0,0,0,"2591.7","74.6",8,0,"0.9",7,"0101000020E6100000FF6A1F3C24E551C0705F07CE195530C0","{""1"":{},""2"":{},""4"":{},""8"":{}}","2025-06-25 20:16:54.639+00","2025-06-25 20:16:54.639+00","2025-06-25 20:16:54.639+00"
1746,"868018071302858",68,"2025-06-25 19:43:37+00","-16.3324083","-71.5803333",22,0,0,0,"2591.6","341.4",8,0,"0.9",7,"0101000020E6100000E811482E24E551C0416BD9B5185530C0","{""1"":{},""2"":{},""4"":{},""8"":{}}","2025-06-25 20:16:54.642+00","2025-06-25 20:16:54.642+00","2025-06-25 20:16:54.642+00"
1747,"868018071302858",68,"2025-06-25 19:43:42+00","-16.3323866","-71.5803333",23,0,0,0,"2591.5","341.4",8,0,"0.9",7,"0101000020E6100000E811482E24E551C0EEA0C849175530C0","{""1"":{},""2"":{},""4"":{},""8"":{}}","2025-06-25 20:16:54.645+00","2025-06-25 20:16:54.645+00","2025-06-25 20:16:54.645+00"
1748,"868018071302858",68,"2025-06-25 19:43:47+00","-16.3323500","-71.5803283",24,0,0,0,"2591.8","283.0",9,0,"1.0",7,"0101000020E61000005F5C4F1924E551C05BD3BCE3145530C0","{""1"":{},""2"":{},""4"":{},""8"":{}}","2025-06-25 20:16:54.647+00","2025-06-25 20:16:54.647+00","2025-06-25 20:16:54.647+00"
1749,"868018071302858",68,"2025-06-25 19:43:52+00","-16.3323400","-71.5803250",25,0,0,0,"2592.0","56.6",9,1,"1.0",7,"0101000020E61000004703780B24E551C01327F73B145530C0","{""1"":{},""2"":{},""4"":{},""8"":{}}","2025-06-25 20:16:54.65+00","2025-06-25 20:16:54.65+00","2025-06-25 20:16:54.65+00"
1750,"868018071302858",68,"2025-06-25 19:43:57+00","-16.3323433","-71.5803266",26,0,0,0,"2592.0","73.1",9,0,"0.9",7,"0101000020E6100000EEFF2D1224E551C0738B5473145530C0","{""1"":{},""2"":{},""4"":{},""8"":{}}","2025-06-25 20:16:54.653+00","2025-06-25 20:16:54.653+00","2025-06-25 20:16:54.653+00"
1751,"868018071302858",68,"2025-06-25 19:44:02+00","-16.3323533","-71.5803266",27,0,0,0,"2591.6","199.1",9,0,"0.9",7,"0101000020E6100000EEFF2D1224E551C0BA371A1B155530C0","{""1"":{},""2"":{},""4"":{},""8"":{}}","2025-06-25 20:16:54.655+00","2025-06-25 20:16:54.655+00","2025-06-25 20:16:54.655+00"
1752,"868018071302858",68,"2025-06-25 19:44:07+00","-16.3323633","-71.5803316",28,0,0,0,"2591.8","20.3",9,0,"0.9",7,"0101000020E610000076B5262724E551C001E4DFC2155530C0","{""1"":{},""2"":{},""4"":{},""8"":{}}","2025-06-25 20:16:54.658+00","2025-06-25 20:16:54.658+00","2025-06-25 20:16:54.658+00"
1753,"868018071302858",68,"2025-06-25 19:44:12+00","-16.3323716","-71.5803350",29,0,0,0,"2592.9","216.6",9,0,"0.9",7,"0101000020E6100000596E693524E551C0831E204E165530C0","{""1"":{},""2"":{},""4"":{},""8"":{}}","2025-06-25 20:16:54.661+00","2025-06-25 20:16:54.661+00","2025-06-25 20:16:54.661+00"
1754,"868018071302858",68,"2025-06-25 19:44:17+00","-16.3323783","-71.5803383",0,0,0,0,"2592.9","353.6",9,0,"0.9",7,"0101000020E610000070C7404324E551C06B6688BE165530C0","{""1"":{},""2"":{},""4"":{},""8"":{}}","2025-06-25 20:16:55.165+00","2025-06-25 20:16:55.165+00","2025-06-25 20:16:55.165+00"
1755,"868018071302858",68,"2025-06-25 19:44:22+00","-16.3323883","-71.5803433",1,0,0,0,"2593.6","99.2",9,1,"0.9",7,"0101000020E6100000F97C395824E551C0B3124E66175530C0","{""1"":{},""2"":{},""4"":{},""8"":{}}","2025-06-25 20:16:55.173+00","2025-06-25 20:16:55.173+00","2025-06-25 20:16:55.173+00"
1756,"868018071302858",68,"2025-06-25 19:44:27+00","-16.3323900","-71.5803350",2,0,0,0,"2593.0","174.4",9,0,"0.9",7,"0101000020E6100000596E693524E551C07784D382175530C0","{""1"":{},""2"":{},""4"":{},""8"":{}}","2025-06-25 20:16:55.177+00","2025-06-25 20:16:55.177+00","2025-06-25 20:16:55.177+00"
1757,"868018071302858",68,"2025-06-25 19:44:32+00","-16.3324166","-71.5803416",3,0,0,0,"2593.0","121.5",9,1,"0.9",7,"0101000020E61000008820185124E551C0C3A51941195530C0","{""1"":{},""2"":{},""4"":{},""8"":{}}","2025-06-25 20:16:55.181+00","2025-06-25 20:16:55.181+00","2025-06-25 20:16:55.181+00"
1758,"868018071302858",68,"2025-06-25 19:44:37+00","-16.3324366","-71.5803483",4,0,0,0,"2592.5","47.1",9,2,"0.9",7,"0101000020E61000008232326D24E551C052FEA4901A5530C0","{""1"":{},""2"":{},""4"":{},""8"":{}}","2025-06-25 20:16:55.184+00","2025-06-25 20:16:55.184+00","2025-06-25 20:16:55.184+00"
1759,"868018071302858",68,"2025-06-25 19:44:42+00","-16.3324433","-71.5803516",5,0,0,0,"2591.9","162.7",8,2,"0.9",7,"0101000020E61000009A8B097B24E551C03A460D011B5530C0","{""1"":{},""2"":{},""4"":{},""8"":{}}","2025-06-25 20:16:55.186+00","2025-06-25 20:16:55.186+00","2025-06-25 20:16:55.186+00"
1760,"868018071302858",68,"2025-06-25 19:44:47+00","-16.3324533","-71.5803583",6,0,0,0,"2591.6","28.4",9,0,"0.9",7,"0101000020E6100000949D239724E551C081F2D2A81B5530C0","{""1"":{},""2"":{},""4"":{},""8"":{}}","2025-06-25 20:16:55.189+00","2025-06-25 20:16:55.189+00","2025-06-25 20:16:55.189+00"
1761,"868018071302858",68,"2025-06-25 19:44:52+00","-16.3324583","-71.5803600",7,0,0,0,"2591.0","182.5",8,0,"0.9",7,"0101000020E610000005FA449E24E551C0A4C8B5FC1B5530C0","{""1"":{},""2"":{},""4"":{},""8"":{}}","2025-06-25 20:16:55.191+00","2025-06-25 20:16:55.191+00","2025-06-25 20:16:55.191+00"
1762,"868018071302858",68,"2025-06-25 19:44:57+00","-16.3324550","-71.5803650",8,0,0,0,"2590.2","42.5",9,0,"0.9",7,"0101000020E61000008EAF3DB324E551C0456458C51B5530C0","{""1"":{},""2"":{},""4"":{},""8"":{}}","2025-06-25 20:16:55.194+00","2025-06-25 20:16:55.194+00","2025-06-25 20:16:55.194+00"
1763,"868018071302858",68,"2025-06-25 19:45:02+00","-16.3324416","-71.5803650",9,0,0,0,"2589.9","333.5",9,0,"0.9",7,"0101000020E61000008EAF3DB324E551C075D487E41A5530C0","{""1"":{},""2"":{},""4"":{},""8"":{}}","2025-06-25 20:16:55.196+00","2025-06-25 20:16:55.196+00","2025-06-25 20:16:55.196+00"
1764,"868018071302858",68,"2025-06-25 19:45:07+00","-16.3324300","-71.5803616",10,0,0,0,"2589.9","66.5",9,0,"0.9",7,"0101000020E6100000ACF6FAA424E551C09335EA211A5530C0","{""1"":{},""2"":{},""4"":{},""8"":{}}","2025-06-25 20:16:55.199+00","2025-06-25 20:16:55.199+00","2025-06-25 20:16:55.199+00"
1765,"868018071302858",68,"2025-06-25 19:45:12+00","-16.3324216","-71.5803616",11,0,0,0,"2589.4","66.5",9,0,"1.0",7,"0101000020E6100000ACF6FAA424E551C0E77BFC94195530C0","{""1"":{},""2"":{},""4"":{},""8"":{}}","2025-06-25 20:16:55.202+00","2025-06-25 20:16:55.202+00","2025-06-25 20:16:55.202+00"
1766,"868018071302858",68,"2025-06-25 19:45:17+00","-16.3324200","-71.5803633",12,0,0,0,"2589.4","66.5",9,0,"1.0",7,"0101000020E61000001D531CAC24E551C04C89247A195530C0","{""1"":{},""2"":{},""4"":{},""8"":{}}","2025-06-25 20:16:55.205+00","2025-06-25 20:16:55.205+00","2025-06-25 20:16:55.205+00"
1767,"868018071302858",68,"2025-06-25 19:45:22+00","-16.3323833","-71.5803500",13,0,0,0,"2587.5","85.1",9,0,"1.0",7,"0101000020E6100000F38E537424E551C08F3C6B12175530C0","{""1"":{},""2"":{},""4"":{},""8"":{}}","2025-06-25 20:16:55.208+00","2025-06-25 20:16:55.208+00","2025-06-25 20:16:55.208+00"
1768,"868018071302858",68,"2025-06-25 19:45:27+00","-16.3323550","-71.5803433",14,0,0,0,"2587.3","132.3",8,0,"1.0",7,"0101000020E6100000F97C395824E551C07EA99F37155530C0","{""1"":{},""2"":{},""4"":{},""8"":{}}","2025-06-25 20:16:55.21+00","2025-06-25 20:16:55.21+00","2025-06-25 20:16:55.21+00"
1769,"868018071302858",68,"2025-06-25 19:45:32+00","-16.3323433","-71.5803616",15,0,0,0,"2588.3","142.3",9,1,"0.9",7,"0101000020E6100000ACF6FAA424E551C0738B5473145530C0","{""1"":{},""2"":{},""4"":{},""8"":{}}","2025-06-25 20:16:55.213+00","2025-06-25 20:16:55.213+00","2025-06-25 20:16:55.213+00"
1770,"868018071302858",68,"2025-06-25 19:45:37+00","-16.3323500","-71.5803800",16,0,0,0,"2588.6","83.9",9,0,"0.9",7,"0101000020E610000029D027F224E551C05BD3BCE3145530C0","{""1"":{},""2"":{},""4"":{},""8"":{}}","2025-06-25 20:16:55.216+00","2025-06-25 20:16:55.216+00","2025-06-25 20:16:55.216+00"
1771,"868018071302858",68,"2025-06-25 19:45:42+00","-16.3323633","-71.5803966",17,0,0,0,"2589.0","110.4",10,0,"0.9",7,"0101000020E61000006AEDC73725E551C001E4DFC2155530C0","{""1"":{},""2"":{},""4"":{},""8"":{}}","2025-06-25 20:16:55.218+00","2025-06-25 20:16:55.218+00","2025-06-25 20:16:55.218+00"
1772,"868018071302858",68,"2025-06-25 19:45:47+00","-16.3323666","-71.5804016",18,0,0,0,"2588.9","39.0",10,0,"0.9",7,"0101000020E6100000F3A2C04C25E551C060483DFA155530C0","{""1"":{},""2"":{},""4"":{},""8"":{}}","2025-06-25 20:16:55.221+00","2025-06-25 20:16:55.221+00","2025-06-25 20:16:55.221+00"
1773,"868018071302858",68,"2025-06-25 19:45:52+00","-16.3323816","-71.5804200",19,0,0,0,"2589.4","125.0",10,0,"0.9",7,"0101000020E6100000707CED9925E551C0CBCAE5F5165530C0","{""1"":{},""2"":{},""4"":{},""8"":{}}","2025-06-25 20:16:55.224+00","2025-06-25 20:16:55.224+00","2025-06-25 20:16:55.224+00"
1774,"868018071302858",68,"2025-06-25 19:45:57+00","-16.3323900","-71.5804233",20,0,0,0,"2589.4","13.6",10,0,"0.9",7,"0101000020E610000088D5C4A725E551C07784D382175530C0","{""1"":{},""2"":{},""4"":{},""8"":{}}","2025-06-25 20:16:55.226+00","2025-06-25 20:16:55.227+00","2025-06-25 20:16:55.227+00"
1775,"868018071302858",68,"2025-06-25 19:46:02+00","-16.3323916","-71.5804250",21,0,0,0,"2589.3","13.6",10,0,"0.9",7,"0101000020E6100000F931E6AE25E551C01277AB9D175530C0","{""1"":{},""2"":{},""4"":{},""8"":{}}","2025-06-25 20:16:55.229+00","2025-06-25 20:16:55.23+00","2025-06-25 20:16:55.23+00"
1776,"868018071302858",68,"2025-06-25 19:46:07+00","-16.3323866","-71.5804266",22,0,0,0,"2589.1","346.3",10,0,"0.9",7,"0101000020E61000009F2E9CB525E551C0EEA0C849175530C0","{""1"":{},""2"":{},""4"":{},""8"":{}}","2025-06-25 20:16:55.232+00","2025-06-25 20:16:55.232+00","2025-06-25 20:16:55.232+00"
1777,"868018071302858",68,"2025-06-25 19:46:12+00","-16.3323783","-71.5804266",23,0,0,0,"2588.7","236.7",10,0,"0.9",7,"0101000020E61000009F2E9CB525E551C06B6688BE165530C0","{""1"":{},""2"":{},""4"":{},""8"":{}}","2025-06-25 20:16:55.235+00","2025-06-25 20:16:55.235+00","2025-06-25 20:16:55.235+00"
1778,"868018071302858",68,"2025-06-25 19:46:17+00","-16.3323683","-71.5804266",24,0,0,0,"2586.8","121.4",10,0,"0.9",7,"0101000020E61000009F2E9CB525E551C024BAC216165530C0","{""1"":{},""2"":{},""4"":{},""8"":{}}","2025-06-25 20:16:55.237+00","2025-06-25 20:16:55.238+00","2025-06-25 20:16:55.238+00"
1779,"868018071302858",68,"2025-06-25 19:46:22+00","-16.3323716","-71.5804116",25,0,0,0,"2586.5","40.6",10,0,"0.9",7,"0101000020E6100000050EB27625E551C0831E204E165530C0","{""1"":{},""2"":{},""4"":{},""8"":{}}","2025-06-25 20:16:55.24+00","2025-06-25 20:16:55.24+00","2025-06-25 20:16:55.24+00"
1780,"868018071302858",68,"2025-06-25 19:46:27+00","-16.3323716","-71.5804100",26,0,0,0,"2586.9","314.4",10,0,"0.9",7,"0101000020E61000005E11FC6F25E551C0831E204E165530C0","{""1"":{},""2"":{},""4"":{},""8"":{}}","2025-06-25 20:16:55.243+00","2025-06-25 20:16:55.243+00","2025-06-25 20:16:55.243+00"
1781,"868018071302858",68,"2025-06-25 19:46:32+00","-16.3323816","-71.5804066",27,0,0,0,"2586.8","178.0",10,0,"0.8",7,"0101000020E61000007C58B96125E551C0CBCAE5F5165530C0","{""1"":{},""2"":{},""4"":{},""8"":{}}","2025-06-25 20:16:55.246+00","2025-06-25 20:16:55.246+00","2025-06-25 20:16:55.246+00"
1782,"868018071302858",68,"2025-06-25 19:46:37+00","-16.3323933","-71.5804116",28,0,0,0,"2589.3","245.7",10,0,"0.9",7,"0101000020E6100000050EB27625E551C0D6E830BA175530C0","{""1"":{},""2"":{},""4"":{},""8"":{}}","2025-06-25 20:16:55.25+00","2025-06-25 20:16:55.25+00","2025-06-25 20:16:55.25+00"
1783,"868018071302858",68,"2025-06-25 19:46:42+00","-16.3324100","-71.5804016",29,0,0,0,"2591.0","155.7",10,0,"0.9",7,"0101000020E6100000F3A2C04C25E551C005DD5ED2185530C0","{""1"":{},""2"":{},""4"":{},""8"":{}}","2025-06-25 20:16:55.258+00","2025-06-25 20:16:55.258+00","2025-06-25 20:16:55.258+00"
1784,"868018071302858",68,"2025-06-25 19:46:47+00","-16.3324300","-71.5803933",0,0,0,0,"2591.7","342.9",10,4,"0.9",7,"0101000020E61000005294F02925E551C09335EA211A5530C0","{""1"":{},""2"":{},""4"":{},""8"":{}}","2025-06-25 20:16:55.779+00","2025-06-25 20:16:55.779+00","2025-06-25 20:16:55.779+00"
1785,"868018071302858",68,"2025-06-25 19:46:52+00","-16.3324516","-71.5803833",1,0,0,0,"2593.3","112.8",9,1,"0.9",7,"0101000020E61000004029FFFF24E551C0BC804D8C1B5530C0","{""1"":{},""2"":{},""4"":{},""8"":{}}","2025-06-25 20:16:55.783+00","2025-06-25 20:16:55.783+00","2025-06-25 20:16:55.783+00"
1786,"868018071302858",68,"2025-06-25 19:46:57+00","-16.3324633","-71.5803900",2,0,0,0,"2594.8","262.1",9,2,"0.8",7,"0101000020E61000003A3B191C25E551C0C89E98501C5530C0","{""1"":{},""2"":{},""4"":{},""8"":{}}","2025-06-25 20:16:55.786+00","2025-06-25 20:16:55.786+00","2025-06-25 20:16:55.786+00"
1787,"868018071302858",68,"2025-06-25 19:47:02+00","-16.3324800","-71.5803983",3,0,0,0,"2595.1","186.0",9,0,"0.9",7,"0101000020E6100000DB49E93E25E551C0F792C6681D5530C0","{""1"":{},""2"":{},""4"":{},""8"":{}}","2025-06-25 20:16:55.789+00","2025-06-25 20:16:55.79+00","2025-06-25 20:16:55.79+00"
1788,"868018071302858",68,"2025-06-25 19:47:05+00","-16.3325016","-71.5803900",4,0,0,0,"2595.3","171.9",9,8,"0.8",9,"0101000020E61000003A3B191C25E551C020DE29D31E5530C0","{""1"":{},""2"":{},""4"":{},""8"":{}}","2025-06-25 20:16:55.793+00","2025-06-25 20:16:55.793+00","2025-06-25 20:16:55.793+00"
1789,"868018071302858",68,"2025-06-25 19:47:10+00","-16.3325083","-71.5803950",5,0,0,0,"2596.7","12.4",9,0,"0.8",7,"0101000020E6100000C3F0113125E551C0082692431F5530C0","{""1"":{},""2"":{},""4"":{},""8"":{}}","2025-06-25 20:16:55.796+00","2025-06-25 20:16:55.796+00","2025-06-25 20:16:55.796+00"
1790,"868018071302858",68,"2025-06-25 19:47:15+00","-16.3325216","-71.5803933",6,0,0,0,"2598.1","34.1",10,0,"0.8",7,"0101000020E61000005294F02925E551C0AE36B522205530C0","{""1"":{},""2"":{},""4"":{},""8"":{}}","2025-06-25 20:16:55.799+00","2025-06-25 20:16:55.799+00","2025-06-25 20:16:55.799+00"
1791,"868018071302858",68,"2025-06-25 19:47:20+00","-16.3325400","-71.5803883",7,0,0,0,"2597.8","206.3",10,2,"0.8",7,"0101000020E6100000C9DEF71425E551C0A29C6857215530C0","{""1"":{},""2"":{},""4"":{},""8"":{}}","2025-06-25 20:16:55.802+00","2025-06-25 20:16:55.802+00","2025-06-25 20:16:55.802+00"
1792,"868018071302858",68,"2025-06-25 19:47:25+00","-16.3325450","-71.5803833",8,0,0,0,"2597.5","172.3",10,0,"0.8",7,"0101000020E61000004029FFFF24E551C0C5724BAB215530C0","{""1"":{},""2"":{},""4"":{},""8"":{}}","2025-06-25 20:16:55.804+00","2025-06-25 20:16:55.805+00","2025-06-25 20:16:55.805+00"
1793,"868018071302858",68,"2025-06-25 19:47:30+00","-16.3325566","-71.5803733",9,0,0,0,"2597.2","205.3",10,0,"0.8",7,"0101000020E61000002FBE0DD624E551C0A711E96D225530C0","{""1"":{},""2"":{},""4"":{},""8"":{}}","2025-06-25 20:16:55.808+00","2025-06-25 20:16:55.808+00","2025-06-25 20:16:55.808+00"
1794,"868018071302858",68,"2025-06-25 19:47:35+00","-16.3325433","-71.5803716",10,0,0,0,"2596.7","343.0",10,0,"0.8",7,"0101000020E6100000BE61ECCE24E551C00101C68E215530C0","{""1"":{},""2"":{},""4"":{},""8"":{}}","2025-06-25 20:16:55.81+00","2025-06-25 20:16:55.81+00","2025-06-25 20:16:55.81+00"
1795,"868018071302858",68,"2025-06-25 19:47:40+00","-16.3325350","-71.5803666",11,0,0,0,"2596.7","50.3",10,0,"0.8",7,"0101000020E610000035ACF3B924E551C07EC68503215530C0","{""1"":{},""2"":{},""4"":{},""8"":{}}","2025-06-25 20:16:55.813+00","2025-06-25 20:16:55.813+00","2025-06-25 20:16:55.813+00"
1796,"868018071302858",68,"2025-06-25 19:47:45+00","-16.3325233","-71.5803716",12,0,0,0,"2596.2","248.6",10,2,"0.8",7,"0101000020E6100000BE61ECCE24E551C072A83A3F205530C0","{""1"":{},""2"":{},""4"":{},""8"":{}}","2025-06-25 20:16:55.816+00","2025-06-25 20:16:55.816+00","2025-06-25 20:16:55.816+00"
1797,"868018071302858",68,"2025-06-25 19:47:50+00","-16.3325200","-71.5803700",13,0,0,0,"2594.5","6.3",9,0,"0.8",7,"0101000020E6100000176536C824E551C01344DD07205530C0","{""1"":{},""2"":{},""4"":{},""8"":{}}","2025-06-25 20:16:55.819+00","2025-06-25 20:16:55.819+00","2025-06-25 20:16:55.819+00"
1798,"868018071302858",68,"2025-06-25 19:47:55+00","-16.3325183","-71.5803700",14,0,0,0,"2593.0","333.9",9,0,"0.8",7,"0101000020E6100000176536C824E551C04FD257EB1F5530C0","{""1"":{},""2"":{},""4"":{},""8"":{}}","2025-06-25 20:16:55.821+00","2025-06-25 20:16:55.821+00","2025-06-25 20:16:55.821+00"
1799,"868018071302858",68,"2025-06-25 19:48:00+00","-16.3325183","-71.5803733",15,0,0,0,"2593.4","34.2",9,0,"0.8",7,"0101000020E61000002FBE0DD624E551C04FD257EB1F5530C0","{""1"":{},""2"":{},""4"":{},""8"":{}}","2025-06-25 20:16:55.824+00","2025-06-25 20:16:55.824+00","2025-06-25 20:16:55.824+00"
1800,"868018071302858",68,"2025-06-25 19:48:05+00","-16.3325266","-71.5803950",16,0,0,0,"2593.9","131.1",9,1,"0.8",7,"0101000020E6100000C3F0113125E551C0D20C9876205530C0","{""1"":{},""2"":{},""4"":{},""8"":{}}","2025-06-25 20:16:55.826+00","2025-06-25 20:16:55.826+00","2025-06-25 20:16:55.826+00"
1801,"868018071302858",68,"2025-06-25 19:48:10+00","-16.3325366","-71.5803983",17,0,0,0,"2594.0","51.6",10,0,"0.8",7,"0101000020E6100000DB49E93E25E551C019B95D1E215530C0","{""1"":{},""2"":{},""4"":{},""8"":{}}","2025-06-25 20:16:55.829+00","2025-06-25 20:16:55.829+00","2025-06-25 20:16:55.829+00"
1802,"868018071302858",68,"2025-06-25 19:48:15+00","-16.3325450","-71.5804033",18,0,0,0,"2594.5","21.8",10,0,"0.8",7,"0101000020E610000064FFE15325E551C0C5724BAB215530C0","{""1"":{},""2"":{},""4"":{},""8"":{}}","2025-06-25 20:16:55.832+00","2025-06-25 20:16:55.832+00","2025-06-25 20:16:55.832+00"
1803,"868018071302858",68,"2025-06-25 19:48:20+00","-16.3325500","-71.5804050",19,0,0,0,"2594.5","343.9",10,0,"0.8",7,"0101000020E6100000D55B035B25E551C0E9482EFF215530C0","{""1"":{},""2"":{},""4"":{},""8"":{}}","2025-06-25 20:16:55.834+00","2025-06-25 20:16:55.834+00","2025-06-25 20:16:55.834+00"
1804,"868018071302858",68,"2025-06-25 19:48:25+00","-16.3325500","-71.5804066",20,0,0,0,"2594.4","12.0",10,0,"0.8",7,"0101000020E61000007C58B96125E551C0E9482EFF215530C0","{""1"":{},""2"":{},""4"":{},""8"":{}}","2025-06-25 20:16:55.837+00","2025-06-25 20:16:55.837+00","2025-06-25 20:16:55.837+00"
1805,"868018071302858",68,"2025-06-25 19:48:30+00","-16.3325533","-71.5804100",21,0,0,0,"2594.7","241.5",10,2,"0.8",7,"0101000020E61000005E11FC6F25E551C048AD8B36225530C0","{""1"":{},""2"":{},""4"":{},""8"":{}}","2025-06-25 20:16:55.848+00","2025-06-25 20:16:55.848+00","2025-06-25 20:16:55.848+00"
1806,"868018071302858",68,"2025-06-25 19:48:35+00","-16.3325483","-71.5804083",22,0,0,0,"2594.5","62.3",10,0,"0.8",7,"0101000020E6100000EDB4DA6825E551C024D7A8E2215530C0","{""1"":{},""2"":{},""4"":{},""8"":{}}","2025-06-25 20:16:55.851+00","2025-06-25 20:16:55.851+00","2025-06-25 20:16:55.851+00"
1807,"868018071302858",68,"2025-06-25 19:48:37+00","-16.3325500","-71.5804066",23,0,0,0,"2595.0","284.5",10,2,"0.8",9,"0101000020E61000007C58B96125E551C0E9482EFF215530C0","{""1"":{},""2"":{},""4"":{},""8"":{}}","2025-06-25 20:16:55.854+00","2025-06-25 20:16:55.854+00","2025-06-25 20:16:55.854+00"
1808,"868018071302858",68,"2025-06-25 19:48:40+00","-16.3325500","-71.5804050",24,0,0,0,"2595.0","259.1",10,5,"0.8",9,"0101000020E6100000D55B035B25E551C0E9482EFF215530C0","{""1"":{},""2"":{},""4"":{},""8"":{}}","2025-06-25 20:16:55.857+00","2025-06-25 20:16:55.857+00","2025-06-25 20:16:55.857+00"
1809,"868018071302858",68,"2025-06-25 19:48:45+00","-16.3325500","-71.5804050",25,0,0,0,"2595.4","0.7",9,0,"0.8",7,"0101000020E6100000D55B035B25E551C0E9482EFF215530C0","{""1"":{},""2"":{},""4"":{},""8"":{}}","2025-06-25 20:16:55.86+00","2025-06-25 20:16:55.86+00","2025-06-25 20:16:55.86+00"
1810,"868018071302858",68,"2025-06-25 19:48:50+00","-16.3325400","-71.5804050",26,0,0,0,"2596.0","41.3",10,0,"0.8",7,"0101000020E6100000D55B035B25E551C0A29C6857215530C0","{""1"":{},""2"":{},""4"":{},""8"":{}}","2025-06-25 20:16:55.863+00","2025-06-25 20:16:55.863+00","2025-06-25 20:16:55.863+00"
1811,"868018071302858",68,"2025-06-25 19:48:55+00","-16.3325333","-71.5804100",27,0,0,0,"2595.8","134.7",9,0,"0.8",7,"0101000020E61000005E11FC6F25E551C0BA5400E7205530C0","{""1"":{},""2"":{},""4"":{},""8"":{}}","2025-06-25 20:16:55.865+00","2025-06-25 20:16:55.865+00","2025-06-25 20:16:55.865+00"
1812,"868018071302858",68,"2025-06-25 19:49:00+00","-16.3325283","-71.5804150",28,0,0,0,"2595.9","87.8",10,0,"0.8",7,"0101000020E6100000E7C6F48425E551C0967E1D93205530C0","{""1"":{},""2"":{},""4"":{},""8"":{}}","2025-06-25 20:16:55.868+00","2025-06-25 20:16:55.868+00","2025-06-25 20:16:55.868+00"
1813,"868018071302858",68,"2025-06-25 19:49:05+00","-16.3325183","-71.5804183",29,0,0,0,"2595.9","108.8",9,0,"0.8",7,"0101000020E6100000FF1FCC9225E551C04FD257EB1F5530C0","{""1"":{},""2"":{},""4"":{},""8"":{}}","2025-06-25 20:16:55.871+00","2025-06-25 20:16:55.871+00","2025-06-25 20:16:55.871+00"
1814,"868018071302858",68,"2025-06-25 19:49:10+00","-16.3325033","-71.5804183",0,0,0,0,"2596.0","120.1",9,1,"0.8",7,"0101000020E6100000FF1FCC9225E551C0E44FAFEF1E5530C0","{""1"":{},""2"":{},""4"":{},""8"":{}}","2025-06-25 20:17:01.925+00","2025-06-25 20:17:01.925+00","2025-06-25 20:17:01.925+00"
1815,"868018071302858",68,"2025-06-25 19:49:15+00","-16.3324883","-71.5804183",1,0,0,0,"2595.9","335.6",9,0,"0.8",7,"0101000020E6100000FF1FCC9225E551C07ACD06F41D5530C0","{""1"":{},""2"":{},""4"":{},""8"":{}}","2025-06-25 20:17:01.933+00","2025-06-25 20:17:01.934+00","2025-06-25 20:17:01.934+00"
1816,"868018071302858",68,"2025-06-25 19:49:20+00","-16.3324783","-71.5804150",2,0,0,0,"2595.4","352.9",9,2,"0.8",7,"0101000020E6100000E7C6F48425E551C03221414C1D5530C0","{""1"":{},""2"":{},""4"":{},""8"":{}}","2025-06-25 20:17:01.94+00","2025-06-25 20:17:01.94+00","2025-06-25 20:17:01.94+00"
1817,"868018071302858",68,"2025-06-25 19:49:25+00","-16.3324800","-71.5804166",3,0,0,0,"2595.0","147.3",9,2,"0.9",7,"0101000020E61000008EC3AA8B25E551C0F792C6681D5530C0","{""1"":{},""2"":{},""4"":{},""8"":{}}","2025-06-25 20:17:01.951+00","2025-06-25 20:17:01.952+00","2025-06-25 20:17:01.952+00"
1818,"868018071302858",68,"2025-06-25 19:49:30+00","-16.3324833","-71.5804183",4,0,0,0,"2595.2","185.6",9,0,"0.8",7,"0101000020E6100000FF1FCC9225E551C056F723A01D5530C0","{""1"":{},""2"":{},""4"":{},""8"":{}}","2025-06-25 20:17:01.962+00","2025-06-25 20:17:01.962+00","2025-06-25 20:17:01.962+00"
1819,"868018071302858",68,"2025-06-25 19:49:35+00","-16.3324833","-71.5804183",5,0,0,0,"2594.7","157.7",10,1,"0.8",7,"0101000020E6100000FF1FCC9225E551C056F723A01D5530C0","{""1"":{},""2"":{},""4"":{},""8"":{}}","2025-06-25 20:17:01.975+00","2025-06-25 20:17:01.976+00","2025-06-25 20:17:01.976+00"
1820,"868018071302858",68,"2025-06-25 19:49:38+00","-16.3324850","-71.5804200",6,0,0,0,"2595.1","246.3",10,7,"0.8",9,"0101000020E6100000707CED9925E551C01A69A9BC1D5530C0","{""1"":{},""2"":{},""4"":{},""8"":{}}","2025-06-25 20:17:01.983+00","2025-06-25 20:17:01.983+00","2025-06-25 20:17:01.983+00"
1821,"868018071302858",68,"2025-06-25 19:49:43+00","-16.3324816","-71.5804133",7,0,0,0,"2594.7","121.6",10,0,"0.8",7,"0101000020E6100000766AD37D25E551C092859E831D5530C0","{""1"":{},""2"":{},""4"":{},""8"":{}}","2025-06-25 20:17:01.988+00","2025-06-25 20:17:01.988+00","2025-06-25 20:17:01.988+00"
1822,"868018071302858",68,"2025-06-25 19:49:48+00","-16.3324816","-71.5804033",8,0,0,0,"2594.3","104.2",10,1,"0.8",7,"0101000020E610000064FFE15325E551C092859E831D5530C0","{""1"":{},""2"":{},""4"":{},""8"":{}}","2025-06-25 20:17:02.013+00","2025-06-25 20:17:02.015+00","2025-06-25 20:17:02.015+00"
1823,"868018071302858",68,"2025-06-25 19:49:53+00","-16.3324800","-71.5804000",9,0,0,0,"2593.9","88.0",10,0,"0.8",7,"0101000020E61000004CA60A4625E551C0F792C6681D5530C0","{""1"":{},""2"":{},""4"":{},""8"":{}}","2025-06-25 20:17:02.022+00","2025-06-25 20:17:02.022+00","2025-06-25 20:17:02.022+00"
1824,"868018071302858",68,"2025-06-25 19:49:58+00","-16.3324800","-71.5803950",10,0,0,0,"2592.9","250.0",10,0,"0.8",7,"0101000020E6100000C3F0113125E551C0F792C6681D5530C0","{""1"":{},""2"":{},""4"":{},""8"":{}}","2025-06-25 20:17:02.026+00","2025-06-25 20:17:02.026+00","2025-06-25 20:17:02.026+00"
1825,"868018071302858",68,"2025-06-25 19:50:03+00","-16.3324800","-71.5803900",11,0,0,0,"2591.9","39.2",9,0,"0.8",7,"0101000020E61000003A3B191C25E551C0F792C6681D5530C0","{""1"":{},""2"":{},""4"":{},""8"":{}}","2025-06-25 20:17:02.04+00","2025-06-25 20:17:02.04+00","2025-06-25 20:17:02.04+00"
1826,"868018071302858",68,"2025-06-25 19:50:08+00","-16.3324716","-71.5803850",12,0,0,0,"2590.7","53.3",9,0,"0.8",7,"0101000020E6100000B285200725E551C04BD9D8DB1C5530C0","{""1"":{},""2"":{},""4"":{},""8"":{}}","2025-06-25 20:17:02.046+00","2025-06-25 20:17:02.046+00","2025-06-25 20:17:02.046+00"
1827,"868018071302858",68,"2025-06-25 19:50:13+00","-16.3324666","-71.5803883",13,0,0,0,"2590.2","58.4",9,0,"0.9",7,"0101000020E6100000C9DEF71425E551C02703F6871C5530C0","{""1"":{},""2"":{},""4"":{},""8"":{}}","2025-06-25 20:17:02.051+00","2025-06-25 20:17:02.051+00","2025-06-25 20:17:02.051+00"
1828,"868018071302858",68,"2025-06-25 19:50:18+00","-16.3324733","-71.5803850",14,0,0,0,"2591.4","241.7",9,0,"0.8",7,"0101000020E6100000B285200725E551C00F4B5EF81C5530C0","{""1"":{},""2"":{},""4"":{},""8"":{}}","2025-06-25 20:17:02.057+00","2025-06-25 20:17:02.057+00","2025-06-25 20:17:02.057+00"
1829,"868018071302858",68,"2025-06-25 19:50:23+00","-16.3324800","-71.5803916",15,0,0,0,"2591.6","226.4",8,0,"0.9",7,"0101000020E6100000E137CF2225E551C0F792C6681D5530C0","{""1"":{},""2"":{},""4"":{},""8"":{}}","2025-06-25 20:17:02.061+00","2025-06-25 20:17:02.061+00","2025-06-25 20:17:02.061+00"
1830,"868018071302858",68,"2025-06-25 19:50:28+00","-16.3324866","-71.5803966",16,0,0,0,"2591.7","291.0",8,0,"0.9",7,"0101000020E61000006AEDC73725E551C0B55B81D71D5530C0","{""1"":{},""2"":{},""4"":{},""8"":{}}","2025-06-25 20:17:02.064+00","2025-06-25 20:17:02.065+00","2025-06-25 20:17:02.065+00"
1831,"868018071302858",68,"2025-06-25 19:50:31+00","-16.3324933","-71.5803966",17,0,0,0,"2591.1","194.2",8,5,"1.0",9,"0101000020E61000006AEDC73725E551C09DA3E9471E5530C0","{""1"":{},""2"":{},""4"":{},""8"":{}}","2025-06-25 20:17:02.071+00","2025-06-25 20:17:02.071+00","2025-06-25 20:17:02.071+00"
1832,"868018071302858",68,"2025-06-25 19:50:36+00","-16.3325000","-71.5804033",18,0,0,0,"2591.4","241.8",8,0,"0.9",7,"0101000020E610000064FFE15325E551C085EB51B81E5530C0","{""1"":{},""2"":{},""4"":{},""8"":{}}","2025-06-25 20:17:02.078+00","2025-06-25 20:17:02.078+00","2025-06-25 20:17:02.078+00"
1833,"868018071302858",68,"2025-06-25 19:50:41+00","-16.3325050","-71.5804066",19,0,0,0,"2591.0","136.7",9,1,"0.9",7,"0101000020E61000007C58B96125E551C0A9C1340C1F5530C0","{""1"":{},""2"":{},""4"":{},""8"":{}}","2025-06-25 20:17:02.09+00","2025-06-25 20:17:02.092+00","2025-06-25 20:17:02.092+00"
1834,"868018071302858",68,"2025-06-25 19:50:46+00","-16.3325083","-71.5804233",20,0,0,0,"2590.8","283.5",8,1,"1.0",7,"0101000020E610000088D5C4A725E551C0082692431F5530C0","{""1"":{},""2"":{},""4"":{},""8"":{}}","2025-06-25 20:17:02.098+00","2025-06-25 20:17:02.098+00","2025-06-25 20:17:02.098+00"
1835,"868018071302858",68,"2025-06-25 19:50:51+00","-16.3325100","-71.5804350",21,0,0,0,"2589.8","60.9",7,0,"2.0",7,"0101000020E61000000A9DD7D825E551C0CC9717601F5530C0","{""1"":{},""2"":{},""4"":{},""8"":{}}","2025-06-25 20:17:02.103+00","2025-06-25 20:17:02.103+00","2025-06-25 20:17:02.103+00"
1836,"868018071302858",68,"2025-06-25 19:50:56+00","-16.3325200","-71.5804416",22,0,0,0,"2589.7","217.9",8,0,"1.0",7,"0101000020E61000003A4F86F425E551C01344DD07205530C0","{""1"":{},""2"":{},""4"":{},""8"":{}}","2025-06-25 20:17:02.11+00","2025-06-25 20:17:02.11+00","2025-06-25 20:17:02.11+00"
1837,"868018071302858",68,"2025-06-25 19:51:01+00","-16.3325083","-71.5804433",23,0,0,0,"2587.4","234.3",9,0,"0.9",7,"0101000020E6100000ABABA7FB25E551C0082692431F5530C0","{""1"":{},""2"":{},""4"":{},""8"":{}}","2025-06-25 20:17:02.116+00","2025-06-25 20:17:02.116+00","2025-06-25 20:17:02.116+00"
1838,"868018071302858",68,"2025-06-25 19:51:06+00","-16.3325183","-71.5804150",24,0,0,0,"2584.6","259.3",9,0,"0.9",7,"0101000020E6100000E7C6F48425E551C04FD257EB1F5530C0","{""1"":{},""2"":{},""4"":{},""8"":{}}","2025-06-25 20:17:02.125+00","2025-06-25 20:17:02.13+00","2025-06-25 20:17:02.13+00"
1839,"868018071302858",68,"2025-06-25 19:51:11+00","-16.3325250","-71.5804033",25,0,0,0,"2583.6","259.3",9,0,"0.9",7,"0101000020E610000064FFE15325E551C0371AC05B205530C0","{""1"":{},""2"":{},""4"":{},""8"":{}}","2025-06-25 20:17:02.136+00","2025-06-25 20:17:02.136+00","2025-06-25 20:17:02.136+00"
1840,"868018071302858",68,"2025-06-25 19:51:16+00","-16.3325183","-71.5803783",26,0,0,0,"2581.6","351.6",9,0,"0.9",7,"0101000020E6100000B87306EB24E551C04FD257EB1F5530C0","{""1"":{},""2"":{},""4"":{},""8"":{}}","2025-06-25 20:17:02.14+00","2025-06-25 20:17:02.14+00","2025-06-25 20:17:02.14+00"
1841,"868018071302858",68,"2025-06-25 19:51:21+00","-16.3325166","-71.5803700",27,0,0,0,"2582.3","326.5",9,0,"0.9",7,"0101000020E6100000176536C824E551C08B60D2CE1F5530C0","{""1"":{},""2"":{},""4"":{},""8"":{}}","2025-06-25 20:17:02.145+00","2025-06-25 20:17:02.145+00","2025-06-25 20:17:02.145+00"
1842,"868018071302858",68,"2025-06-25 19:51:26+00","-16.3325150","-71.5803716",28,0,0,0,"2583.1","8.5",9,0,"0.9",7,"0101000020E6100000BE61ECCE24E551C0F06DFAB31F5530C0","{""1"":{},""2"":{},""4"":{},""8"":{}}","2025-06-25 20:17:02.157+00","2025-06-25 20:17:02.157+00","2025-06-25 20:17:02.157+00"
1843,"868018071302858",68,"2025-06-25 19:51:31+00","-16.3325150","-71.5803733",29,0,0,0,"2584.2","226.7",9,0,"0.9",7,"0101000020E61000002FBE0DD624E551C0F06DFAB31F5530C0","{""1"":{},""2"":{},""4"":{},""8"":{}}","2025-06-25 20:17:02.161+00","2025-06-25 20:17:02.161+00","2025-06-25 20:17:02.161+00"
1844,"868018071302858",68,"2025-06-25 19:51:36+00","-16.3325150","-71.5803683",0,0,0,0,"2584.4","242.7",9,0,"0.9",7,"0101000020E6100000A60815C124E551C0F06DFAB31F5530C0","{""1"":{},""2"":{},""4"":{},""8"":{}}","2025-06-25 20:17:07.227+00","2025-06-25 20:17:07.227+00","2025-06-25 20:17:07.227+00"
1845,"868018071302858",68,"2025-06-25 19:51:41+00","-16.3325083","-71.5803516",1,0,0,0,"2584.8","246.9",9,0,"0.9",7,"0101000020E61000009A8B097B24E551C0082692431F5530C0","{""1"":{},""2"":{},""4"":{},""8"":{}}","2025-06-25 20:17:07.232+00","2025-06-25 20:17:07.233+00","2025-06-25 20:17:07.233+00"
1846,"868018071302858",68,"2025-06-25 19:51:46+00","-16.3325066","-71.5803416",2,0,0,0,"2585.0","176.1",9,0,"0.9",7,"0101000020E61000008820185124E551C043B40C271F5530C0","{""1"":{},""2"":{},""4"":{},""8"":{}}","2025-06-25 20:17:07.236+00","2025-06-25 20:17:07.236+00","2025-06-25 20:17:07.236+00"
1847,"868018071302858",68,"2025-06-25 19:51:51+00","-16.3324900","-71.5803316",3,0,0,0,"2585.4","81.3",10,0,"1.0",7,"0101000020E610000076B5262724E551C03E3F8C101E5530C0","{""1"":{},""2"":{},""4"":{},""8"":{}}","2025-06-25 20:17:07.239+00","2025-06-25 20:17:07.239+00","2025-06-25 20:17:07.239+00"
1848,"868018071302858",68,"2025-06-25 19:51:56+00","-16.3324750","-71.5803350",4,0,0,0,"2585.9","30.5",10,0,"1.0",7,"0101000020E6100000596E693524E551C0D3BCE3141D5530C0","{""1"":{},""2"":{},""4"":{},""8"":{}}","2025-06-25 20:17:07.242+00","2025-06-25 20:17:07.242+00","2025-06-25 20:17:07.242+00"
1849,"868018071302858",68,"2025-06-25 19:52:01+00","-16.3324616","-71.5803400",5,0,0,0,"2585.5","29.7",10,1,"1.0",7,"0101000020E6100000E223624A24E551C0032D13341C5530C0","{""1"":{},""2"":{},""4"":{},""8"":{}}","2025-06-25 20:17:07.245+00","2025-06-25 20:17:07.245+00","2025-06-25 20:17:07.245+00"
1850,"868018071302858",68,"2025-06-25 19:52:06+00","-16.3324616","-71.5803366",6,0,0,0,"2584.2","253.7",11,1,"0.8",7,"0101000020E6100000FF6A1F3C24E551C0032D13341C5530C0","{""1"":{},""2"":{},""4"":{},""8"":{}}","2025-06-25 20:17:07.249+00","2025-06-25 20:17:07.249+00","2025-06-25 20:17:07.249+00"
1851,"868018071302858",68,"2025-06-25 19:52:11+00","-16.3324650","-71.5803400",7,0,0,0,"2584.0","192.8",11,1,"0.8",7,"0101000020E6100000E223624A24E551C08C101E6D1C5530C0","{""1"":{},""2"":{},""4"":{},""8"":{}}","2025-06-25 20:17:07.252+00","2025-06-25 20:17:07.252+00","2025-06-25 20:17:07.252+00"
1852,"868018071302858",68,"2025-06-25 19:52:16+00","-16.3324616","-71.5803366",8,0,0,0,"2585.0","256.4",10,0,"0.9",7,"0101000020E6100000FF6A1F3C24E551C0032D13341C5530C0","{""1"":{},""2"":{},""4"":{},""8"":{}}","2025-06-25 20:17:07.255+00","2025-06-25 20:17:07.255+00","2025-06-25 20:17:07.255+00"
1853,"868018071302858",68,"2025-06-25 19:52:21+00","-16.3324600","-71.5803350",9,0,0,0,"2585.0","319.8",10,0,"0.9",7,"0101000020E6100000596E693524E551C0693A3B191C5530C0","{""1"":{},""2"":{},""4"":{},""8"":{}}","2025-06-25 20:17:07.259+00","2025-06-25 20:17:07.259+00","2025-06-25 20:17:07.259+00"
1854,"868018071302858",68,"2025-06-25 19:52:26+00","-16.3324616","-71.5803250",10,0,0,0,"2583.9","207.5",11,0,"0.8",7,"0101000020E61000004703780B24E551C0032D13341C5530C0","{""1"":{},""2"":{},""4"":{},""8"":{}}","2025-06-25 20:17:07.262+00","2025-06-25 20:17:07.262+00","2025-06-25 20:17:07.262+00"
1855,"868018071302858",68,"2025-06-25 19:52:31+00","-16.3324650","-71.5803250",11,0,0,0,"2583.3","45.8",11,0,"0.8",7,"0101000020E61000004703780B24E551C08C101E6D1C5530C0","{""1"":{},""2"":{},""4"":{},""8"":{}}","2025-06-25 20:17:07.264+00","2025-06-25 20:17:07.264+00","2025-06-25 20:17:07.264+00"
1856,"868018071302858",68,"2025-06-25 19:52:36+00","-16.3324716","-71.5803283",12,0,0,0,"2583.8","272.4",10,0,"1.4",7,"0101000020E61000005F5C4F1924E551C04BD9D8DB1C5530C0","{""1"":{},""2"":{},""4"":{},""8"":{}}","2025-06-25 20:17:07.267+00","2025-06-25 20:17:07.267+00","2025-06-25 20:17:07.267+00"
1857,"868018071302858",68,"2025-06-25 19:52:41+00","-16.3324983","-71.5803333",13,0,0,0,"2582.1","272.4",10,0,"1.4",7,"0101000020E6100000E811482E24E551C0C179CC9B1E5530C0","{""1"":{},""2"":{},""4"":{},""8"":{}}","2025-06-25 20:17:07.27+00","2025-06-25 20:17:07.27+00","2025-06-25 20:17:07.27+00"
1858,"868018071302858",68,"2025-06-25 19:52:46+00","-16.3325183","-71.5803300",14,0,0,0,"2581.7","272.4",10,0,"1.4",7,"0101000020E6100000D0B8702024E551C04FD257EB1F5530C0","{""1"":{},""2"":{},""4"":{},""8"":{}}","2025-06-25 20:17:07.272+00","2025-06-25 20:17:07.272+00","2025-06-25 20:17:07.272+00"
1859,"868018071302858",68,"2025-06-25 19:52:51+00","-16.3325300","-71.5803350",15,0,0,0,"2581.4","272.4",11,0,"0.8",7,"0101000020E6100000596E693524E551C05AF0A2AF205530C0","{""1"":{},""2"":{},""4"":{},""8"":{}}","2025-06-25 20:17:07.275+00","2025-06-25 20:17:07.275+00","2025-06-25 20:17:07.275+00"
1860,"868018071302858",68,"2025-06-25 19:52:56+00","-16.3325266","-71.5803416",16,0,0,0,"2581.2","207.0",10,0,"0.8",7,"0101000020E61000008820185124E551C0D20C9876205530C0","{""1"":{},""2"":{},""4"":{},""8"":{}}","2025-06-25 20:17:07.278+00","2025-06-25 20:17:07.278+00","2025-06-25 20:17:07.278+00"
1861,"868018071302858",68,"2025-06-25 19:53:01+00","-16.3325166","-71.5803366",17,0,0,0,"2581.0","207.0",10,0,"0.8",7,"0101000020E6100000FF6A1F3C24E551C08B60D2CE1F5530C0","{""1"":{},""2"":{},""4"":{},""8"":{}}","2025-06-25 20:17:07.28+00","2025-06-25 20:17:07.28+00","2025-06-25 20:17:07.28+00"
1862,"868018071302858",68,"2025-06-25 19:53:06+00","-16.3325150","-71.5803250",18,0,0,0,"2580.7","139.4",10,0,"0.8",7,"0101000020E61000004703780B24E551C0F06DFAB31F5530C0","{""1"":{},""2"":{},""4"":{},""8"":{}}","2025-06-25 20:17:07.283+00","2025-06-25 20:17:07.283+00","2025-06-25 20:17:07.283+00"
1863,"868018071302858",68,"2025-06-25 19:53:11+00","-16.3325083","-71.5803200",19,0,0,0,"2580.6","139.4",11,0,"0.7",7,"0101000020E6100000BE4D7FF623E551C0082692431F5530C0","{""1"":{},""2"":{},""4"":{},""8"":{}}","2025-06-25 20:17:07.286+00","2025-06-25 20:17:07.286+00","2025-06-25 20:17:07.286+00"
1864,"868018071302858",68,"2025-06-25 19:53:16+00","-16.3325066","-71.5803133",20,0,0,0,"2579.6","135.9",11,0,"0.8",7,"0101000020E6100000C43B65DA23E551C043B40C271F5530C0","{""1"":{},""2"":{},""4"":{},""8"":{}}","2025-06-25 20:17:07.289+00","2025-06-25 20:17:07.289+00","2025-06-25 20:17:07.289+00"
1865,"868018071302858",68,"2025-06-25 19:53:21+00","-16.3325016","-71.5803016",21,0,0,0,"2579.5","86.7",11,0,"0.8",7,"0101000020E6100000417452A923E551C020DE29D31E5530C0","{""1"":{},""2"":{},""4"":{},""8"":{}}","2025-06-25 20:17:07.291+00","2025-06-25 20:17:07.292+00","2025-06-25 20:17:07.292+00"
1866,"868018071302858",68,"2025-06-25 19:53:26+00","-16.3324883","-71.5802966",22,0,0,0,"2580.2","245.3",11,0,"0.8",7,"0101000020E6100000B8BE599423E551C07ACD06F41D5530C0","{""1"":{},""2"":{},""4"":{},""8"":{}}","2025-06-25 20:17:07.294+00","2025-06-25 20:17:07.294+00","2025-06-25 20:17:07.294+00"
1867,"868018071302858",68,"2025-06-25 19:53:31+00","-16.3324800","-71.5802950",23,0,0,0,"2580.0","356.5",11,0,"0.8",7,"0101000020E610000012C2A38D23E551C0F792C6681D5530C0","{""1"":{},""2"":{},""4"":{},""8"":{}}","2025-06-25 20:17:07.297+00","2025-06-25 20:17:07.297+00","2025-06-25 20:17:07.297+00"
1868,"868018071302858",68,"2025-06-25 19:53:36+00","-16.3324750","-71.5802933",24,0,0,0,"2580.5","70.8",11,0,"0.8",7,"0101000020E6100000A065828623E551C0D3BCE3141D5530C0","{""1"":{},""2"":{},""4"":{},""8"":{}}","2025-06-25 20:17:07.3+00","2025-06-25 20:17:07.3+00","2025-06-25 20:17:07.3+00"
1869,"868018071302858",68,"2025-06-25 19:53:41+00","-16.3324666","-71.5802916",25,0,0,0,"2581.3","319.1",11,0,"0.8",7,"0101000020E61000002F09617F23E551C02703F6871C5530C0","{""1"":{},""2"":{},""4"":{},""8"":{}}","2025-06-25 20:17:07.302+00","2025-06-25 20:17:07.302+00","2025-06-25 20:17:07.302+00"
1870,"868018071302858",68,"2025-06-25 19:53:46+00","-16.3324633","-71.5802883",26,0,0,0,"2581.7","103.6",11,0,"0.8",7,"0101000020E610000018B0897123E551C0C89E98501C5530C0","{""1"":{},""2"":{},""4"":{},""8"":{}}","2025-06-25 20:17:07.305+00","2025-06-25 20:17:07.305+00","2025-06-25 20:17:07.305+00"
1871,"868018071302858",68,"2025-06-25 19:53:51+00","-16.3324583","-71.5802833",27,0,0,0,"2582.5","318.2",11,1,"0.8",7,"0101000020E61000008FFA905C23E551C0A4C8B5FC1B5530C0","{""1"":{},""2"":{},""4"":{},""8"":{}}","2025-06-25 20:17:07.307+00","2025-06-25 20:17:07.308+00","2025-06-25 20:17:07.308+00"
1872,"868018071302858",68,"2025-06-25 19:53:56+00","-16.3324533","-71.5802800",28,0,0,0,"2583.6","314.2",11,0,"0.8",7,"0101000020E610000077A1B94E23E551C081F2D2A81B5530C0","{""1"":{},""2"":{},""4"":{},""8"":{}}","2025-06-25 20:17:07.31+00","2025-06-25 20:17:07.31+00","2025-06-25 20:17:07.31+00"
1873,"868018071302858",68,"2025-06-25 19:54:01+00","-16.3324516","-71.5802783",29,0,0,0,"2584.5","22.7",11,0,"0.8",7,"0101000020E61000000645984723E551C0BC804D8C1B5530C0","{""1"":{},""2"":{},""4"":{},""8"":{}}","2025-06-25 20:17:07.313+00","2025-06-25 20:17:07.313+00","2025-06-25 20:17:07.313+00"
1874,"868018071302858",68,"2025-06-25 19:54:06+00","-16.3324600","-71.5802766",0,0,0,0,"2583.8","282.0",11,0,"0.8",7,"0101000020E610000095E8764023E551C0693A3B191C5530C0","{""1"":{},""2"":{},""4"":{},""8"":{}}","2025-06-25 20:17:07.835+00","2025-06-25 20:17:07.836+00","2025-06-25 20:17:07.836+00"
1875,"868018071302858",68,"2025-06-25 19:54:11+00","-16.3324616","-71.5802733",1,0,0,0,"2584.3","85.6",11,1,"0.8",7,"0101000020E61000007D8F9F3223E551C0032D13341C5530C0","{""1"":{},""2"":{},""4"":{},""8"":{}}","2025-06-25 20:17:07.844+00","2025-06-25 20:17:07.844+00","2025-06-25 20:17:07.844+00"
1876,"868018071302858",68,"2025-06-25 19:54:16+00","-16.3324633","-71.5802716",2,0,0,0,"2584.2","191.2",11,1,"0.8",7,"0101000020E61000000C337E2B23E551C0C89E98501C5530C0","{""1"":{},""2"":{},""4"":{},""8"":{}}","2025-06-25 20:17:07.857+00","2025-06-25 20:17:07.857+00","2025-06-25 20:17:07.857+00"
1877,"868018071302858",68,"2025-06-25 19:54:21+00","-16.3324616","-71.5802633",3,0,0,0,"2584.6","164.7",10,0,"0.8",7,"0101000020E61000006B24AE0823E551C0032D13341C5530C0","{""1"":{},""2"":{},""4"":{},""8"":{}}","2025-06-25 20:17:07.86+00","2025-06-25 20:17:07.861+00","2025-06-25 20:17:07.861+00"
1878,"868018071302858",68,"2025-06-25 19:54:26+00","-16.3324533","-71.5802566",4,0,0,0,"2584.5","106.1",12,0,"0.7",7,"0101000020E6100000711294EC22E551C081F2D2A81B5530C0","{""1"":{},""2"":{},""4"":{},""8"":{}}","2025-06-25 20:17:07.864+00","2025-06-25 20:17:07.864+00","2025-06-25 20:17:07.864+00"
1879,"868018071302858",68,"2025-06-25 19:54:31+00","-16.3324500","-71.5802466",5,0,0,0,"2583.2","297.3",11,0,"0.7",7,"0101000020E61000005FA7A2C222E551C0228E75711B5530C0","{""1"":{},""2"":{},""4"":{},""8"":{}}","2025-06-25 20:17:07.867+00","2025-06-25 20:17:07.867+00","2025-06-25 20:17:07.867+00"
1880,"868018071302858",68,"2025-06-25 19:54:36+00","-16.3324566","-71.5802516",6,0,0,0,"2582.5","160.6",11,0,"1.2",7,"0101000020E6100000E85C9BD722E551C0E05630E01B5530C0","{""1"":{},""2"":{},""4"":{},""8"":{}}","2025-06-25 20:17:07.87+00","2025-06-25 20:17:07.871+00","2025-06-25 20:17:07.871+00"
1881,"868018071302858",68,"2025-06-25 19:54:41+00","-16.3324666","-71.5802616",7,0,0,0,"2581.5","160.6",11,0,"0.8",7,"0101000020E6100000FAC78C0123E551C02703F6871C5530C0","{""1"":{},""2"":{},""4"":{},""8"":{}}","2025-06-25 20:17:07.874+00","2025-06-25 20:17:07.874+00","2025-06-25 20:17:07.874+00"
1882,"868018071302858",68,"2025-06-25 19:54:46+00","-16.3324750","-71.5802583",8,0,0,0,"2581.3","160.6",11,0,"0.8",7,"0101000020E6100000E26EB5F322E551C0D3BCE3141D5530C0","{""1"":{},""2"":{},""4"":{},""8"":{}}","2025-06-25 20:17:07.878+00","2025-06-25 20:17:07.878+00","2025-06-25 20:17:07.878+00"
1883,"868018071302858",68,"2025-06-25 19:54:51+00","-16.3324666","-71.5802633",9,0,0,0,"2582.7","160.6",12,0,"0.8",7,"0101000020E61000006B24AE0823E551C02703F6871C5530C0","{""1"":{},""2"":{},""4"":{},""8"":{}}","2025-06-25 20:17:07.88+00","2025-06-25 20:17:07.88+00","2025-06-25 20:17:07.88+00"
1884,"868018071302858",68,"2025-06-25 19:54:56+00","-16.3324566","-71.5802700",10,0,0,0,"2584.0","154.4",12,0,"0.8",7,"0101000020E61000006536C82423E551C0E05630E01B5530C0","{""1"":{},""2"":{},""4"":{},""8"":{}}","2025-06-25 20:17:07.883+00","2025-06-25 20:17:07.883+00","2025-06-25 20:17:07.883+00"
1885,"868018071302858",68,"2025-06-25 19:55:01+00","-16.3324566","-71.5802783",11,0,0,0,"2584.4","154.4",12,0,"0.8",7,"0101000020E61000000645984723E551C0E05630E01B5530C0","{""1"":{},""2"":{},""4"":{},""8"":{}}","2025-06-25 20:17:07.886+00","2025-06-25 20:17:07.886+00","2025-06-25 20:17:07.886+00"
1886,"868018071302858",68,"2025-06-25 19:55:06+00","-16.3324483","-71.5802750",12,0,0,0,"2585.2","160.0",12,0,"0.8",7,"0101000020E6100000EEEBC03923E551C05D1CF0541B5530C0","{""1"":{},""2"":{},""4"":{},""8"":{}}","2025-06-25 20:17:07.888+00","2025-06-25 20:17:07.888+00","2025-06-25 20:17:07.888+00"
1887,"868018071302858",68,"2025-06-25 19:55:11+00","-16.3324400","-71.5802666",13,0,0,0,"2585.9","160.0",13,0,"0.6",7,"0101000020E6100000837D851623E551C0DAE1AFC91A5530C0","{""1"":{},""2"":{},""4"":{},""8"":{}}","2025-06-25 20:17:07.891+00","2025-06-25 20:17:07.891+00","2025-06-25 20:17:07.891+00"
1888,"868018071302858",68,"2025-06-25 19:55:16+00","-16.3324366","-71.5802600",14,0,0,0,"2586.0","221.9",13,0,"0.7",7,"0101000020E610000053CBD6FA22E551C052FEA4901A5530C0","{""1"":{},""2"":{},""4"":{},""8"":{}}","2025-06-25 20:17:07.894+00","2025-06-25 20:17:07.894+00","2025-06-25 20:17:07.894+00"
1889,"868018071302858",68,"2025-06-25 19:55:21+00","-16.3324300","-71.5802566",15,0,0,0,"2586.8","96.5",13,0,"0.6",7,"0101000020E6100000711294EC22E551C09335EA211A5530C0","{""1"":{},""2"":{},""4"":{},""8"":{}}","2025-06-25 20:17:07.896+00","2025-06-25 20:17:07.896+00","2025-06-25 20:17:07.896+00"
1890,"868018071302858",68,"2025-06-25 19:55:26+00","-16.3324233","-71.5802600",16,0,0,0,"2587.5","96.5",13,0,"0.6",7,"0101000020E610000053CBD6FA22E551C0ABED81B1195530C0","{""1"":{},""2"":{},""4"":{},""8"":{}}","2025-06-25 20:17:07.899+00","2025-06-25 20:17:07.899+00","2025-06-25 20:17:07.899+00"
1891,"868018071302858",68,"2025-06-25 19:55:31+00","-16.3324183","-71.5802633",17,0,0,0,"2588.1","96.5",13,0,"0.7",7,"0101000020E61000006B24AE0823E551C088179F5D195530C0","{""1"":{},""2"":{},""4"":{},""8"":{}}","2025-06-25 20:17:07.901+00","2025-06-25 20:17:07.902+00","2025-06-25 20:17:07.902+00"
1892,"868018071302858",68,"2025-06-25 19:55:36+00","-16.3324150","-71.5802666",18,0,0,0,"2588.5","136.4",13,0,"0.7",7,"0101000020E6100000837D851623E551C029B34126195530C0","{""1"":{},""2"":{},""4"":{},""8"":{}}","2025-06-25 20:17:07.904+00","2025-06-25 20:17:07.904+00","2025-06-25 20:17:07.904+00"
1893,"868018071302858",68,"2025-06-25 19:55:41+00","-16.3324166","-71.5802683",19,0,0,0,"2589.1","149.1",12,0,"0.7",7,"0101000020E6100000F4D9A61D23E551C0C3A51941195530C0","{""1"":{},""2"":{},""4"":{},""8"":{}}","2025-06-25 20:17:07.907+00","2025-06-25 20:17:07.907+00","2025-06-25 20:17:07.907+00"
1894,"868018071302858",68,"2025-06-25 19:55:46+00","-16.3324200","-71.5802650",20,0,0,0,"2588.8","237.9",13,1,"0.7",7,"0101000020E6100000DC80CF0F23E551C04C89247A195530C0","{""1"":{},""2"":{},""4"":{},""8"":{}}","2025-06-25 20:17:07.91+00","2025-06-25 20:17:07.91+00","2025-06-25 20:17:07.91+00"
1895,"868018071302858",68,"2025-06-25 19:55:51+00","-16.3324300","-71.5802683",21,0,0,0,"2586.8","279.9",13,0,"0.7",7,"0101000020E6100000F4D9A61D23E551C09335EA211A5530C0","{""1"":{},""2"":{},""4"":{},""8"":{}}","2025-06-25 20:17:07.912+00","2025-06-25 20:17:07.913+00","2025-06-25 20:17:07.913+00"
1896,"868018071302858",68,"2025-06-25 19:55:56+00","-16.3324366","-71.5802683",22,0,0,0,"2586.3","279.9",13,0,"0.7",7,"0101000020E6100000F4D9A61D23E551C052FEA4901A5530C0","{""1"":{},""2"":{},""4"":{},""8"":{}}","2025-06-25 20:17:07.915+00","2025-06-25 20:17:07.915+00","2025-06-25 20:17:07.915+00"
1897,"868018071302858",68,"2025-06-25 19:56:01+00","-16.3324483","-71.5802800",23,0,0,0,"2586.8","287.5",13,1,"0.7",7,"0101000020E610000077A1B94E23E551C05D1CF0541B5530C0","{""1"":{},""2"":{},""4"":{},""8"":{}}","2025-06-25 20:17:07.918+00","2025-06-25 20:17:07.918+00","2025-06-25 20:17:07.918+00"
1898,"868018071302858",68,"2025-06-25 19:56:06+00","-16.3324633","-71.5802900",24,0,0,0,"2587.6","141.3",12,0,"0.9",7,"0101000020E6100000890CAB7823E551C0C89E98501C5530C0","{""1"":{},""2"":{},""4"":{},""8"":{}}","2025-06-25 20:17:07.921+00","2025-06-25 20:17:07.921+00","2025-06-25 20:17:07.921+00"
1899,"868018071302858",68,"2025-06-25 19:56:11+00","-16.3324650","-71.5803066",25,0,0,0,"2588.2","325.5",13,2,"0.7",7,"0101000020E6100000CA294BBE23E551C08C101E6D1C5530C0","{""1"":{},""2"":{},""4"":{},""8"":{}}","2025-06-25 20:17:07.924+00","2025-06-25 20:17:07.924+00","2025-06-25 20:17:07.924+00"
1900,"868018071302858",68,"2025-06-25 19:56:16+00","-16.3324733","-71.5803233",26,0,0,0,"2588.2","283.4",12,0,"0.7",7,"0101000020E6100000D6A6560424E551C00F4B5EF81C5530C0","{""1"":{},""2"":{},""4"":{},""8"":{}}","2025-06-25 20:17:07.926+00","2025-06-25 20:17:07.926+00","2025-06-25 20:17:07.926+00"
1901,"868018071302858",68,"2025-06-25 19:56:21+00","-16.3324850","-71.5803300",27,0,0,0,"2587.6","288.7",11,0,"0.8",7,"0101000020E6100000D0B8702024E551C01A69A9BC1D5530C0","{""1"":{},""2"":{},""4"":{},""8"":{}}","2025-06-25 20:17:07.93+00","2025-06-25 20:17:07.93+00","2025-06-25 20:17:07.93+00"
1902,"868018071302858",68,"2025-06-25 19:56:26+00","-16.3324950","-71.5803200",28,0,0,0,"2587.1","113.9",11,1,"0.7",7,"0101000020E6100000BE4D7FF623E551C062156F641E5530C0","{""1"":{},""2"":{},""4"":{},""8"":{}}","2025-06-25 20:17:07.933+00","2025-06-25 20:17:07.933+00","2025-06-25 20:17:07.933+00"
1903,"868018071302858",68,"2025-06-25 19:56:31+00","-16.3324933","-71.5803183",29,0,0,0,"2587.0","74.8",12,0,"1.1",7,"0101000020E61000004DF15DEF23E551C09DA3E9471E5530C0","{""1"":{},""2"":{},""4"":{},""8"":{}}","2025-06-25 20:17:07.936+00","2025-06-25 20:17:07.936+00","2025-06-25 20:17:07.936+00"
1904,"868018071302858",68,"2025-06-25 19:56:36+00","-16.3324783","-71.5803150",0,0,0,0,"2586.4","306.1",13,0,"0.7",7,"0101000020E6100000359886E123E551C03221414C1D5530C0","{""1"":{},""2"":{},""4"":{},""8"":{}}","2025-06-25 20:17:08.399+00","2025-06-25 20:17:08.399+00","2025-06-25 20:17:08.399+00"
1905,"868018071302858",68,"2025-06-25 19:56:41+00","-16.3324700","-71.5803116",1,0,0,0,"2585.0","114.4",10,0,"0.8",7,"0101000020E610000053DF43D323E551C0B0E600C11C5530C0","{""1"":{},""2"":{},""4"":{},""8"":{}}","2025-06-25 20:17:08.408+00","2025-06-25 20:17:08.408+00","2025-06-25 20:17:08.408+00"
1906,"868018071302858",68,"2025-06-25 19:56:46+00","-16.3324666","-71.5803100",2,0,0,0,"2584.4","191.3",10,0,"0.8",7,"0101000020E6100000ACE28DCC23E551C02703F6871C5530C0","{""1"":{},""2"":{},""4"":{},""8"":{}}","2025-06-25 20:17:08.413+00","2025-06-25 20:17:08.413+00","2025-06-25 20:17:08.413+00"
1907,"868018071302858",68,"2025-06-25 19:56:51+00","-16.3324700","-71.5803150",3,0,0,0,"2584.5","61.7",10,0,"0.8",7,"0101000020E6100000359886E123E551C0B0E600C11C5530C0","{""1"":{},""2"":{},""4"":{},""8"":{}}","2025-06-25 20:17:08.417+00","2025-06-25 20:17:08.417+00","2025-06-25 20:17:08.417+00"
1908,"868018071302858",68,"2025-06-25 19:56:56+00","-16.3324716","-71.5803166",4,0,0,0,"2585.0","49.3",12,0,"0.7",7,"0101000020E6100000DC943CE823E551C04BD9D8DB1C5530C0","{""1"":{},""2"":{},""4"":{},""8"":{}}","2025-06-25 20:17:08.42+00","2025-06-25 20:17:08.42+00","2025-06-25 20:17:08.42+00"
1909,"868018071302858",68,"2025-06-25 19:57:01+00","-16.3324566","-71.5803050",5,0,0,0,"2585.2","347.9",10,0,"1.4",7,"0101000020E6100000232D95B723E551C0E05630E01B5530C0","{""1"":{},""2"":{},""4"":{},""8"":{}}","2025-06-25 20:17:08.423+00","2025-06-25 20:17:08.423+00","2025-06-25 20:17:08.423+00"
1910,"868018071302858",68,"2025-06-25 19:57:06+00","-16.3324483","-71.5802866",6,0,0,0,"2584.0","14.2",12,0,"0.8",7,"0101000020E6100000A653686A23E551C05D1CF0541B5530C0","{""1"":{},""2"":{},""4"":{},""8"":{}}","2025-06-25 20:17:08.426+00","2025-06-25 20:17:08.426+00","2025-06-25 20:17:08.426+00"
1911,"868018071302858",68,"2025-06-25 19:57:11+00","-16.3324283","-71.5802800",7,0,0,0,"2585.0","120.4",11,0,"0.8",7,"0101000020E610000077A1B94E23E551C0CFC364051A5530C0","{""1"":{},""2"":{},""4"":{},""8"":{}}","2025-06-25 20:17:08.429+00","2025-06-25 20:17:08.429+00","2025-06-25 20:17:08.429+00"
1912,"868018071302858",68,"2025-06-25 19:57:16+00","-16.3324100","-71.5802750",8,0,0,0,"2585.8","256.5",12,0,"0.7",7,"0101000020E6100000EEEBC03923E551C005DD5ED2185530C0","{""1"":{},""2"":{},""4"":{},""8"":{}}","2025-06-25 20:17:08.432+00","2025-06-25 20:17:08.432+00","2025-06-25 20:17:08.432+00"
1913,"868018071302858",68,"2025-06-25 19:57:21+00","-16.3323900","-71.5802750",9,0,0,0,"2586.0","98.0",12,1,"0.8",7,"0101000020E6100000EEEBC03923E551C07784D382175530C0","{""1"":{},""2"":{},""4"":{},""8"":{}}","2025-06-25 20:17:08.435+00","2025-06-25 20:17:08.436+00","2025-06-25 20:17:08.436+00"
1914,"868018071302858",68,"2025-06-25 19:57:26+00","-16.3323833","-71.5802866",10,0,0,0,"2585.4","57.3",14,0,"0.8",7,"0101000020E6100000A653686A23E551C08F3C6B12175530C0","{""1"":{},""2"":{},""4"":{},""8"":{}}","2025-06-25 20:17:08.438+00","2025-06-25 20:17:08.438+00","2025-06-25 20:17:08.438+00"
1915,"868018071302858",68,"2025-06-25 19:57:31+00","-16.3323783","-71.5802916",11,0,0,0,"2585.0","51.3",14,1,"0.7",7,"0101000020E61000002F09617F23E551C06B6688BE165530C0","{""1"":{},""2"":{},""4"":{},""8"":{}}","2025-06-25 20:17:08.441+00","2025-06-25 20:17:08.442+00","2025-06-25 20:17:08.442+00"
1916,"868018071302858",68,"2025-06-25 19:57:36+00","-16.3323783","-71.5803033",12,0,0,0,"2584.6","232.4",12,2,"0.8",7,"0101000020E6100000B2D073B023E551C06B6688BE165530C0","{""1"":{},""2"":{},""4"":{},""8"":{}}","2025-06-25 20:17:08.445+00","2025-06-25 20:17:08.445+00","2025-06-25 20:17:08.445+00"
1917,"868018071302858",68,"2025-06-25 19:57:41+00","-16.3323933","-71.5803166",13,0,0,0,"2583.3","61.2",12,1,"0.8",7,"0101000020E6100000DC943CE823E551C0D6E830BA175530C0","{""1"":{},""2"":{},""4"":{},""8"":{}}","2025-06-25 20:17:08.448+00","2025-06-25 20:17:08.448+00","2025-06-25 20:17:08.448+00"
1918,"868018071302858",68,"2025-06-25 19:57:46+00","-16.3323966","-71.5803166",14,0,0,0,"2583.4","271.3",11,1,"0.8",7,"0101000020E6100000DC943CE823E551C0354D8EF1175530C0","{""1"":{},""2"":{},""4"":{},""8"":{}}","2025-06-25 20:17:08.45+00","2025-06-25 20:17:08.45+00","2025-06-25 20:17:08.45+00"
1919,"868018071302858",68,"2025-06-25 19:57:51+00","-16.3323916","-71.5803216",15,0,0,0,"2583.2","0.4",12,1,"0.8",7,"0101000020E6100000654A35FD23E551C01277AB9D175530C0","{""1"":{},""2"":{},""4"":{},""8"":{}}","2025-06-25 20:17:08.453+00","2025-06-25 20:17:08.453+00","2025-06-25 20:17:08.453+00"
1920,"868018071302858",68,"2025-06-25 19:57:56+00","-16.3323950","-71.5803266",16,0,0,0,"2583.3","224.2",13,1,"0.8",7,"0101000020E6100000EEFF2D1224E551C09B5AB6D6175530C0","{""1"":{},""2"":{},""4"":{},""8"":{}}","2025-06-25 20:17:08.456+00","2025-06-25 20:17:08.456+00","2025-06-25 20:17:08.456+00"
1921,"868018071302858",68,"2025-06-25 19:58:01+00","-16.3323983","-71.5803333",17,0,0,0,"2583.0","228.9",14,2,"0.8",7,"0101000020E6100000E811482E24E551C0FABE130E185530C0","{""1"":{},""2"":{},""4"":{},""8"":{}}","2025-06-25 20:17:08.458+00","2025-06-25 20:17:08.458+00","2025-06-25 20:17:08.458+00"
1922,"868018071302858",68,"2025-06-25 19:58:06+00","-16.3324033","-71.5803350",18,0,0,0,"2582.9","49.8",14,0,"0.7",7,"0101000020E6100000596E693524E551C01D95F661185530C0","{""1"":{},""2"":{},""4"":{},""8"":{}}","2025-06-25 20:17:08.461+00","2025-06-25 20:17:08.461+00","2025-06-25 20:17:08.461+00"
1923,"868018071302858",68,"2025-06-25 19:58:11+00","-16.3324083","-71.5803383",19,0,0,0,"2583.0","157.8",14,0,"0.7",7,"0101000020E610000070C7404324E551C0416BD9B5185530C0","{""1"":{},""2"":{},""4"":{},""8"":{}}","2025-06-25 20:17:08.464+00","2025-06-25 20:17:08.464+00","2025-06-25 20:17:08.464+00"
1924,"868018071302858",68,"2025-06-25 19:58:16+00","-16.3324100","-71.5803416",20,0,0,0,"2583.3","148.1",14,0,"0.7",7,"0101000020E61000008820185124E551C005DD5ED2185530C0","{""1"":{},""2"":{},""4"":{},""8"":{}}","2025-06-25 20:17:08.467+00","2025-06-25 20:17:08.467+00","2025-06-25 20:17:08.467+00"
1925,"868018071302858",68,"2025-06-25 19:58:21+00","-16.3324133","-71.5803416",21,0,0,0,"2583.3","243.1",13,0,"0.8",7,"0101000020E61000008820185124E551C06441BC09195530C0","{""1"":{},""2"":{},""4"":{},""8"":{}}","2025-06-25 20:17:08.469+00","2025-06-25 20:17:08.469+00","2025-06-25 20:17:08.469+00"
1926,"868018071302858",68,"2025-06-25 19:58:26+00","-16.3324166","-71.5803416",22,0,0,0,"2583.2","29.1",14,0,"0.6",7,"0101000020E61000008820185124E551C0C3A51941195530C0","{""1"":{},""2"":{},""4"":{},""8"":{}}","2025-06-25 20:17:08.472+00","2025-06-25 20:17:08.472+00","2025-06-25 20:17:08.472+00"
1927,"868018071302858",68,"2025-06-25 19:58:31+00","-16.3324266","-71.5803400",23,0,0,0,"2583.3","100.6",13,0,"0.7",7,"0101000020E6100000E223624A24E551C00B52DFE8195530C0","{""1"":{},""2"":{},""4"":{},""8"":{}}","2025-06-25 20:17:08.474+00","2025-06-25 20:17:08.474+00","2025-06-25 20:17:08.474+00"
1928,"868018071302858",68,"2025-06-25 19:58:36+00","-16.3324266","-71.5803416",24,0,0,0,"2583.3","120.6",13,0,"0.7",7,"0101000020E61000008820185124E551C00B52DFE8195530C0","{""1"":{},""2"":{},""4"":{},""8"":{}}","2025-06-25 20:17:08.477+00","2025-06-25 20:17:08.477+00","2025-06-25 20:17:08.477+00"
1929,"868018071302858",68,"2025-06-25 19:58:41+00","-16.3324283","-71.5803400",25,0,0,0,"2583.4","94.6",13,2,"0.7",7,"0101000020E6100000E223624A24E551C0CFC364051A5530C0","{""1"":{},""2"":{},""4"":{},""8"":{}}","2025-06-25 20:17:08.485+00","2025-06-25 20:17:08.485+00","2025-06-25 20:17:08.485+00"
1930,"868018071302858",68,"2025-06-25 19:58:46+00","-16.3324416","-71.5803383",26,0,0,0,"2582.7","227.0",14,0,"0.6",7,"0101000020E610000070C7404324E551C075D487E41A5530C0","{""1"":{},""2"":{},""4"":{},""8"":{}}","2025-06-25 20:17:08.488+00","2025-06-25 20:17:08.488+00","2025-06-25 20:17:08.488+00"
1931,"868018071302858",68,"2025-06-25 19:58:51+00","-16.3324466","-71.5803416",27,0,0,0,"2582.7","172.5",14,0,"0.7",7,"0101000020E61000008820185124E551C099AA6A381B5530C0","{""1"":{},""2"":{},""4"":{},""8"":{}}","2025-06-25 20:17:08.491+00","2025-06-25 20:17:08.491+00","2025-06-25 20:17:08.491+00"
1932,"868018071302858",68,"2025-06-25 19:58:56+00","-16.3324416","-71.5803300",28,0,0,0,"2582.3","37.2",14,0,"0.6",7,"0101000020E6100000D0B8702024E551C075D487E41A5530C0","{""1"":{},""2"":{},""4"":{},""8"":{}}","2025-06-25 20:17:08.494+00","2025-06-25 20:17:08.494+00","2025-06-25 20:17:08.494+00"
1933,"868018071302858",68,"2025-06-25 19:59:01+00","-16.3324383","-71.5803250",29,0,0,0,"2581.8","330.9",14,0,"0.6",7,"0101000020E61000004703780B24E551C016702AAD1A5530C0","{""1"":{},""2"":{},""4"":{},""8"":{}}","2025-06-25 20:17:08.497+00","2025-06-25 20:17:08.497+00","2025-06-25 20:17:08.497+00"
1934,"868018071302858",68,"2025-06-25 19:59:04+00","-16.3324366","-71.5803216",0,0,0,0,"2581.4","261.7",14,5,"0.6",9,"0101000020E6100000654A35FD23E551C052FEA4901A5530C0","{""1"":{},""2"":{},""4"":{},""8"":{}}","2025-06-25 20:17:08.977+00","2025-06-25 20:17:08.977+00","2025-06-25 20:17:08.977+00"
1935,"868018071302858",68,"2025-06-25 19:59:09+00","-16.3324366","-71.5803316",1,0,0,0,"2580.7","278.2",13,0,"0.6",7,"0101000020E610000076B5262724E551C052FEA4901A5530C0","{""1"":{},""2"":{},""4"":{},""8"":{}}","2025-06-25 20:17:08.981+00","2025-06-25 20:17:08.982+00","2025-06-25 20:17:08.982+00"
1936,"868018071302858",68,"2025-06-25 19:59:14+00","-16.3324300","-71.5803300",2,0,0,0,"2580.7","162.8",13,0,"0.7",7,"0101000020E6100000D0B8702024E551C09335EA211A5530C0","{""1"":{},""2"":{},""4"":{},""8"":{}}","2025-06-25 20:17:08.987+00","2025-06-25 20:17:08.987+00","2025-06-25 20:17:08.987+00"
1937,"868018071302858",68,"2025-06-25 19:59:19+00","-16.3324333","-71.5803433",3,0,0,0,"2582.1","211.5",12,0,"0.7",7,"0101000020E6100000F97C395824E551C0F39947591A5530C0","{""1"":{},""2"":{},""4"":{},""8"":{}}","2025-06-25 20:17:08.99+00","2025-06-25 20:17:08.99+00","2025-06-25 20:17:08.99+00"
1938,"868018071302858",68,"2025-06-25 19:59:24+00","-16.3324333","-71.5803483",4,0,0,0,"2582.9","296.2",13,0,"0.7",7,"0101000020E61000008232326D24E551C0F39947591A5530C0","{""1"":{},""2"":{},""4"":{},""8"":{}}","2025-06-25 20:17:08.994+00","2025-06-25 20:17:08.994+00","2025-06-25 20:17:08.994+00"
1939,"868018071302858",68,"2025-06-25 19:59:29+00","-16.3324433","-71.5803583",5,0,0,0,"2582.6","8.5",13,0,"0.7",7,"0101000020E6100000949D239724E551C03A460D011B5530C0","{""1"":{},""2"":{},""4"":{},""8"":{}}","2025-06-25 20:17:08.997+00","2025-06-25 20:17:08.997+00","2025-06-25 20:17:08.997+00"
1940,"868018071302858",68,"2025-06-25 19:59:32+00","-16.3324416","-71.5803750",6,0,0,0,"2581.6","279.1",13,7,"0.7",9,"0101000020E6100000A01A2FDD24E551C075D487E41A5530C0","{""1"":{},""2"":{},""4"":{},""8"":{}}","2025-06-25 20:17:09+00","2025-06-25 20:17:09+00","2025-06-25 20:17:09+00"
1941,"868018071302858",68,"2025-06-25 19:59:37+00","-16.3324500","-71.5803816",7,0,0,0,"2580.9","218.1",12,1,"0.7",7,"0101000020E6100000CFCCDDF824E551C0228E75711B5530C0","{""1"":{},""2"":{},""4"":{},""8"":{}}","2025-06-25 20:17:09.006+00","2025-06-25 20:17:09.006+00","2025-06-25 20:17:09.006+00"
1942,"868018071302858",68,"2025-06-25 19:59:42+00","-16.3324466","-71.5803766",8,0,0,0,"2581.0","322.9",14,3,"0.7",7,"0101000020E61000004617E5E324E551C099AA6A381B5530C0","{""1"":{},""2"":{},""4"":{},""8"":{}}","2025-06-25 20:17:09.01+00","2025-06-25 20:17:09.01+00","2025-06-25 20:17:09.01+00"
1943,"868018071302858",68,"2025-06-25 19:59:47+00","-16.3324516","-71.5803800",9,0,0,0,"2581.1","259.2",13,1,"0.6",7,"0101000020E610000029D027F224E551C0BC804D8C1B5530C0","{""1"":{},""2"":{},""4"":{},""8"":{}}","2025-06-25 20:17:09.013+00","2025-06-25 20:17:09.013+00","2025-06-25 20:17:09.013+00"
1944,"868018071302858",68,"2025-06-25 19:59:52+00","-16.3324600","-71.5803800",10,0,0,0,"2580.3","241.5",12,4,"0.7",7,"0101000020E610000029D027F224E551C0693A3B191C5530C0","{""1"":{},""2"":{},""4"":{},""8"":{}}","2025-06-25 20:17:09.015+00","2025-06-25 20:17:09.015+00","2025-06-25 20:17:09.015+00"
1945,"868018071302858",68,"2025-06-25 19:59:57+00","-16.3324616","-71.5803716",11,0,0,0,"2580.0","75.7",12,2,"0.7",7,"0101000020E6100000BE61ECCE24E551C0032D13341C5530C0","{""1"":{},""2"":{},""4"":{},""8"":{}}","2025-06-25 20:17:09.018+00","2025-06-25 20:17:09.018+00","2025-06-25 20:17:09.018+00"
1946,"868018071302858",68,"2025-06-25 20:00:02+00","-16.3324583","-71.5803600",12,0,0,0,"2579.9","201.8",12,1,"0.7",7,"0101000020E610000005FA449E24E551C0A4C8B5FC1B5530C0","{""1"":{},""2"":{},""4"":{},""8"":{}}","2025-06-25 20:17:09.021+00","2025-06-25 20:17:09.021+00","2025-06-25 20:17:09.021+00"
1947,"868018071302858",68,"2025-06-25 20:00:07+00","-16.3324583","-71.5803550",13,0,0,0,"2578.2","228.5",12,1,"0.8",7,"0101000020E61000007C444C8924E551C0A4C8B5FC1B5530C0","{""1"":{},""2"":{},""4"":{},""8"":{}}","2025-06-25 20:17:09.023+00","2025-06-25 20:17:09.023+00","2025-06-25 20:17:09.023+00"
1948,"868018071302858",68,"2025-06-25 20:00:12+00","-16.3324550","-71.5803500",14,0,0,0,"2578.6","2.2",14,0,"0.6",7,"0101000020E6100000F38E537424E551C0456458C51B5530C0","{""1"":{},""2"":{},""4"":{},""8"":{}}","2025-06-25 20:17:09.026+00","2025-06-25 20:17:09.026+00","2025-06-25 20:17:09.026+00"
1949,"868018071302858",68,"2025-06-25 20:00:17+00","-16.3324583","-71.5803416",15,0,0,0,"2578.7","127.7",14,3,"0.6",7,"0101000020E61000008820185124E551C0A4C8B5FC1B5530C0","{""1"":{},""2"":{},""4"":{},""8"":{}}","2025-06-25 20:17:09.029+00","2025-06-25 20:17:09.029+00","2025-06-25 20:17:09.029+00"
1950,"868018071302858",68,"2025-06-25 20:00:22+00","-16.3324550","-71.5803533",16,0,0,0,"2578.8","263.9",14,1,"0.6",7,"0101000020E61000000BE82A8224E551C0456458C51B5530C0","{""1"":{},""2"":{},""4"":{},""8"":{}}","2025-06-25 20:17:09.032+00","2025-06-25 20:17:09.032+00","2025-06-25 20:17:09.032+00"
1951,"868018071302858",68,"2025-06-25 20:00:27+00","-16.3324583","-71.5803550",17,0,0,0,"2579.1","213.9",13,1,"0.6",7,"0101000020E61000007C444C8924E551C0A4C8B5FC1B5530C0","{""1"":{},""2"":{},""4"":{},""8"":{}}","2025-06-25 20:17:09.035+00","2025-06-25 20:17:09.035+00","2025-06-25 20:17:09.035+00"
1952,"868018071302858",68,"2025-06-25 20:00:32+00","-16.3324633","-71.5803500",18,0,0,0,"2579.2","290.7",13,0,"0.6",7,"0101000020E6100000F38E537424E551C0C89E98501C5530C0","{""1"":{},""2"":{},""4"":{},""8"":{}}","2025-06-25 20:17:09.05+00","2025-06-25 20:17:09.051+00","2025-06-25 20:17:09.051+00"
1953,"868018071302858",68,"2025-06-25 20:00:37+00","-16.3324600","-71.5803466",19,0,0,0,"2579.6","336.0",13,0,"0.6",7,"0101000020E610000011D6106624E551C0693A3B191C5530C0","{""1"":{},""2"":{},""4"":{},""8"":{}}","2025-06-25 20:17:09.054+00","2025-06-25 20:17:09.054+00","2025-06-25 20:17:09.054+00"
1954,"868018071302858",68,"2025-06-25 20:00:42+00","-16.3324600","-71.5803450",20,0,0,0,"2579.7","101.6",13,0,"0.6",7,"0101000020E61000006AD95A5F24E551C0693A3B191C5530C0","{""1"":{},""2"":{},""4"":{},""8"":{}}","2025-06-25 20:17:09.057+00","2025-06-25 20:17:09.057+00","2025-06-25 20:17:09.057+00"
1955,"868018071302858",68,"2025-06-25 20:00:47+00","-16.3324566","-71.5803433",21,0,0,0,"2580.1","165.2",13,0,"0.6",7,"0101000020E6100000F97C395824E551C0E05630E01B5530C0","{""1"":{},""2"":{},""4"":{},""8"":{}}","2025-06-25 20:17:09.06+00","2025-06-25 20:17:09.06+00","2025-06-25 20:17:09.06+00"
1956,"868018071302858",68,"2025-06-25 20:00:52+00","-16.3324516","-71.5803400",22,0,0,0,"2579.5","227.2",12,1,"0.6",7,"0101000020E6100000E223624A24E551C0BC804D8C1B5530C0","{""1"":{},""2"":{},""4"":{},""8"":{}}","2025-06-25 20:17:09.062+00","2025-06-25 20:17:09.062+00","2025-06-25 20:17:09.062+00"
1957,"868018071302858",68,"2025-06-25 20:00:57+00","-16.3324616","-71.5803300",23,0,0,0,"2580.0","309.6",11,2,"0.7",7,"0101000020E6100000D0B8702024E551C0032D13341C5530C0","{""1"":{},""2"":{},""4"":{},""8"":{}}","2025-06-25 20:17:09.065+00","2025-06-25 20:17:09.065+00","2025-06-25 20:17:09.065+00"
1958,"868018071302858",68,"2025-06-25 20:01:02+00","-16.3324583","-71.5803183",24,0,0,0,"2579.1","353.9",14,1,"0.7",7,"0101000020E61000004DF15DEF23E551C0A4C8B5FC1B5530C0","{""1"":{},""2"":{},""4"":{},""8"":{}}","2025-06-25 20:17:09.068+00","2025-06-25 20:17:09.068+00","2025-06-25 20:17:09.068+00"
1959,"868018071302858",68,"2025-06-25 20:01:07+00","-16.3324616","-71.5803166",25,0,0,0,"2580.0","75.7",12,1,"0.8",7,"0101000020E6100000DC943CE823E551C0032D13341C5530C0","{""1"":{},""2"":{},""4"":{},""8"":{}}","2025-06-25 20:17:09.07+00","2025-06-25 20:17:09.07+00","2025-06-25 20:17:09.07+00"
1960,"868018071302858",68,"2025-06-25 20:01:12+00","-16.3324666","-71.5803166",26,0,0,0,"2579.5","318.7",12,1,"0.7",7,"0101000020E6100000DC943CE823E551C02703F6871C5530C0","{""1"":{},""2"":{},""4"":{},""8"":{}}","2025-06-25 20:17:09.073+00","2025-06-25 20:17:09.073+00","2025-06-25 20:17:09.073+00"
1961,"868018071302858",68,"2025-06-25 20:01:17+00","-16.3324766","-71.5803166",27,0,0,0,"2580.0","233.7",13,0,"0.7",7,"0101000020E6100000DC943CE823E551C06EAFBB2F1D5530C0","{""1"":{},""2"":{},""4"":{},""8"":{}}","2025-06-25 20:17:09.075+00","2025-06-25 20:17:09.075+00","2025-06-25 20:17:09.075+00"
1962,"868018071302858",68,"2025-06-25 20:01:22+00","-16.3324800","-71.5803150",28,0,0,0,"2579.3","277.7",12,1,"0.7",7,"0101000020E6100000359886E123E551C0F792C6681D5530C0","{""1"":{},""2"":{},""4"":{},""8"":{}}","2025-06-25 20:17:09.078+00","2025-06-25 20:17:09.078+00","2025-06-25 20:17:09.078+00"
1963,"868018071302858",68,"2025-06-25 20:01:27+00","-16.3324883","-71.5803116",29,0,0,0,"2578.8","208.8",11,0,"0.8",7,"0101000020E610000053DF43D323E551C07ACD06F41D5530C0","{""1"":{},""2"":{},""4"":{},""8"":{}}","2025-06-25 20:17:09.081+00","2025-06-25 20:17:09.081+00","2025-06-25 20:17:09.081+00"
1964,"868018071302858",68,"2025-06-25 20:01:32+00","-16.3324850","-71.5803150",0,0,0,0,"2577.7","265.7",11,1,"0.8",7,"0101000020E6100000359886E123E551C01A69A9BC1D5530C0","{""1"":{},""2"":{},""4"":{},""8"":{}}","2025-06-25 20:17:09.568+00","2025-06-25 20:17:09.568+00","2025-06-25 20:17:09.568+00"
1965,"868018071302858",68,"2025-06-25 20:01:37+00","-16.3324816","-71.5803266",1,0,0,0,"2577.7","263.6",11,3,"0.7",7,"0101000020E6100000EEFF2D1224E551C092859E831D5530C0","{""1"":{},""2"":{},""4"":{},""8"":{}}","2025-06-25 20:17:09.573+00","2025-06-25 20:17:09.573+00","2025-06-25 20:17:09.573+00"
1966,"868018071302858",68,"2025-06-25 20:01:42+00","-16.3324766","-71.5803300",2,0,0,0,"2578.4","263.2",13,1,"0.7",7,"0101000020E6100000D0B8702024E551C06EAFBB2F1D5530C0","{""1"":{},""2"":{},""4"":{},""8"":{}}","2025-06-25 20:17:09.576+00","2025-06-25 20:17:09.577+00","2025-06-25 20:17:09.577+00"
1967,"868018071302858",68,"2025-06-25 20:01:47+00","-16.3324666","-71.5803250",3,0,0,0,"2579.3","19.9",12,0,"0.7",7,"0101000020E61000004703780B24E551C02703F6871C5530C0","{""1"":{},""2"":{},""4"":{},""8"":{}}","2025-06-25 20:17:09.58+00","2025-06-25 20:17:09.58+00","2025-06-25 20:17:09.58+00"
1968,"868018071302858",68,"2025-06-25 20:01:52+00","-16.3324733","-71.5803100",4,0,0,0,"2579.2","58.1",11,0,"0.7",7,"0101000020E6100000ACE28DCC23E551C00F4B5EF81C5530C0","{""1"":{},""2"":{},""4"":{},""8"":{}}","2025-06-25 20:17:09.582+00","2025-06-25 20:17:09.582+00","2025-06-25 20:17:09.582+00"
1969,"868018071302858",68,"2025-06-25 20:01:57+00","-16.3324783","-71.5803066",5,0,0,0,"2578.9","256.1",11,0,"0.8",7,"0101000020E6100000CA294BBE23E551C03221414C1D5530C0","{""1"":{},""2"":{},""4"":{},""8"":{}}","2025-06-25 20:17:09.584+00","2025-06-25 20:17:09.584+00","2025-06-25 20:17:09.584+00"
1970,"868018071302858",68,"2025-06-25 20:02:02+00","-16.3324900","-71.5803116",6,0,0,0,"2579.2","232.3",11,1,"0.7",7,"0101000020E610000053DF43D323E551C03E3F8C101E5530C0","{""1"":{},""2"":{},""4"":{},""8"":{}}","2025-06-25 20:17:09.586+00","2025-06-25 20:17:09.586+00","2025-06-25 20:17:09.586+00"
1971,"868018071302858",68,"2025-06-25 20:02:07+00","-16.3324950","-71.5803100",7,0,0,0,"2579.4","212.0",10,1,"0.8",7,"0101000020E6100000ACE28DCC23E551C062156F641E5530C0","{""1"":{},""2"":{},""4"":{},""8"":{}}","2025-06-25 20:17:09.588+00","2025-06-25 20:17:09.588+00","2025-06-25 20:17:09.588+00"
1972,"868018071302858",68,"2025-06-25 20:02:12+00","-16.3325000","-71.5803216",8,0,0,0,"2580.9","130.4",10,0,"0.8",7,"0101000020E6100000654A35FD23E551C085EB51B81E5530C0","{""1"":{},""2"":{},""4"":{},""8"":{}}","2025-06-25 20:17:09.59+00","2025-06-25 20:17:09.59+00","2025-06-25 20:17:09.59+00"
1973,"868018071302858",68,"2025-06-25 20:02:17+00","-16.3325100","-71.5803316",9,0,0,0,"2581.4","236.8",10,0,"0.8",7,"0101000020E610000076B5262724E551C0CC9717601F5530C0","{""1"":{},""2"":{},""4"":{},""8"":{}}","2025-06-25 20:17:09.592+00","2025-06-25 20:17:09.592+00","2025-06-25 20:17:09.592+00"
1974,"868018071302858",68,"2025-06-25 20:02:22+00","-16.3325150","-71.5803383",10,0,0,0,"2582.0","126.1",10,0,"0.8",7,"0101000020E610000070C7404324E551C0F06DFAB31F5530C0","{""1"":{},""2"":{},""4"":{},""8"":{}}","2025-06-25 20:17:09.595+00","2025-06-25 20:17:09.595+00","2025-06-25 20:17:09.595+00"
1975,"868018071302858",68,"2025-06-25 20:02:27+00","-16.3325216","-71.5803433",11,0,0,0,"2582.2","263.5",11,0,"0.7",7,"0101000020E6100000F97C395824E551C0AE36B522205530C0","{""1"":{},""2"":{},""4"":{},""8"":{}}","2025-06-25 20:17:09.597+00","2025-06-25 20:17:09.597+00","2025-06-25 20:17:09.597+00"
1976,"868018071302858",68,"2025-06-25 20:02:32+00","-16.3325216","-71.5803416",12,0,0,0,"2582.3","82.2",11,0,"0.7",7,"0101000020E61000008820185124E551C0AE36B522205530C0","{""1"":{},""2"":{},""4"":{},""8"":{}}","2025-06-25 20:17:09.599+00","2025-06-25 20:17:09.599+00","2025-06-25 20:17:09.599+00"
1977,"868018071302858",68,"2025-06-25 20:02:37+00","-16.3325100","-71.5803400",13,0,0,0,"2583.1","17.7",10,0,"0.7",7,"0101000020E6100000E223624A24E551C0CC9717601F5530C0","{""1"":{},""2"":{},""4"":{},""8"":{}}","2025-06-25 20:17:09.601+00","2025-06-25 20:17:09.601+00","2025-06-25 20:17:09.601+00"
1978,"868018071302858",68,"2025-06-25 20:02:42+00","-16.3325016","-71.5803433",14,0,0,0,"2582.5","288.0",10,0,"0.7",7,"0101000020E6100000F97C395824E551C020DE29D31E5530C0","{""1"":{},""2"":{},""4"":{},""8"":{}}","2025-06-25 20:17:09.604+00","2025-06-25 20:17:09.604+00","2025-06-25 20:17:09.604+00"
1979,"868018071302858",68,"2025-06-25 20:02:47+00","-16.3325000","-71.5803416",15,0,0,0,"2581.6","234.7",10,0,"0.7",7,"0101000020E61000008820185124E551C085EB51B81E5530C0","{""1"":{},""2"":{},""4"":{},""8"":{}}","2025-06-25 20:17:09.606+00","2025-06-25 20:17:09.606+00","2025-06-25 20:17:09.606+00"
1980,"868018071302858",68,"2025-06-25 20:02:52+00","-16.3324966","-71.5803433",16,0,0,0,"2581.4","153.8",10,1,"0.7",7,"0101000020E6100000F97C395824E551C0FC07477F1E5530C0","{""1"":{},""2"":{},""4"":{},""8"":{}}","2025-06-25 20:17:09.608+00","2025-06-25 20:17:09.608+00","2025-06-25 20:17:09.608+00"
1981,"868018071302858",68,"2025-06-25 20:02:57+00","-16.3324850","-71.5803433",17,0,0,0,"2581.8","327.7",10,0,"0.7",7,"0101000020E6100000F97C395824E551C01A69A9BC1D5530C0","{""1"":{},""2"":{},""4"":{},""8"":{}}","2025-06-25 20:17:09.611+00","2025-06-25 20:17:09.611+00","2025-06-25 20:17:09.611+00"
1982,"868018071302858",68,"2025-06-25 20:03:00+00","-16.3324750","-71.5803533",18,0,0,0,"2581.6","198.6",10,6,"0.7",9,"0101000020E61000000BE82A8224E551C0D3BCE3141D5530C0","{""1"":{},""2"":{},""4"":{},""8"":{}}","2025-06-25 20:17:09.613+00","2025-06-25 20:17:09.613+00","2025-06-25 20:17:09.613+00"
1983,"868018071302858",68,"2025-06-25 20:03:05+00","-16.3324700","-71.5803566",19,0,0,0,"2580.7","116.5",12,2,"0.7",7,"0101000020E61000002341029024E551C0B0E600C11C5530C0","{""1"":{},""2"":{},""4"":{},""8"":{}}","2025-06-25 20:17:09.615+00","2025-06-25 20:17:09.615+00","2025-06-25 20:17:09.615+00"
1984,"868018071302858",68,"2025-06-25 20:03:10+00","-16.3324750","-71.5803550",20,0,0,0,"2580.3","99.3",12,0,"0.7",7,"0101000020E61000007C444C8924E551C0D3BCE3141D5530C0","{""1"":{},""2"":{},""4"":{},""8"":{}}","2025-06-25 20:17:09.618+00","2025-06-25 20:17:09.618+00","2025-06-25 20:17:09.618+00"
1985,"868018071302858",68,"2025-06-25 20:03:15+00","-16.3324766","-71.5803600",21,0,0,0,"2578.8","265.7",12,1,"0.7",7,"0101000020E610000005FA449E24E551C06EAFBB2F1D5530C0","{""1"":{},""2"":{},""4"":{},""8"":{}}","2025-06-25 20:17:09.62+00","2025-06-25 20:17:09.62+00","2025-06-25 20:17:09.62+00"
1986,"868018071302858",68,"2025-06-25 20:03:20+00","-16.3324750","-71.5803583",22,0,0,0,"2578.1","271.5",12,0,"0.7",7,"0101000020E6100000949D239724E551C0D3BCE3141D5530C0","{""1"":{},""2"":{},""4"":{},""8"":{}}","2025-06-25 20:17:09.622+00","2025-06-25 20:17:09.622+00","2025-06-25 20:17:09.622+00"
1987,"868018071302858",68,"2025-06-25 20:03:25+00","-16.3324683","-71.5803583",23,0,0,0,"2577.3","23.8",11,0,"0.7",7,"0101000020E6100000949D239724E551C0EB747BA41C5530C0","{""1"":{},""2"":{},""4"":{},""8"":{}}","2025-06-25 20:17:09.624+00","2025-06-25 20:17:09.624+00","2025-06-25 20:17:09.624+00"
1988,"868018071302858",68,"2025-06-25 20:03:30+00","-16.3324650","-71.5803616",24,0,0,0,"2576.5","170.1",11,1,"0.7",7,"0101000020E6100000ACF6FAA424E551C08C101E6D1C5530C0","{""1"":{},""2"":{},""4"":{},""8"":{}}","2025-06-25 20:17:09.627+00","2025-06-25 20:17:09.627+00","2025-06-25 20:17:09.627+00"
1989,"868018071302858",68,"2025-06-25 20:03:34+00","-16.3324616","-71.5803516",25,0,0,0,"2576.6","262.4",11,5,"0.7",9,"0101000020E61000009A8B097B24E551C0032D13341C5530C0","{""1"":{},""2"":{},""4"":{},""8"":{}}","2025-06-25 20:17:09.629+00","2025-06-25 20:17:09.629+00","2025-06-25 20:17:09.629+00"
1990,"868018071302858",68,"2025-06-25 20:03:39+00","-16.3324650","-71.5803500",26,0,0,0,"2577.1","114.5",11,1,"0.7",7,"0101000020E6100000F38E537424E551C08C101E6D1C5530C0","{""1"":{},""2"":{},""4"":{},""8"":{}}","2025-06-25 20:17:09.631+00","2025-06-25 20:17:09.631+00","2025-06-25 20:17:09.631+00"
1991,"868018071302858",68,"2025-06-25 20:03:41+00","-16.3324650","-71.5803550",27,0,0,0,"2577.0","246.3",11,5,"0.7",9,"0101000020E61000007C444C8924E551C08C101E6D1C5530C0","{""1"":{},""2"":{},""4"":{},""8"":{}}","2025-06-25 20:17:09.634+00","2025-06-25 20:17:09.634+00","2025-06-25 20:17:09.634+00"
1992,"868018071302858",68,"2025-06-25 20:03:46+00","-16.3324650","-71.5803683",28,0,0,0,"2575.9","0.9",10,2,"0.8",7,"0101000020E6100000A60815C124E551C08C101E6D1C5530C0","{""1"":{},""2"":{},""4"":{},""8"":{}}","2025-06-25 20:17:09.636+00","2025-06-25 20:17:09.636+00","2025-06-25 20:17:09.636+00"
1993,"868018071302858",68,"2025-06-25 20:03:51+00","-16.3324600","-71.5803600",29,0,0,0,"2575.9","241.2",10,0,"0.8",7,"0101000020E610000005FA449E24E551C0693A3B191C5530C0","{""1"":{},""2"":{},""4"":{},""8"":{}}","2025-06-25 20:17:09.639+00","2025-06-25 20:17:09.639+00","2025-06-25 20:17:09.639+00"
1994,"868018071302858",68,"2025-06-25 20:03:56+00","-16.3324566","-71.5803450",0,0,0,0,"2576.6","88.1",11,1,"0.7",7,"0101000020E61000006AD95A5F24E551C0E05630E01B5530C0","{""1"":{},""2"":{},""4"":{},""8"":{}}","2025-06-25 20:17:10.141+00","2025-06-25 20:17:10.141+00","2025-06-25 20:17:10.141+00"
1995,"868018071302858",68,"2025-06-25 20:04:01+00","-16.3324516","-71.5803616",1,0,0,0,"2577.5","278.8",11,2,"0.7",7,"0101000020E6100000ACF6FAA424E551C0BC804D8C1B5530C0","{""1"":{},""2"":{},""4"":{},""8"":{}}","2025-06-25 20:17:10.145+00","2025-06-25 20:17:10.145+00","2025-06-25 20:17:10.145+00"
1996,"868018071302858",68,"2025-06-25 20:04:06+00","-16.3324550","-71.5803750",2,0,0,0,"2576.8","311.4",11,0,"0.7",7,"0101000020E6100000A01A2FDD24E551C0456458C51B5530C0","{""1"":{},""2"":{},""4"":{},""8"":{}}","2025-06-25 20:17:10.148+00","2025-06-25 20:17:10.148+00","2025-06-25 20:17:10.148+00"
1997,"868018071302858",68,"2025-06-25 20:04:11+00","-16.3324533","-71.5803816",3,0,0,0,"2576.3","263.0",11,0,"0.7",7,"0101000020E6100000CFCCDDF824E551C081F2D2A81B5530C0","{""1"":{},""2"":{},""4"":{},""8"":{}}","2025-06-25 20:17:10.15+00","2025-06-25 20:17:10.15+00","2025-06-25 20:17:10.15+00"
1998,"868018071302858",68,"2025-06-25 20:04:16+00","-16.3324583","-71.5803766",4,0,0,0,"2575.2","270.1",11,2,"0.7",7,"0101000020E61000004617E5E324E551C0A4C8B5FC1B5530C0","{""1"":{},""2"":{},""4"":{},""8"":{}}","2025-06-25 20:17:10.152+00","2025-06-25 20:17:10.152+00","2025-06-25 20:17:10.152+00"
1999,"868018071302858",68,"2025-06-25 20:04:21+00","-16.3324600","-71.5803666",5,0,0,0,"2574.7","121.1",11,0,"0.7",7,"0101000020E610000035ACF3B924E551C0693A3B191C5530C0","{""1"":{},""2"":{},""4"":{},""8"":{}}","2025-06-25 20:17:10.155+00","2025-06-25 20:17:10.155+00","2025-06-25 20:17:10.155+00"
2000,"868018071302858",68,"2025-06-25 20:04:26+00","-16.3324633","-71.5803666",6,0,0,0,"2574.9","125.6",13,1,"0.6",7,"0101000020E610000035ACF3B924E551C0C89E98501C5530C0","{""1"":{},""2"":{},""4"":{},""8"":{}}","2025-06-25 20:17:10.158+00","2025-06-25 20:17:10.158+00","2025-06-25 20:17:10.158+00"
2001,"868018071302858",68,"2025-06-25 20:04:31+00","-16.3324616","-71.5803850",7,0,0,0,"2573.3","312.0",13,3,"0.6",7,"0101000020E6100000B285200725E551C0032D13341C5530C0","{""1"":{},""2"":{},""4"":{},""8"":{}}","2025-06-25 20:17:10.161+00","2025-06-25 20:17:10.161+00","2025-06-25 20:17:10.161+00"
2002,"868018071302858",68,"2025-06-25 20:04:36+00","-16.3324616","-71.5803850",8,0,0,0,"2571.4","183.6",13,0,"0.6",7,"0101000020E6100000B285200725E551C0032D13341C5530C0","{""1"":{},""2"":{},""4"":{},""8"":{}}","2025-06-25 20:17:10.164+00","2025-06-25 20:17:10.164+00","2025-06-25 20:17:10.164+00"
2003,"868018071302858",68,"2025-06-25 20:04:41+00","-16.3324600","-71.5803750",9,0,0,0,"2571.1","26.2",12,0,"0.7",7,"0101000020E6100000A01A2FDD24E551C0693A3B191C5530C0","{""1"":{},""2"":{},""4"":{},""8"":{}}","2025-06-25 20:17:10.166+00","2025-06-25 20:17:10.166+00","2025-06-25 20:17:10.166+00"
2004,"868018071302858",68,"2025-06-25 20:04:46+00","-16.3324583","-71.5803800",10,0,0,0,"2570.4","217.5",12,0,"0.7",7,"0101000020E610000029D027F224E551C0A4C8B5FC1B5530C0","{""1"":{},""2"":{},""4"":{},""8"":{}}","2025-06-25 20:17:10.169+00","2025-06-25 20:17:10.169+00","2025-06-25 20:17:10.169+00"
2005,"868018071302858",68,"2025-06-25 20:04:51+00","-16.3324566","-71.5803833",11,0,0,0,"2571.0","258.7",12,3,"0.8",7,"0101000020E61000004029FFFF24E551C0E05630E01B5530C0","{""1"":{},""2"":{},""4"":{},""8"":{}}","2025-06-25 20:17:10.172+00","2025-06-25 20:17:10.172+00","2025-06-25 20:17:10.172+00"
2006,"868018071302858",68,"2025-06-25 20:04:56+00","-16.3324466","-71.5803766",12,0,0,0,"2571.1","82.2",12,0,"0.7",7,"0101000020E61000004617E5E324E551C099AA6A381B5530C0","{""1"":{},""2"":{},""4"":{},""8"":{}}","2025-06-25 20:17:10.175+00","2025-06-25 20:17:10.175+00","2025-06-25 20:17:10.175+00"
2007,"868018071302858",68,"2025-06-25 20:05:01+00","-16.3324416","-71.5803783",13,0,0,0,"2570.5","260.3",11,0,"0.8",7,"0101000020E6100000B87306EB24E551C075D487E41A5530C0","{""1"":{},""2"":{},""4"":{},""8"":{}}","2025-06-25 20:17:10.179+00","2025-06-25 20:17:10.179+00","2025-06-25 20:17:10.179+00"
2008,"868018071302858",68,"2025-06-25 20:05:06+00","-16.3324533","-71.5803850",14,0,0,0,"2567.6","268.5",13,0,"0.6",7,"0101000020E6100000B285200725E551C081F2D2A81B5530C0","{""1"":{},""2"":{},""4"":{},""8"":{}}","2025-06-25 20:17:10.182+00","2025-06-25 20:17:10.182+00","2025-06-25 20:17:10.182+00"
2009,"868018071302858",68,"2025-06-25 20:05:11+00","-16.3324516","-71.5803916",15,0,0,0,"2566.2","246.3",12,1,"0.7",7,"0101000020E6100000E137CF2225E551C0BC804D8C1B5530C0","{""1"":{},""2"":{},""4"":{},""8"":{}}","2025-06-25 20:17:10.185+00","2025-06-25 20:17:10.185+00","2025-06-25 20:17:10.185+00"
2010,"868018071302858",68,"2025-06-25 20:05:16+00","-16.3324466","-71.5803833",16,0,0,0,"2565.6","286.6",12,1,"0.7",7,"0101000020E61000004029FFFF24E551C099AA6A381B5530C0","{""1"":{},""2"":{},""4"":{},""8"":{}}","2025-06-25 20:17:10.187+00","2025-06-25 20:17:10.187+00","2025-06-25 20:17:10.187+00"
2011,"868018071302858",68,"2025-06-25 20:05:21+00","-16.3324450","-71.5803883",17,0,0,0,"2565.2","93.9",12,0,"0.7",7,"0101000020E6100000C9DEF71425E551C0FEB7921D1B5530C0","{""1"":{},""2"":{},""4"":{},""8"":{}}","2025-06-25 20:17:10.19+00","2025-06-25 20:17:10.19+00","2025-06-25 20:17:10.19+00"
2012,"868018071302858",68,"2025-06-25 20:05:26+00","-16.3324400","-71.5803800",18,0,0,0,"2565.8","196.4",11,0,"0.8",7,"0101000020E610000029D027F224E551C0DAE1AFC91A5530C0","{""1"":{},""2"":{},""4"":{},""8"":{}}","2025-06-25 20:17:10.192+00","2025-06-25 20:17:10.192+00","2025-06-25 20:17:10.192+00"
2013,"868018071302858",68,"2025-06-25 20:05:31+00","-16.3324350","-71.5803700",19,0,0,0,"2568.0","84.7",11,2,"0.8",7,"0101000020E6100000176536C824E551C0B70BCD751A5530C0","{""1"":{},""2"":{},""4"":{},""8"":{}}","2025-06-25 20:17:10.195+00","2025-06-25 20:17:10.195+00","2025-06-25 20:17:10.195+00"
2014,"868018071302858",68,"2025-06-25 20:05:36+00","-16.3324400","-71.5803800",20,0,0,0,"2567.3","201.7",11,0,"0.8",7,"0101000020E610000029D027F224E551C0DAE1AFC91A5530C0","{""1"":{},""2"":{},""4"":{},""8"":{}}","2025-06-25 20:17:10.197+00","2025-06-25 20:17:10.197+00","2025-06-25 20:17:10.197+00"
2015,"868018071302858",68,"2025-06-25 20:05:41+00","-16.3324483","-71.5803916",21,0,0,0,"2565.9","260.9",10,2,"1.3",7,"0101000020E6100000E137CF2225E551C05D1CF0541B5530C0","{""1"":{},""2"":{},""4"":{},""8"":{}}","2025-06-25 20:17:10.2+00","2025-06-25 20:17:10.2+00","2025-06-25 20:17:10.2+00"
2016,"868018071302858",68,"2025-06-25 20:05:46+00","-16.3324550","-71.5804000",22,0,0,0,"2565.2","17.6",9,0,"1.5",7,"0101000020E61000004CA60A4625E551C0456458C51B5530C0","{""1"":{},""2"":{},""4"":{},""8"":{}}","2025-06-25 20:17:10.202+00","2025-06-25 20:17:10.202+00","2025-06-25 20:17:10.202+00"
2017,"868018071302858",68,"2025-06-25 20:05:51+00","-16.3324666","-71.5804033",23,0,0,0,"2563.2","104.4",10,0,"0.8",7,"0101000020E610000064FFE15325E551C02703F6871C5530C0","{""1"":{},""2"":{},""4"":{},""8"":{}}","2025-06-25 20:17:10.204+00","2025-06-25 20:17:10.204+00","2025-06-25 20:17:10.204+00"
2018,"868018071302858",68,"2025-06-25 20:05:56+00","-16.3324500","-71.5803866",24,0,0,0,"2564.1","199.1",11,1,"0.7",7,"0101000020E61000005882D60D25E551C0228E75711B5530C0","{""1"":{},""2"":{},""4"":{},""8"":{}}","2025-06-25 20:17:10.207+00","2025-06-25 20:17:10.207+00","2025-06-25 20:17:10.207+00"
2019,"868018071302858",68,"2025-06-25 20:06:01+00","-16.3324233","-71.5803716",25,0,0,0,"2566.4","195.1",12,0,"0.7",7,"0101000020E6100000BE61ECCE24E551C0ABED81B1195530C0","{""1"":{},""2"":{},""4"":{},""8"":{}}","2025-06-25 20:17:10.209+00","2025-06-25 20:17:10.209+00","2025-06-25 20:17:10.209+00"
2020,"868018071302858",68,"2025-06-25 20:06:06+00","-16.3324083","-71.5803600",26,0,0,0,"2568.7","253.4",12,0,"0.8",7,"0101000020E610000005FA449E24E551C0416BD9B5185530C0","{""1"":{},""2"":{},""4"":{},""8"":{}}","2025-06-25 20:17:10.211+00","2025-06-25 20:17:10.211+00","2025-06-25 20:17:10.211+00"
2021,"868018071302858",68,"2025-06-25 20:06:11+00","-16.3324000","-71.5803583",27,0,0,0,"2571.1","227.4",12,0,"0.7",7,"0101000020E6100000949D239724E551C0BE30992A185530C0","{""1"":{},""2"":{},""4"":{},""8"":{}}","2025-06-25 20:17:10.214+00","2025-06-25 20:17:10.214+00","2025-06-25 20:17:10.214+00"
2022,"868018071302858",68,"2025-06-25 20:06:16+00","-16.3324033","-71.5803633",28,0,0,0,"2571.0","52.4",12,0,"0.8",7,"0101000020E61000001D531CAC24E551C01D95F661185530C0","{""1"":{},""2"":{},""4"":{},""8"":{}}","2025-06-25 20:17:10.216+00","2025-06-25 20:17:10.216+00","2025-06-25 20:17:10.216+00"
2023,"868018071302858",68,"2025-06-25 20:06:21+00","-16.3324133","-71.5803800",29,0,0,0,"2571.1","333.4",12,1,"0.8",7,"0101000020E610000029D027F224E551C06441BC09195530C0","{""1"":{},""2"":{},""4"":{},""8"":{}}","2025-06-25 20:17:10.218+00","2025-06-25 20:17:10.218+00","2025-06-25 20:17:10.218+00"
2024,"868018071302858",68,"2025-06-25 20:06:26+00","-16.3324233","-71.5803800",0,0,0,0,"2571.5","109.4",12,0,"0.8",7,"0101000020E610000029D027F224E551C0ABED81B1195530C0","{""1"":{},""2"":{},""4"":{},""8"":{}}","2025-06-25 20:17:10.719+00","2025-06-25 20:17:10.719+00","2025-06-25 20:17:10.719+00"
2025,"868018071302858",68,"2025-06-25 20:06:31+00","-16.3324300","-71.5803700",1,0,0,0,"2571.6","35.2",12,0,"0.8",7,"0101000020E6100000176536C824E551C09335EA211A5530C0","{""1"":{},""2"":{},""4"":{},""8"":{}}","2025-06-25 20:17:10.726+00","2025-06-25 20:17:10.727+00","2025-06-25 20:17:10.727+00"
2026,"868018071302858",68,"2025-06-25 20:06:36+00","-16.3324250","-71.5803550",2,0,0,0,"2573.1","69.6",12,1,"0.8",7,"0101000020E61000007C444C8924E551C0705F07CE195530C0","{""1"":{},""2"":{},""4"":{},""8"":{}}","2025-06-25 20:17:10.731+00","2025-06-25 20:17:10.731+00","2025-06-25 20:17:10.731+00"
2027,"868018071302858",68,"2025-06-25 20:06:41+00","-16.3324300","-71.5803516",3,0,0,0,"2574.5","25.2",12,0,"0.8",7,"0101000020E61000009A8B097B24E551C09335EA211A5530C0","{""1"":{},""2"":{},""4"":{},""8"":{}}","2025-06-25 20:17:10.734+00","2025-06-25 20:17:10.734+00","2025-06-25 20:17:10.734+00"
2028,"868018071302858",68,"2025-06-25 20:06:46+00","-16.3324633","-71.5803450",4,0,0,0,"2575.0","76.5",11,2,"0.9",7,"0101000020E61000006AD95A5F24E551C0C89E98501C5530C0","{""1"":{},""2"":{},""4"":{},""8"":{}}","2025-06-25 20:17:10.736+00","2025-06-25 20:17:10.736+00","2025-06-25 20:17:10.736+00"
2029,"868018071302858",68,"2025-06-25 20:06:51+00","-16.3324816","-71.5803400",5,0,0,0,"2575.4","42.6",11,2,"1.0",7,"0101000020E6100000E223624A24E551C092859E831D5530C0","{""1"":{},""2"":{},""4"":{},""8"":{}}","2025-06-25 20:17:10.739+00","2025-06-25 20:17:10.739+00","2025-06-25 20:17:10.739+00"
2030,"868018071302858",68,"2025-06-25 20:06:56+00","-16.3324866","-71.5803566",6,0,0,0,"2576.7","223.4",12,0,"0.9",7,"0101000020E61000002341029024E551C0B55B81D71D5530C0","{""1"":{},""2"":{},""4"":{},""8"":{}}","2025-06-25 20:17:10.741+00","2025-06-25 20:17:10.741+00","2025-06-25 20:17:10.741+00"
2031,"868018071302858",68,"2025-06-25 20:07:01+00","-16.3324850","-71.5803416",7,0,0,0,"2578.0","45.8",12,2,"1.5",7,"0101000020E61000008820185124E551C01A69A9BC1D5530C0","{""1"":{},""2"":{},""4"":{},""8"":{}}","2025-06-25 20:17:10.744+00","2025-06-25 20:17:10.744+00","2025-06-25 20:17:10.744+00"
2032,"868018071302858",68,"2025-06-25 20:07:06+00","-16.3324600","-71.5803366",8,0,0,0,"2577.1","89.4",12,0,"0.9",7,"0101000020E6100000FF6A1F3C24E551C0693A3B191C5530C0","{""1"":{},""2"":{},""4"":{},""8"":{}}","2025-06-25 20:17:10.746+00","2025-06-25 20:17:10.746+00","2025-06-25 20:17:10.746+00"
2033,"868018071302858",68,"2025-06-25 20:07:11+00","-16.3324616","-71.5803583",9,0,0,0,"2575.4","99.9",11,0,"0.9",7,"0101000020E6100000949D239724E551C0032D13341C5530C0","{""1"":{},""2"":{},""4"":{},""8"":{}}","2025-06-25 20:17:10.749+00","2025-06-25 20:17:10.749+00","2025-06-25 20:17:10.749+00"
2034,"868018071302858",68,"2025-06-25 20:07:16+00","-16.3324566","-71.5803883",10,0,0,0,"2573.6","225.8",12,5,"0.9",7,"0101000020E6100000C9DEF71425E551C0E05630E01B5530C0","{""1"":{},""2"":{},""4"":{},""8"":{}}","2025-06-25 20:17:10.751+00","2025-06-25 20:17:10.751+00","2025-06-25 20:17:10.751+00"
2035,"868018071302858",68,"2025-06-25 20:07:21+00","-16.3324433","-71.5804033",11,0,0,0,"2571.7","3.0",12,0,"1.0",7,"0101000020E610000064FFE15325E551C03A460D011B5530C0","{""1"":{},""2"":{},""4"":{},""8"":{}}","2025-06-25 20:17:10.754+00","2025-06-25 20:17:10.754+00","2025-06-25 20:17:10.754+00"
2036,"868018071302858",68,"2025-06-25 20:07:26+00","-16.3324300","-71.5804116",12,0,0,0,"2570.4","169.8",12,2,"0.9",7,"0101000020E6100000050EB27625E551C09335EA211A5530C0","{""1"":{},""2"":{},""4"":{},""8"":{}}","2025-06-25 20:17:10.757+00","2025-06-25 20:17:10.757+00","2025-06-25 20:17:10.757+00"
2037,"868018071302858",68,"2025-06-25 20:07:31+00","-16.3324200","-71.5804133",13,0,0,0,"2570.8","48.6",12,2,"1.0",7,"0101000020E6100000766AD37D25E551C04C89247A195530C0","{""1"":{},""2"":{},""4"":{},""8"":{}}","2025-06-25 20:17:10.76+00","2025-06-25 20:17:10.76+00","2025-06-25 20:17:10.76+00"
2038,"868018071302858",68,"2025-06-25 20:07:36+00","-16.3324216","-71.5804116",14,0,0,0,"2570.9","176.1",12,2,"0.7",7,"0101000020E6100000050EB27625E551C0E77BFC94195530C0","{""1"":{},""2"":{},""4"":{},""8"":{}}","2025-06-25 20:17:10.763+00","2025-06-25 20:17:10.763+00","2025-06-25 20:17:10.763+00"
2039,"868018071302858",68,"2025-06-25 20:07:41+00","-16.3324016","-71.5804150",15,0,0,0,"2569.7","90.0",12,0,"1.0",7,"0101000020E6100000E7C6F48425E551C059237145185530C0","{""1"":{},""2"":{},""4"":{},""8"":{}}","2025-06-25 20:17:10.766+00","2025-06-25 20:17:10.766+00","2025-06-25 20:17:10.766+00"
2040,"868018071302858",68,"2025-06-25 20:07:46+00","-16.3324133","-71.5804100",16,0,0,0,"2571.0","224.6",12,3,"1.0",7,"0101000020E61000005E11FC6F25E551C06441BC09195530C0","{""1"":{},""2"":{},""4"":{},""8"":{}}","2025-06-25 20:17:10.769+00","2025-06-25 20:17:10.769+00","2025-06-25 20:17:10.769+00"
2041,"868018071302858",68,"2025-06-25 20:07:51+00","-16.3324400","-71.5804133",17,0,0,0,"2571.4","150.5",12,0,"0.8",7,"0101000020E6100000766AD37D25E551C0DAE1AFC91A5530C0","{""1"":{},""2"":{},""4"":{},""8"":{}}","2025-06-25 20:17:10.773+00","2025-06-25 20:17:10.773+00","2025-06-25 20:17:10.773+00"
2042,"868018071302858",68,"2025-06-25 20:07:56+00","-16.3324666","-71.5804000",18,0,0,0,"2571.5","190.4",12,0,"0.9",7,"0101000020E61000004CA60A4625E551C02703F6871C5530C0","{""1"":{},""2"":{},""4"":{},""8"":{}}","2025-06-25 20:17:10.776+00","2025-06-25 20:17:10.777+00","2025-06-25 20:17:10.777+00"
2043,"868018071302858",68,"2025-06-25 20:08:01+00","-16.3324950","-71.5803816",19,0,0,0,"2571.7","245.9",11,0,"0.9",7,"0101000020E6100000CFCCDDF824E551C062156F641E5530C0","{""1"":{},""2"":{},""4"":{},""8"":{}}","2025-06-25 20:17:10.78+00","2025-06-25 20:17:10.78+00","2025-06-25 20:17:10.78+00"
2044,"868018071302858",68,"2025-06-25 20:08:06+00","-16.3325066","-71.5803800",20,0,0,0,"2572.5","248.6",12,0,"0.9",7,"0101000020E610000029D027F224E551C043B40C271F5530C0","{""1"":{},""2"":{},""4"":{},""8"":{}}","2025-06-25 20:17:10.783+00","2025-06-25 20:17:10.783+00","2025-06-25 20:17:10.783+00"
2045,"868018071302858",68,"2025-06-25 20:08:11+00","-16.3324916","-71.5803950",21,0,0,0,"2573.3","246.2",12,0,"0.7",7,"0101000020E6100000C3F0113125E551C0D931642B1E5530C0","{""1"":{},""2"":{},""4"":{},""8"":{}}","2025-06-25 20:17:10.787+00","2025-06-25 20:17:10.787+00","2025-06-25 20:17:10.787+00"
2046,"868018071302858",68,"2025-06-25 20:08:16+00","-16.3324783","-71.5803883",22,0,0,0,"2574.2","240.4",11,0,"0.8",7,"0101000020E6100000C9DEF71425E551C03221414C1D5530C0","{""1"":{},""2"":{},""4"":{},""8"":{}}","2025-06-25 20:17:10.79+00","2025-06-25 20:17:10.79+00","2025-06-25 20:17:10.79+00"
2047,"868018071302858",68,"2025-06-25 20:08:21+00","-16.3324733","-71.5803883",23,0,0,0,"2573.9","286.9",10,1,"0.9",7,"0101000020E6100000C9DEF71425E551C00F4B5EF81C5530C0","{""1"":{},""2"":{},""4"":{},""8"":{}}","2025-06-25 20:17:10.792+00","2025-06-25 20:17:10.792+00","2025-06-25 20:17:10.792+00"
2048,"868018071302858",68,"2025-06-25 20:08:26+00","-16.3324766","-71.5803916",24,0,0,0,"2573.5","55.4",9,1,"0.9",7,"0101000020E6100000E137CF2225E551C06EAFBB2F1D5530C0","{""1"":{},""2"":{},""4"":{},""8"":{}}","2025-06-25 20:17:10.795+00","2025-06-25 20:17:10.795+00","2025-06-25 20:17:10.795+00"
2049,"868018071302858",68,"2025-06-25 20:08:31+00","-16.3324800","-71.5804000",25,0,0,0,"2573.9","98.6",9,0,"0.9",7,"0101000020E61000004CA60A4625E551C0F792C6681D5530C0","{""1"":{},""2"":{},""4"":{},""8"":{}}","2025-06-25 20:17:10.798+00","2025-06-25 20:17:10.798+00","2025-06-25 20:17:10.798+00"
2050,"868018071302858",68,"2025-06-25 20:08:36+00","-16.3324800","-71.5804033",26,0,0,0,"2573.2","255.3",10,1,"0.8",7,"0101000020E610000064FFE15325E551C0F792C6681D5530C0","{""1"":{},""2"":{},""4"":{},""8"":{}}","2025-06-25 20:17:10.801+00","2025-06-25 20:17:10.801+00","2025-06-25 20:17:10.801+00"
2051,"868018071302858",68,"2025-06-25 20:08:41+00","-16.3324700","-71.5803883",27,0,0,0,"2573.3","54.9",11,0,"0.7",7,"0101000020E6100000C9DEF71425E551C0B0E600C11C5530C0","{""1"":{},""2"":{},""4"":{},""8"":{}}","2025-06-25 20:17:10.804+00","2025-06-25 20:17:10.804+00","2025-06-25 20:17:10.804+00"
2052,"868018071302858",68,"2025-06-25 20:08:46+00","-16.3324683","-71.5803700",28,0,0,0,"2572.8","65.1",11,1,"0.8",7,"0101000020E6100000176536C824E551C0EB747BA41C5530C0","{""1"":{},""2"":{},""4"":{},""8"":{}}","2025-06-25 20:17:10.806+00","2025-06-25 20:17:10.806+00","2025-06-25 20:17:10.806+00"
2053,"868018071302858",68,"2025-06-25 20:08:51+00","-16.3324616","-71.5803666",29,0,0,0,"2573.3","254.6",12,0,"0.7",7,"0101000020E610000035ACF3B924E551C0032D13341C5530C0","{""1"":{},""2"":{},""4"":{},""8"":{}}","2025-06-25 20:17:10.81+00","2025-06-25 20:17:10.81+00","2025-06-25 20:17:10.81+00"
2054,"868018071302858",68,"2025-06-25 20:08:56+00","-16.3324516","-71.5803633",0,0,0,0,"2572.0","65.1",11,0,"0.7",7,"0101000020E61000001D531CAC24E551C0BC804D8C1B5530C0","{""1"":{},""2"":{},""4"":{},""8"":{}}","2025-06-25 20:17:11.306+00","2025-06-25 20:17:11.307+00","2025-06-25 20:17:11.307+00"
2055,"868018071302858",68,"2025-06-25 20:09:01+00","-16.3324533","-71.5803566",1,0,0,0,"2572.2","81.2",12,1,"0.7",7,"0101000020E61000002341029024E551C081F2D2A81B5530C0","{""1"":{},""2"":{},""4"":{},""8"":{}}","2025-06-25 20:17:11.31+00","2025-06-25 20:17:11.31+00","2025-06-25 20:17:11.31+00"
2056,"868018071302858",68,"2025-06-25 20:09:06+00","-16.3324400","-71.5803400",2,0,0,0,"2573.5","2.0",12,0,"0.7",7,"0101000020E6100000E223624A24E551C0DAE1AFC91A5530C0","{""1"":{},""2"":{},""4"":{},""8"":{}}","2025-06-25 20:17:11.313+00","2025-06-25 20:17:11.313+00","2025-06-25 20:17:11.313+00"
2057,"868018071302858",68,"2025-06-25 20:09:11+00","-16.3324166","-71.5803216",3,0,0,0,"2573.8","182.8",12,0,"0.8",7,"0101000020E6100000654A35FD23E551C0C3A51941195530C0","{""1"":{},""2"":{},""4"":{},""8"":{}}","2025-06-25 20:17:11.316+00","2025-06-25 20:17:11.316+00","2025-06-25 20:17:11.316+00"
2058,"868018071302858",68,"2025-06-25 20:09:16+00","-16.3324066","-71.5803133",4,0,0,0,"2573.6","11.4",12,0,"0.8",7,"0101000020E6100000C43B65DA23E551C07CF95399185530C0","{""1"":{},""2"":{},""4"":{},""8"":{}}","2025-06-25 20:17:11.32+00","2025-06-25 20:17:11.32+00","2025-06-25 20:17:11.32+00"
2059,"868018071302858",68,"2025-06-25 20:09:21+00","-16.3323983","-71.5803083",5,0,0,0,"2573.0","193.9",11,0,"0.8",7,"0101000020E61000003B866CC523E551C0FABE130E185530C0","{""1"":{},""2"":{},""4"":{},""8"":{}}","2025-06-25 20:17:11.323+00","2025-06-25 20:17:11.323+00","2025-06-25 20:17:11.323+00"
2060,"868018071302858",68,"2025-06-25 20:09:26+00","-16.3323933","-71.5803066",6,0,0,0,"2572.5","172.6",11,0,"0.7",7,"0101000020E6100000CA294BBE23E551C0D6E830BA175530C0","{""1"":{},""2"":{},""4"":{},""8"":{}}","2025-06-25 20:17:11.325+00","2025-06-25 20:17:11.326+00","2025-06-25 20:17:11.326+00"
2061,"868018071302858",68,"2025-06-25 20:09:31+00","-16.3323883","-71.5803066",7,0,0,0,"2572.5","140.2",10,0,"0.8",7,"0101000020E6100000CA294BBE23E551C0B3124E66175530C0","{""1"":{},""2"":{},""4"":{},""8"":{}}","2025-06-25 20:17:11.328+00","2025-06-25 20:17:11.328+00","2025-06-25 20:17:11.328+00"
2062,"868018071302858",68,"2025-06-25 20:09:36+00","-16.3323816","-71.5803033",8,0,0,0,"2572.0","273.7",11,0,"0.8",7,"0101000020E6100000B2D073B023E551C0CBCAE5F5165530C0","{""1"":{},""2"":{},""4"":{},""8"":{}}","2025-06-25 20:17:11.331+00","2025-06-25 20:17:11.331+00","2025-06-25 20:17:11.331+00"
2063,"868018071302858",68,"2025-06-25 20:09:41+00","-16.3323733","-71.5803016",9,0,0,0,"2571.6","110.2",9,1,"0.9",7,"0101000020E6100000417452A923E551C04890A56A165530C0","{""1"":{},""2"":{},""4"":{},""8"":{}}","2025-06-25 20:17:11.334+00","2025-06-25 20:17:11.334+00","2025-06-25 20:17:11.334+00"
2064,"868018071302858",68,"2025-06-25 20:09:46+00","-16.3323633","-71.5803100",10,0,0,0,"2571.2","281.4",9,3,"0.8",7,"0101000020E6100000ACE28DCC23E551C001E4DFC2155530C0","{""1"":{},""2"":{},""4"":{},""8"":{}}","2025-06-25 20:17:11.336+00","2025-06-25 20:17:11.336+00","2025-06-25 20:17:11.336+00"
2065,"868018071302858",68,"2025-06-25 20:09:51+00","-16.3323683","-71.5803050",11,0,0,0,"2570.7","128.0",9,1,"0.8",7,"0101000020E6100000232D95B723E551C024BAC216165530C0","{""1"":{},""2"":{},""4"":{},""8"":{}}","2025-06-25 20:17:11.338+00","2025-06-25 20:17:11.339+00","2025-06-25 20:17:11.339+00"
2066,"868018071302858",68,"2025-06-25 20:09:56+00","-16.3323700","-71.5803066",12,0,0,0,"2572.6","187.6",11,1,"0.7",7,"0101000020E6100000CA294BBE23E551C0E92B4833165530C0","{""1"":{},""2"":{},""4"":{},""8"":{}}","2025-06-25 20:17:11.341+00","2025-06-25 20:17:11.341+00","2025-06-25 20:17:11.341+00"
2067,"868018071302858",68,"2025-06-25 20:10:01+00","-16.3323716","-71.5803083",13,0,0,0,"2572.9","250.8",10,0,"0.8",7,"0101000020E61000003B866CC523E551C0831E204E165530C0","{""1"":{},""2"":{},""4"":{},""8"":{}}","2025-06-25 20:17:11.344+00","2025-06-25 20:17:11.344+00","2025-06-25 20:17:11.344+00"
2068,"868018071302858",68,"2025-06-25 20:10:06+00","-16.3323783","-71.5803050",14,0,0,0,"2572.9","78.0",10,0,"0.8",7,"0101000020E6100000232D95B723E551C06B6688BE165530C0","{""1"":{},""2"":{},""4"":{},""8"":{}}","2025-06-25 20:17:11.346+00","2025-06-25 20:17:11.346+00","2025-06-25 20:17:11.346+00"
2069,"868018071302858",68,"2025-06-25 20:10:11+00","-16.3323783","-71.5803050",15,0,0,0,"2575.3","26.2",11,0,"0.7",7,"0101000020E6100000232D95B723E551C06B6688BE165530C0","{""1"":{},""2"":{},""4"":{},""8"":{}}","2025-06-25 20:17:11.348+00","2025-06-25 20:17:11.348+00","2025-06-25 20:17:11.348+00"
2070,"868018071302858",68,"2025-06-25 20:10:16+00","-16.3323800","-71.5803116",16,0,0,0,"2576.2","268.7",12,0,"0.7",7,"0101000020E610000053DF43D323E551C030D80DDB165530C0","{""1"":{},""2"":{},""4"":{},""8"":{}}","2025-06-25 20:17:11.351+00","2025-06-25 20:17:11.351+00","2025-06-25 20:17:11.351+00"
2071,"868018071302858",68,"2025-06-25 20:10:21+00","-16.3323816","-71.5803066",17,0,0,0,"2577.6","252.2",13,0,"0.6",7,"0101000020E6100000CA294BBE23E551C0CBCAE5F5165530C0","{""1"":{},""2"":{},""4"":{},""8"":{}}","2025-06-25 20:17:11.353+00","2025-06-25 20:17:11.353+00","2025-06-25 20:17:11.353+00"
2072,"868018071302858",68,"2025-06-25 20:10:26+00","-16.3323833","-71.5802950",18,0,0,0,"2579.6","147.7",13,0,"0.7",7,"0101000020E610000012C2A38D23E551C08F3C6B12175530C0","{""1"":{},""2"":{},""4"":{},""8"":{}}","2025-06-25 20:17:11.355+00","2025-06-25 20:17:11.355+00","2025-06-25 20:17:11.355+00"
2073,"868018071302858",68,"2025-06-25 20:10:31+00","-16.3323900","-71.5802966",19,0,0,0,"2579.9","259.9",12,1,"0.7",7,"0101000020E6100000B8BE599423E551C07784D382175530C0","{""1"":{},""2"":{},""4"":{},""8"":{}}","2025-06-25 20:17:11.358+00","2025-06-25 20:17:11.358+00","2025-06-25 20:17:11.358+00"
2074,"868018071302858",68,"2025-06-25 20:10:36+00","-16.3323950","-71.5802916",20,0,0,0,"2579.7","64.3",13,0,"1.0",7,"0101000020E61000002F09617F23E551C09B5AB6D6175530C0","{""1"":{},""2"":{},""4"":{},""8"":{}}","2025-06-25 20:17:11.36+00","2025-06-25 20:17:11.36+00","2025-06-25 20:17:11.36+00"
2075,"868018071302858",68,"2025-06-25 20:10:41+00","-16.3324000","-71.5802800",21,0,0,0,"2578.8","206.3",13,0,"0.6",7,"0101000020E610000077A1B94E23E551C0BE30992A185530C0","{""1"":{},""2"":{},""4"":{},""8"":{}}","2025-06-25 20:17:11.363+00","2025-06-25 20:17:11.363+00","2025-06-25 20:17:11.363+00"
2076,"868018071302858",68,"2025-06-25 20:10:46+00","-16.3324000","-71.5802700",22,0,0,0,"2578.3","358.4",12,0,"0.7",7,"0101000020E61000006536C82423E551C0BE30992A185530C0","{""1"":{},""2"":{},""4"":{},""8"":{}}","2025-06-25 20:17:11.365+00","2025-06-25 20:17:11.365+00","2025-06-25 20:17:11.365+00"
2077,"868018071302858",68,"2025-06-25 20:10:51+00","-16.3323933","-71.5802750",23,0,0,0,"2578.9","16.6",13,0,"0.8",7,"0101000020E6100000EEEBC03923E551C0D6E830BA175530C0","{""1"":{},""2"":{},""4"":{},""8"":{}}","2025-06-25 20:17:11.367+00","2025-06-25 20:17:11.367+00","2025-06-25 20:17:11.367+00"
2078,"868018071302858",68,"2025-06-25 20:10:56+00","-16.3323900","-71.5803000",24,0,0,0,"2580.9","74.6",12,0,"0.7",7,"0101000020E61000009A779CA223E551C07784D382175530C0","{""1"":{},""2"":{},""4"":{},""8"":{}}","2025-06-25 20:17:11.37+00","2025-06-25 20:17:11.37+00","2025-06-25 20:17:11.37+00"
2079,"868018071302858",68,"2025-06-25 20:11:01+00","-16.3323950","-71.5803033",25,0,0,0,"2581.0","358.7",13,1,"0.8",7,"0101000020E6100000B2D073B023E551C09B5AB6D6175530C0","{""1"":{},""2"":{},""4"":{},""8"":{}}","2025-06-25 20:17:11.373+00","2025-06-25 20:17:11.373+00","2025-06-25 20:17:11.373+00"
2080,"868018071302858",68,"2025-06-25 20:11:06+00","-16.3323966","-71.5802983",26,0,0,0,"2581.7","1.6",12,1,"0.8",7,"0101000020E6100000291B7B9B23E551C0354D8EF1175530C0","{""1"":{},""2"":{},""4"":{},""8"":{}}","2025-06-25 20:17:11.375+00","2025-06-25 20:17:11.375+00","2025-06-25 20:17:11.375+00"
2081,"868018071302858",68,"2025-06-25 20:11:11+00","-16.3324033","-71.5803033",27,0,0,0,"2581.1","243.4",12,0,"0.7",7,"0101000020E6100000B2D073B023E551C01D95F661185530C0","{""1"":{},""2"":{},""4"":{},""8"":{}}","2025-06-25 20:17:11.378+00","2025-06-25 20:17:11.378+00","2025-06-25 20:17:11.378+00"
2082,"868018071302858",68,"2025-06-25 20:11:15+00","-16.3323966","-71.5803083",28,0,0,0,"2581.3","6.4",11,7,"0.8",9,"0101000020E61000003B866CC523E551C0354D8EF1175530C0","{""1"":{},""2"":{},""4"":{},""8"":{}}","2025-06-25 20:17:11.381+00","2025-06-25 20:17:11.381+00","2025-06-25 20:17:11.381+00"
2083,"868018071302858",68,"2025-06-25 20:11:19+00","-16.3324000","-71.5803133",29,0,0,0,"2580.7","305.2",11,5,"1.0",9,"0101000020E6100000C43B65DA23E551C0BE30992A185530C0","{""1"":{},""2"":{},""4"":{},""8"":{}}","2025-06-25 20:17:11.383+00","2025-06-25 20:17:11.383+00","2025-06-25 20:17:11.383+00"
2084,"868018071302858",68,"2025-06-25 20:11:24+00","-16.3323983","-71.5803250",0,0,0,0,"2578.3","326.9",13,0,"0.9",7,"0101000020E61000004703780B24E551C0FABE130E185530C0","{""1"":{},""2"":{},""4"":{},""8"":{}}","2025-06-25 20:17:11.885+00","2025-06-25 20:17:11.885+00","2025-06-25 20:17:11.885+00"
2085,"868018071302858",68,"2025-06-25 20:11:29+00","-16.3324016","-71.5803216",1,0,0,0,"2577.2","248.5",13,0,"0.8",7,"0101000020E6100000654A35FD23E551C059237145185530C0","{""1"":{},""2"":{},""4"":{},""8"":{}}","2025-06-25 20:17:11.89+00","2025-06-25 20:17:11.89+00","2025-06-25 20:17:11.89+00"
2086,"868018071302858",68,"2025-06-25 20:11:34+00","-16.3324033","-71.5803250",2,0,0,0,"2577.2","175.0",13,0,"0.8",7,"0101000020E61000004703780B24E551C01D95F661185530C0","{""1"":{},""2"":{},""4"":{},""8"":{}}","2025-06-25 20:17:11.893+00","2025-06-25 20:17:11.893+00","2025-06-25 20:17:11.893+00"
2087,"868018071302858",68,"2025-06-25 20:11:39+00","-16.3324016","-71.5803316",3,0,0,0,"2576.2","208.5",13,1,"0.8",7,"0101000020E610000076B5262724E551C059237145185530C0","{""1"":{},""2"":{},""4"":{},""8"":{}}","2025-06-25 20:17:11.896+00","2025-06-25 20:17:11.896+00","2025-06-25 20:17:11.896+00"
2088,"868018071302858",68,"2025-06-25 20:11:44+00","-16.3324016","-71.5803283",4,0,0,0,"2576.9","192.3",13,1,"0.8",7,"0101000020E61000005F5C4F1924E551C059237145185530C0","{""1"":{},""2"":{},""4"":{},""8"":{}}","2025-06-25 20:17:11.899+00","2025-06-25 20:17:11.899+00","2025-06-25 20:17:11.899+00"
2089,"868018071302858",68,"2025-06-25 20:11:49+00","-16.3324050","-71.5803283",5,0,0,0,"2576.7","207.6",12,0,"0.7",7,"0101000020E61000005F5C4F1924E551C0E2067C7E185530C0","{""1"":{},""2"":{},""4"":{},""8"":{}}","2025-06-25 20:17:11.901+00","2025-06-25 20:17:11.901+00","2025-06-25 20:17:11.901+00"
2090,"868018071302858",68,"2025-06-25 20:11:54+00","-16.3323983","-71.5803233",6,0,0,0,"2578.4","9.3",12,1,"0.7",7,"0101000020E6100000D6A6560424E551C0FABE130E185530C0","{""1"":{},""2"":{},""4"":{},""8"":{}}","2025-06-25 20:17:11.904+00","2025-06-25 20:17:11.904+00","2025-06-25 20:17:11.904+00"
2091,"868018071302858",68,"2025-06-25 20:11:59+00","-16.3324016","-71.5803266",7,0,0,0,"2577.6","22.0",12,2,"0.8",7,"0101000020E6100000EEFF2D1224E551C059237145185530C0","{""1"":{},""2"":{},""4"":{},""8"":{}}","2025-06-25 20:17:11.906+00","2025-06-25 20:17:11.906+00","2025-06-25 20:17:11.906+00"
2092,"868018071302858",68,"2025-06-25 20:12:04+00","-16.3324050","-71.5803350",8,0,0,0,"2577.1","213.9",12,0,"0.7",7,"0101000020E6100000596E693524E551C0E2067C7E185530C0","{""1"":{},""2"":{},""4"":{},""8"":{}}","2025-06-25 20:17:11.909+00","2025-06-25 20:17:11.909+00","2025-06-25 20:17:11.909+00"
2093,"868018071302858",68,"2025-06-25 20:12:09+00","-16.3324016","-71.5803416",9,0,0,0,"2577.5","120.3",12,0,"0.7",7,"0101000020E61000008820185124E551C059237145185530C0","{""1"":{},""2"":{},""4"":{},""8"":{}}","2025-06-25 20:17:11.912+00","2025-06-25 20:17:11.912+00","2025-06-25 20:17:11.912+00"
2094,"868018071302858",68,"2025-06-25 20:12:14+00","-16.3324000","-71.5803450",10,0,0,0,"2577.5","258.5",12,1,"0.7",7,"0101000020E61000006AD95A5F24E551C0BE30992A185530C0","{""1"":{},""2"":{},""4"":{},""8"":{}}","2025-06-25 20:17:11.915+00","2025-06-25 20:17:11.915+00","2025-06-25 20:17:11.915+00"
2095,"868018071302858",68,"2025-06-25 20:12:19+00","-16.3323850","-71.5803450",11,0,0,0,"2579.0","113.2",11,0,"0.9",7,"0101000020E61000006AD95A5F24E551C053AEF02E175530C0","{""1"":{},""2"":{},""4"":{},""8"":{}}","2025-06-25 20:17:11.918+00","2025-06-25 20:17:11.918+00","2025-06-25 20:17:11.918+00"
2096,"868018071302858",68,"2025-06-25 20:12:24+00","-16.3323866","-71.5803516",12,0,0,0,"2578.5","338.1",12,0,"0.7",7,"0101000020E61000009A8B097B24E551C0EEA0C849175530C0","{""1"":{},""2"":{},""4"":{},""8"":{}}","2025-06-25 20:17:11.92+00","2025-06-25 20:17:11.921+00","2025-06-25 20:17:11.921+00"
2097,"868018071302858",68,"2025-06-25 20:12:29+00","-16.3323816","-71.5803466",13,0,0,0,"2578.1","84.5",12,0,"0.7",7,"0101000020E610000011D6106624E551C0CBCAE5F5165530C0","{""1"":{},""2"":{},""4"":{},""8"":{}}","2025-06-25 20:17:11.923+00","2025-06-25 20:17:11.923+00","2025-06-25 20:17:11.923+00"
2098,"868018071302858",68,"2025-06-25 20:12:34+00","-16.3323683","-71.5803450",14,0,0,0,"2577.1","63.7",11,1,"0.8",7,"0101000020E61000006AD95A5F24E551C024BAC216165530C0","{""1"":{},""2"":{},""4"":{},""8"":{}}","2025-06-25 20:17:11.926+00","2025-06-25 20:17:11.926+00","2025-06-25 20:17:11.926+00"
2099,"868018071302858",68,"2025-06-25 20:12:39+00","-16.3323416","-71.5803400",15,0,0,0,"2577.4","312.6",11,0,"0.8",7,"0101000020E6100000E223624A24E551C0AE19CF56145530C0","{""1"":{},""2"":{},""4"":{},""8"":{}}","2025-06-25 20:17:11.929+00","2025-06-25 20:17:11.93+00","2025-06-25 20:17:11.93+00"
2100,"868018071302858",68,"2025-06-25 20:12:44+00","-16.3323183","-71.5803283",16,0,0,0,"2575.7","40.9",10,3,"1.3",7,"0101000020E61000005F5C4F1924E551C0C15CE6CF125530C0","{""1"":{},""2"":{},""4"":{},""8"":{}}","2025-06-25 20:17:11.933+00","2025-06-25 20:17:11.933+00","2025-06-25 20:17:11.933+00"
2101,"868018071302858",68,"2025-06-25 20:12:49+00","-16.3323083","-71.5803216",17,0,0,0,"2574.5","72.3",8,1,"0.9",7,"0101000020E6100000654A35FD23E551C07AB02028125530C0","{""1"":{},""2"":{},""4"":{},""8"":{}}","2025-06-25 20:17:11.936+00","2025-06-25 20:17:11.936+00","2025-06-25 20:17:11.936+00"
2102,"868018071302858",68,"2025-06-25 20:12:51+00","-16.3322900","-71.5802983",18,0,0,0,"2575.0","54.2",8,7,"0.9",9,"0101000020E6100000291B7B9B23E551C0B0C91AF5105530C0","{""1"":{},""2"":{},""4"":{},""8"":{}}","2025-06-25 20:17:11.939+00","2025-06-25 20:17:11.939+00","2025-06-25 20:17:11.939+00"
2103,"868018071302858",68,"2025-06-25 20:12:54+00","-16.3322383","-71.5802500",19,0,0,0,"2575.1","31.3",7,11,"0.9",9,"0101000020E61000004260E5D022E551C088FAB8910D5530C0","{""1"":{},""2"":{},""4"":{},""8"":{}}","2025-06-25 20:17:11.941+00","2025-06-25 20:17:11.942+00","2025-06-25 20:17:11.942+00"
2104,"868018071302858",68,"2025-06-25 20:12:56+00","-16.3321883","-71.5802083",20,0,0,0,"2574.6","42.6",8,13,"0.9",9,"0101000020E61000008957FE2122E551C0249DDC4A0A5530C0","{""1"":{},""2"":{},""4"":{},""8"":{}}","2025-06-25 20:17:11.944+00","2025-06-25 20:17:11.944+00","2025-06-25 20:17:11.944+00"
2105,"868018071302858",68,"2025-06-25 20:12:59+00","-16.3320983","-71.5801433",21,0,0,0,"2574.8","34.8",6,15,"1.3",8,"0101000020E6100000961F5D1121E551C0A48EE964045530C0","{""1"":{},""2"":{},""4"":{},""8"":{}}","2025-06-25 20:17:11.947+00","2025-06-25 20:17:11.947+00","2025-06-25 20:17:11.947+00"
2106,"868018071302858",68,"2025-06-25 20:13:04+00","-16.3320366","-71.5800850",22,0,0,0,"2574.9","43.6",7,7,"1.0",7,"0101000020E61000009CF9D51C20E551C03513C259005530C0","{""1"":{},""2"":{},""4"":{},""8"":{}}","2025-06-25 20:17:11.949+00","2025-06-25 20:17:11.949+00","2025-06-25 20:17:11.949+00"
2107,"868018071302858",68,"2025-06-25 20:13:09+00","-16.3321250","-71.5801150",23,0,0,0,"2575.5","226.7",6,2,"0.7",7,"0101000020E6100000D23AAA9A20E551C01B2FDD24065530C0","{""1"":{},""2"":{},""4"":{},""8"":{}}","2025-06-25 20:17:11.952+00","2025-06-25 20:17:11.952+00","2025-06-25 20:17:11.952+00"
2108,"868018071302858",68,"2025-06-25 20:13:10+00","-16.3321133","-71.5801033",24,0,0,0,"2575.2","12.6",6,5,"0.7",9,"0101000020E61000004F73976920E551C00F119260055530C0","{""1"":{},""2"":{},""4"":{},""8"":{}}","2025-06-25 20:17:11.954+00","2025-06-25 20:17:11.954+00","2025-06-25 20:17:11.954+00"
2109,"868018071302858",68,"2025-06-25 20:13:13+00","-16.3321166","-71.5801066",25,0,0,0,"2575.0","36.8",6,5,"0.7",9,"0101000020E610000066CC6E7720E551C06E75EF97055530C0","{""1"":{},""2"":{},""4"":{},""8"":{}}","2025-06-25 20:17:11.957+00","2025-06-25 20:17:11.957+00","2025-06-25 20:17:11.957+00"
2110,"868018071302858",68,"2025-06-25 20:13:17+00","-16.3321933","-71.5801450",26,0,0,0,"2575.0","220.7",6,2,"0.7",9,"0101000020E6100000077C7E1821E551C04873BF9E0A5530C0","{""1"":{},""2"":{},""4"":{},""8"":{}}","2025-06-25 20:17:11.96+00","2025-06-25 20:17:11.96+00","2025-06-25 20:17:11.96+00"
2111,"868018071302858",68,"2025-06-25 20:13:19+00","-16.3322750","-71.5801983",27,0,0,0,"2581.0","231.0",8,0,"1.8",8,"0101000020E610000078EC0CF821E551C0454772F90F5530C0","{""1"":{},""2"":{},""4"":{},""8"":{}}","2025-06-25 20:17:11.962+00","2025-06-25 20:17:11.962+00","2025-06-25 20:17:11.962+00"
2112,"868018071302858",68,"2025-06-25 20:13:23+00","-16.3323450","-71.5802633",28,0,0,0,"2577.8","259.9",10,1,"0.8",8,"0101000020E61000006B24AE0823E551C037FDD98F145530C0","{""1"":{},""2"":{},""4"":{},""8"":{}}","2025-06-25 20:17:11.965+00","2025-06-25 20:17:11.965+00","2025-06-25 20:17:11.965+00"
2113,"868018071302858",68,"2025-06-25 20:13:28+00","-16.3323433","-71.5802450",29,0,0,0,"2578.1","71.5",10,0,"0.8",7,"0101000020E6100000B9AAECBB22E551C0738B5473145530C0","{""1"":{},""2"":{},""4"":{},""8"":{}}","2025-06-25 20:17:11.967+00","2025-06-25 20:17:11.967+00","2025-06-25 20:17:11.967+00"
2114,"868018071302858",68,"2025-06-25 20:13:33+00","-16.3323633","-71.5802650",0,0,0,0,"2574.8","244.6",12,0,"0.7",7,"0101000020E6100000DC80CF0F23E551C001E4DFC2155530C0","{""1"":{},""2"":{},""4"":{},""8"":{}}","2025-06-25 20:17:12.464+00","2025-06-25 20:17:12.464+00","2025-06-25 20:17:12.464+00"
2115,"868018071302858",68,"2025-06-25 20:13:38+00","-16.3323633","-71.5802666",1,0,0,0,"2575.0","95.9",12,0,"0.7",7,"0101000020E6100000837D851623E551C001E4DFC2155530C0","{""1"":{},""2"":{},""4"":{},""8"":{}}","2025-06-25 20:17:12.471+00","2025-06-25 20:17:12.471+00","2025-06-25 20:17:12.471+00"
2116,"868018071302858",68,"2025-06-25 20:13:43+00","-16.3323683","-71.5802750",2,0,0,0,"2575.6","214.8",12,0,"0.7",7,"0101000020E6100000EEEBC03923E551C024BAC216165530C0","{""1"":{},""2"":{},""4"":{},""8"":{}}","2025-06-25 20:17:12.474+00","2025-06-25 20:17:12.474+00","2025-06-25 20:17:12.474+00"
2117,"868018071302858",68,"2025-06-25 20:13:48+00","-16.3323650","-71.5802733",3,0,0,0,"2576.4","156.2",11,0,"0.7",7,"0101000020E61000007D8F9F3223E551C0C55565DF155530C0","{""1"":{},""2"":{},""4"":{},""8"":{}}","2025-06-25 20:17:12.476+00","2025-06-25 20:17:12.476+00","2025-06-25 20:17:12.476+00"
2118,"868018071302858",68,"2025-06-25 20:13:53+00","-16.3323633","-71.5802816",4,0,0,0,"2576.7","234.4",11,0,"0.8",7,"0101000020E61000001E9E6F5523E551C001E4DFC2155530C0","{""1"":{},""2"":{},""4"":{},""8"":{}}","2025-06-25 20:17:12.479+00","2025-06-25 20:17:12.479+00","2025-06-25 20:17:12.479+00"
2119,"868018071302858",68,"2025-06-25 20:13:58+00","-16.3323716","-71.5802966",5,0,0,0,"2577.0","34.5",12,0,"0.7",7,"0101000020E6100000B8BE599423E551C0831E204E165530C0","{""1"":{},""2"":{},""4"":{},""8"":{}}","2025-06-25 20:17:12.482+00","2025-06-25 20:17:12.482+00","2025-06-25 20:17:12.482+00"
2120,"868018071302858",68,"2025-06-25 20:14:03+00","-16.3323833","-71.5803016",6,0,0,0,"2576.4","115.5",12,0,"0.7",7,"0101000020E6100000417452A923E551C08F3C6B12175530C0","{""1"":{},""2"":{},""4"":{},""8"":{}}","2025-06-25 20:17:12.484+00","2025-06-25 20:17:12.484+00","2025-06-25 20:17:12.484+00"
2121,"868018071302858",68,"2025-06-25 20:14:08+00","-16.3324250","-71.5803333",7,0,0,0,"2577.0","240.9",13,0,"0.6",7,"0101000020E6100000E811482E24E551C0705F07CE195530C0","{""1"":{},""2"":{},""4"":{},""8"":{}}","2025-06-25 20:17:12.487+00","2025-06-25 20:17:12.487+00","2025-06-25 20:17:12.487+00"
2122,"868018071302858",68,"2025-06-25 20:14:13+00","-16.3324300","-71.5803533",8,0,0,0,"2579.0","141.8",13,0,"0.6",7,"0101000020E61000000BE82A8224E551C09335EA211A5530C0","{""1"":{},""2"":{},""4"":{},""8"":{}}","2025-06-25 20:17:12.489+00","2025-06-25 20:17:12.489+00","2025-06-25 20:17:12.489+00"
2123,"868018071302858",68,"2025-06-25 20:14:18+00","-16.3324266","-71.5803666",9,0,0,0,"2579.8","202.4",12,0,"0.7",7,"0101000020E610000035ACF3B924E551C00B52DFE8195530C0","{""1"":{},""2"":{},""4"":{},""8"":{}}","2025-06-25 20:17:12.492+00","2025-06-25 20:17:12.492+00","2025-06-25 20:17:12.492+00"
2124,"868018071302858",68,"2025-06-25 20:14:23+00","-16.3324266","-71.5803750",10,0,0,0,"2579.5","112.5",13,0,"0.7",7,"0101000020E6100000A01A2FDD24E551C00B52DFE8195530C0","{""1"":{},""2"":{},""4"":{},""8"":{}}","2025-06-25 20:17:12.494+00","2025-06-25 20:17:12.494+00","2025-06-25 20:17:12.494+00"
2125,"868018071302858",68,"2025-06-25 20:14:28+00","-16.3324300","-71.5803750",11,0,0,0,"2580.0","164.9",12,0,"0.7",7,"0101000020E6100000A01A2FDD24E551C09335EA211A5530C0","{""1"":{},""2"":{},""4"":{},""8"":{}}","2025-06-25 20:17:12.497+00","2025-06-25 20:17:12.497+00","2025-06-25 20:17:12.497+00"
2126,"868018071302858",68,"2025-06-25 20:14:33+00","-16.3324533","-71.5803766",12,0,0,0,"2578.1","214.3",14,0,"0.6",7,"0101000020E61000004617E5E324E551C081F2D2A81B5530C0","{""1"":{},""2"":{},""4"":{},""8"":{}}","2025-06-25 20:17:12.499+00","2025-06-25 20:17:12.499+00","2025-06-25 20:17:12.499+00"
2127,"868018071302858",68,"2025-06-25 20:14:38+00","-16.3324416","-71.5803633",13,0,0,0,"2577.9","345.3",12,0,"0.7",7,"0101000020E61000001D531CAC24E551C075D487E41A5530C0","{""1"":{},""2"":{},""4"":{},""8"":{}}","2025-06-25 20:17:12.501+00","2025-06-25 20:17:12.502+00","2025-06-25 20:17:12.502+00"
2128,"868018071302858",68,"2025-06-25 20:14:43+00","-16.3324300","-71.5803566",14,0,0,0,"2579.2","74.7",13,0,"0.8",7,"0101000020E61000002341029024E551C09335EA211A5530C0","{""1"":{},""2"":{},""4"":{},""8"":{}}","2025-06-25 20:17:12.504+00","2025-06-25 20:17:12.504+00","2025-06-25 20:17:12.504+00"
2129,"868018071302858",68,"2025-06-25 20:14:48+00","-16.3324000","-71.5803416",15,0,0,0,"2581.6","110.8",14,0,"0.6",7,"0101000020E61000008820185124E551C0BE30992A185530C0","{""1"":{},""2"":{},""4"":{},""8"":{}}","2025-06-25 20:17:12.506+00","2025-06-25 20:17:12.506+00","2025-06-25 20:17:12.506+00"
2130,"868018071302858",68,"2025-06-25 20:14:53+00","-16.3323766","-71.5803116",16,0,0,0,"2581.8","201.7",13,0,"0.7",7,"0101000020E610000053DF43D323E551C0A7F402A2165530C0","{""1"":{},""2"":{},""4"":{},""8"":{}}","2025-06-25 20:17:12.509+00","2025-06-25 20:17:12.509+00","2025-06-25 20:17:12.509+00"
2131,"868018071302858",68,"2025-06-25 20:14:58+00","-16.3323683","-71.5802850",17,0,0,0,"2581.7","59.2",13,0,"0.6",7,"0101000020E61000000057B26323E551C024BAC216165530C0","{""1"":{},""2"":{},""4"":{},""8"":{}}","2025-06-25 20:17:12.511+00","2025-06-25 20:17:12.511+00","2025-06-25 20:17:12.511+00"
2132,"868018071302858",68,"2025-06-25 20:15:03+00","-16.3323766","-71.5802900",18,0,0,0,"2581.5","356.4",13,0,"0.7",7,"0101000020E6100000890CAB7823E551C0A7F402A2165530C0","{""1"":{},""2"":{},""4"":{},""8"":{}}","2025-06-25 20:17:12.514+00","2025-06-25 20:17:12.514+00","2025-06-25 20:17:12.514+00"
2133,"868018071302858",68,"2025-06-25 20:15:08+00","-16.3323766","-71.5802933",19,0,0,0,"2581.3","235.9",14,1,"0.7",7,"0101000020E6100000A065828623E551C0A7F402A2165530C0","{""1"":{},""2"":{},""4"":{},""8"":{}}","2025-06-25 20:17:12.516+00","2025-06-25 20:17:12.516+00","2025-06-25 20:17:12.516+00"
2134,"868018071302858",68,"2025-06-25 20:15:13+00","-16.3323783","-71.5802950",20,0,0,0,"2581.1","290.0",14,0,"0.7",7,"0101000020E610000012C2A38D23E551C06B6688BE165530C0","{""1"":{},""2"":{},""4"":{},""8"":{}}","2025-06-25 20:17:12.519+00","2025-06-25 20:17:12.519+00","2025-06-25 20:17:12.519+00"
2135,"868018071302858",68,"2025-06-25 20:15:18+00","-16.3323816","-71.5802983",21,0,0,0,"2580.5","62.0",15,0,"0.6",7,"0101000020E6100000291B7B9B23E551C0CBCAE5F5165530C0","{""1"":{},""2"":{},""4"":{},""8"":{}}","2025-06-25 20:17:12.521+00","2025-06-25 20:17:12.521+00","2025-06-25 20:17:12.521+00"
2136,"868018071302858",68,"2025-06-25 20:15:23+00","-16.3323950","-71.5803166",22,0,0,0,"2581.2","126.3",15,0,"0.8",7,"0101000020E6100000DC943CE823E551C09B5AB6D6175530C0","{""1"":{},""2"":{},""4"":{},""8"":{}}","2025-06-25 20:17:12.524+00","2025-06-25 20:17:12.524+00","2025-06-25 20:17:12.524+00"
2137,"868018071302858",68,"2025-06-25 20:15:28+00","-16.3324000","-71.5803250",23,0,0,0,"2581.4","116.2",15,0,"0.6",7,"0101000020E61000004703780B24E551C0BE30992A185530C0","{""1"":{},""2"":{},""4"":{},""8"":{}}","2025-06-25 20:17:12.526+00","2025-06-25 20:17:12.526+00","2025-06-25 20:17:12.526+00"
2138,"868018071302858",68,"2025-06-25 20:15:33+00","-16.3324033","-71.5803350",24,0,0,0,"2581.5","299.7",15,5,"0.6",7,"0101000020E6100000596E693524E551C01D95F661185530C0","{""1"":{},""2"":{},""4"":{},""8"":{}}","2025-06-25 20:17:12.529+00","2025-06-25 20:17:12.529+00","2025-06-25 20:17:12.529+00"
2139,"868018071302858",68,"2025-06-25 20:15:38+00","-16.3324050","-71.5803416",25,0,0,0,"2581.5","134.6",14,0,"0.6",7,"0101000020E61000008820185124E551C0E2067C7E185530C0","{""1"":{},""2"":{},""4"":{},""8"":{}}","2025-06-25 20:17:12.531+00","2025-06-25 20:17:12.531+00","2025-06-25 20:17:12.531+00"
2140,"868018071302858",68,"2025-06-25 20:15:43+00","-16.3324066","-71.5803416",26,0,0,0,"2582.5","234.2",15,0,"0.6",7,"0101000020E61000008820185124E551C07CF95399185530C0","{""1"":{},""2"":{},""4"":{},""8"":{}}","2025-06-25 20:17:12.534+00","2025-06-25 20:17:12.534+00","2025-06-25 20:17:12.534+00"
2141,"868018071302858",68,"2025-06-25 20:15:48+00","-16.3324133","-71.5803500",27,0,0,0,"2582.9","240.7",14,3,"0.9",7,"0101000020E6100000F38E537424E551C06441BC09195530C0","{""1"":{},""2"":{},""4"":{},""8"":{}}","2025-06-25 20:17:12.536+00","2025-06-25 20:17:12.536+00","2025-06-25 20:17:12.536+00"
2142,"868018071302858",68,"2025-06-25 20:15:53+00","-16.3324166","-71.5803433",28,0,0,1,"2582.0","56.1",14,0,"0.8",409,"0101000020E6100000F97C395824E551C0C3A51941195530C0","{""1"":{""409"":0},""2"":{},""4"":{},""8"":{}}","2025-06-25 20:17:12.538+00","2025-06-25 20:17:12.538+00","2025-06-25 20:17:12.538+00"
2143,"868018071302858",68,"2025-06-25 20:23:00+00","-16.3325133","-71.5805750",0,0,0,0,"2559.6","0.0",4,0,"0.1",7,"0101000020E610000003780B2428E551C02BFC74971F5530C0","{""1"":{},""2"":{},""4"":{},""8"":{}}","2025-06-25 20:23:09.057+00","2025-06-25 20:23:09.057+00","2025-06-25 20:23:09.057+00"
2144,"868018071302858",68,"2025-06-25 20:23:05+00","-16.3325066","-71.5805666",1,0,0,0,"2560.1","0.0",4,0,"0.1",7,"0101000020E61000009809D00028E551C043B40C271F5530C0","{""1"":{},""2"":{},""4"":{},""8"":{}}","2025-06-25 20:23:09.087+00","2025-06-25 20:23:09.087+00","2025-06-25 20:23:09.087+00"
2145,"868018071302858",68,"2025-06-25 20:23:10+00","-16.3325033","-71.5805416",0,0,0,0,"2558.8","47.4",4,0,"0.1",7,"0101000020E6100000EC7DF49727E551C0E44FAFEF1E5530C0","{""1"":{},""2"":{},""4"":{},""8"":{}}","2025-06-25 20:23:11.162+00","2025-06-25 20:23:11.162+00","2025-06-25 20:23:11.162+00"
2146,"868018071302858",68,"2025-06-25 20:23:15+00","-16.3325150","-71.5805233",0,0,0,0,"2560.5","216.1",4,0,"0.1",7,"0101000020E61000003904334B27E551C0F06DFAB31F5530C0","{""1"":{},""2"":{},""4"":{},""8"":{}}","2025-06-25 20:23:15.629+00","2025-06-25 20:23:15.629+00","2025-06-25 20:23:15.629+00"
2147,"868018071302858",68,"2025-06-25 20:23:20+00","-16.3325266","-71.5805400",0,0,0,0,"2568.6","249.8",5,1,"2.5",7,"0101000020E610000045813E9127E551C0D20C9876205530C0","{""1"":{},""2"":{},""4"":{},""8"":{}}","2025-06-25 20:23:20.633+00","2025-06-25 20:23:20.633+00","2025-06-25 20:23:20.633+00"
2148,"868018071302858",68,"2025-06-25 20:23:25+00","-16.3325000","-71.5805166",0,0,0,0,"2570.9","216.5",5,0,"2.5",7,"0101000020E61000003FF2182F27E551C085EB51B81E5530C0","{""1"":{},""2"":{},""4"":{},""8"":{}}","2025-06-25 20:23:25.609+00","2025-06-25 20:23:25.609+00","2025-06-25 20:23:25.609+00"
2149,"868018071302858",68,"2025-06-25 20:23:28+00","-16.3324933","-71.5805100",0,0,0,0,"2571.8","41.1",5,5,"2.5",9,"0101000020E610000010406A1327E551C09DA3E9471E5530C0","{""1"":{},""2"":{},""4"":{},""8"":{}}","2025-06-25 20:23:28.629+00","2025-06-25 20:23:28.63+00","2025-06-25 20:23:28.63+00"
2150,"868018071302858",68,"2025-06-25 20:23:33+00","-16.3325216","-71.5805516",0,0,0,0,"2572.4","212.8",5,2,"2.5",7,"0101000020E6100000FEE8E5C127E551C0AE36B522205530C0","{""1"":{},""2"":{},""4"":{},""8"":{}}","2025-06-25 20:23:33.611+00","2025-06-25 20:23:33.611+00","2025-06-25 20:23:33.611+00"
2151,"868018071302858",68,"2025-06-25 20:23:38+00","-16.3325183","-71.5805633",0,0,0,0,"2573.0","54.1",5,11,"2.5",7,"0101000020E610000080B0F8F227E551C04FD257EB1F5530C0","{""1"":{},""2"":{},""4"":{},""8"":{}}","2025-06-25 20:23:38.629+00","2025-06-25 20:23:38.629+00","2025-06-25 20:23:38.629+00"
2152,"868018071302858",68,"2025-06-25 20:23:43+00","-16.3325233","-71.5805650",0,0,0,0,"2574.9","57.3",6,1,"2.4",7,"0101000020E6100000F20C1AFA27E551C072A83A3F205530C0","{""1"":{},""2"":{},""4"":{},""8"":{}}","2025-06-25 20:23:43.731+00","2025-06-25 20:23:43.732+00","2025-06-25 20:23:43.732+00"
2153,"868018071302858",68,"2025-06-25 20:23:48+00","-16.3325033","-71.5805400",0,0,0,0,"2576.9","35.6",6,0,"2.4",7,"0101000020E610000045813E9127E551C0E44FAFEF1E5530C0","{""1"":{},""2"":{},""4"":{},""8"":{}}","2025-06-25 20:23:48.59+00","2025-06-25 20:23:48.591+00","2025-06-25 20:23:48.591+00"
2154,"868018071302858",68,"2025-06-25 20:23:53+00","-16.3324700","-71.5805050",0,0,0,0,"2576.9","203.9",6,0,"2.4",7,"0101000020E6100000878A71FE26E551C0B0E600C11C5530C0","{""1"":{},""2"":{},""4"":{},""8"":{}}","2025-06-25 20:23:53.62+00","2025-06-25 20:23:53.62+00","2025-06-25 20:23:53.62+00"
2155,"868018071302858",68,"2025-06-25 20:23:58+00","-16.3324516","-71.5804850",0,0,0,0,"2576.5","209.3",6,0,"2.4",7,"0101000020E610000063B48EAA26E551C0BC804D8C1B5530C0","{""1"":{},""2"":{},""4"":{},""8"":{}}","2025-06-25 20:23:58.65+00","2025-06-25 20:23:58.65+00","2025-06-25 20:23:58.65+00"
2156,"868018071302858",68,"2025-06-25 20:23:59+00","-16.3324500","-71.5804933",0,0,0,0,"2576.1","253.0",6,6,"2.4",9,"0101000020E610000004C35ECD26E551C0228E75711B5530C0","{""1"":{},""2"":{},""4"":{},""8"":{}}","2025-06-25 20:23:59.669+00","2025-06-25 20:23:59.669+00","2025-06-25 20:23:59.669+00"
2157,"868018071302858",68,"2025-06-25 20:24:04+00","-16.3324333","-71.5804766",0,0,0,0,"2575.1","33.4",6,1,"2.4",7,"0101000020E6100000F845538726E551C0F39947591A5530C0","{""1"":{},""2"":{},""4"":{},""8"":{}}","2025-06-25 20:24:04.69+00","2025-06-25 20:24:04.69+00","2025-06-25 20:24:04.69+00"
2158,"868018071302858",68,"2025-06-25 20:24:08+00","-16.3324233","-71.5804650",0,0,0,0,"2576.4","13.8",6,7,"2.5",9,"0101000020E610000040DEAB5626E551C0ABED81B1195530C0","{""1"":{},""2"":{},""4"":{},""8"":{}}","2025-06-25 20:24:08.69+00","2025-06-25 20:24:08.69+00","2025-06-25 20:24:08.69+00"
2159,"868018071302858",68,"2025-06-25 20:24:13+00","-16.3324166","-71.5804583",0,0,0,0,"2575.4","354.1",6,1,"2.4",7,"0101000020E610000046CC913A26E551C0C3A51941195530C0","{""1"":{},""2"":{},""4"":{},""8"":{}}","2025-06-25 20:24:13.73+00","2025-06-25 20:24:13.73+00","2025-06-25 20:24:13.73+00"
2160,"868018071302858",68,"2025-06-25 20:24:18+00","-16.3324233","-71.5804616",0,0,0,0,"2574.1","231.6",6,0,"2.4",7,"0101000020E61000005E25694826E551C0ABED81B1195530C0","{""1"":{},""2"":{},""4"":{},""8"":{}}","2025-06-25 20:24:19.163+00","2025-06-25 20:24:19.163+00","2025-06-25 20:24:19.163+00"
2161,"868018071302858",68,"2025-06-25 20:24:23+00","-16.3324166","-71.5804600",0,0,0,0,"2573.7","248.5",6,2,"2.4",7,"0101000020E6100000B728B34126E551C0C3A51941195530C0","{""1"":{},""2"":{},""4"":{},""8"":{}}","2025-06-25 20:24:24.152+00","2025-06-25 20:24:24.152+00","2025-06-25 20:24:24.152+00"
2162,"868018071302858",68,"2025-06-25 20:24:24+00","-16.3324083","-71.5804566",0,0,0,0,"2573.4","19.8",6,6,"2.4",9,"0101000020E6100000D56F703326E551C0416BD9B5185530C0","{""1"":{},""2"":{},""4"":{},""8"":{}}","2025-06-25 20:24:25.162+00","2025-06-25 20:24:25.162+00","2025-06-25 20:24:25.162+00"
2163,"868018071302858",68,"2025-06-25 20:24:29+00","-16.3324083","-71.5804450",0,0,0,0,"2573.6","305.9",6,1,"2.4",7,"0101000020E61000001C08C90226E551C0416BD9B5185530C0","{""1"":{},""2"":{},""4"":{},""8"":{}}","2025-06-25 20:24:30.171+00","2025-06-25 20:24:30.171+00","2025-06-25 20:24:30.171+00"
2164,"868018071302858",68,"2025-06-25 20:24:34+00","-16.3323966","-71.5804266",0,0,0,0,"2573.9","43.2",7,7,"2.0",7,"0101000020E61000009F2E9CB525E551C0354D8EF1175530C0","{""1"":{},""2"":{},""4"":{},""8"":{}}","2025-06-25 20:24:35.169+00","2025-06-25 20:24:35.169+00","2025-06-25 20:24:35.169+00"
2165,"868018071302858",68,"2025-06-25 20:24:39+00","-16.3324183","-71.5804400",0,0,0,0,"2576.4","196.9",7,0,"2.0",7,"0101000020E61000009352D0ED25E551C088179F5D195530C0","{""1"":{},""2"":{},""4"":{},""8"":{}}","2025-06-25 20:24:40.289+00","2025-06-25 20:24:40.289+00","2025-06-25 20:24:40.289+00"
2166,"868018071302858",68,"2025-06-25 20:24:44+00","-16.3324266","-71.5804483",0,0,0,0,"2578.1","198.0",7,3,"2.0",7,"0101000020E61000003461A01026E551C00B52DFE8195530C0","{""1"":{},""2"":{},""4"":{},""8"":{}}","2025-06-25 20:24:45.133+00","2025-06-25 20:24:45.133+00","2025-06-25 20:24:45.133+00"
2167,"868018071302858",68,"2025-06-25 20:24:49+00","-16.3324216","-71.5804400",0,0,0,0,"2578.8","181.5",7,0,"2.4",7,"0101000020E61000009352D0ED25E551C0E77BFC94195530C0","{""1"":{},""2"":{},""4"":{},""8"":{}}","2025-06-25 20:24:50.129+00","2025-06-25 20:24:50.129+00","2025-06-25 20:24:50.129+00"
2168,"868018071302858",68,"2025-06-25 20:24:54+00","-16.3324116","-71.5804350",0,0,0,0,"2579.1","51.3",7,2,"2.0",7,"0101000020E61000000A9DD7D825E551C0A0CF36ED185530C0","{""1"":{},""2"":{},""4"":{},""8"":{}}","2025-06-25 20:24:55.149+00","2025-06-25 20:24:55.149+00","2025-06-25 20:24:55.149+00"
2169,"868018071302858",68,"2025-06-25 20:24:59+00","-16.3324283","-71.5804500",0,0,0,0,"2579.5","48.6",7,3,"2.0",7,"0101000020E6100000A5BDC11726E551C0CFC364051A5530C0","{""1"":{},""2"":{},""4"":{},""8"":{}}","2025-06-25 20:25:00.131+00","2025-06-25 20:25:00.131+00","2025-06-25 20:25:00.131+00"
2170,"868018071302858",68,"2025-06-25 20:25:04+00","-16.3324350","-71.5804616",0,0,0,0,"2579.9","94.1",7,1,"2.0",7,"0101000020E61000005E25694826E551C0B70BCD751A5530C0","{""1"":{},""2"":{},""4"":{},""8"":{}}","2025-06-25 20:25:05.169+00","2025-06-25 20:25:05.169+00","2025-06-25 20:25:05.169+00"
2171,"868018071302858",68,"2025-06-25 20:25:09+00","-16.3324433","-71.5804733",0,0,0,0,"2579.4","281.2",7,0,"2.0",7,"0101000020E6100000E0EC7B7926E551C03A460D011B5530C0","{""1"":{},""2"":{},""4"":{},""8"":{}}","2025-06-25 20:25:10.151+00","2025-06-25 20:25:10.151+00","2025-06-25 20:25:10.151+00"
2172,"868018071302858",68,"2025-06-25 20:25:15+00","-16.3324583","-71.5804716",0,0,0,0,"2583.0","160.7",7,0,"2.0",7,"0101000020E61000006F905A7226E551C0A4C8B5FC1B5530C0","{""1"":{},""2"":{},""4"":{},""8"":{}}","2025-06-25 20:25:15.869+00","2025-06-25 20:25:15.869+00","2025-06-25 20:25:15.869+00"
2173,"868018071302858",68,"2025-06-25 20:25:20+00","-16.3324650","-71.5804900",0,0,0,0,"2583.7","201.3",7,0,"2.0",7,"0101000020E6100000EC6987BF26E551C08C101E6D1C5530C0","{""1"":{},""2"":{},""4"":{},""8"":{}}","2025-06-25 20:25:20.849+00","2025-06-25 20:25:20.85+00","2025-06-25 20:25:20.85+00"
2174,"868018071302858",68,"2025-06-25 20:25:25+00","-16.3324683","-71.5804933",0,0,0,0,"2585.3","61.4",7,0,"2.0",7,"0101000020E610000004C35ECD26E551C0EB747BA41C5530C0","{""1"":{},""2"":{},""4"":{},""8"":{}}","2025-06-25 20:25:25.883+00","2025-06-25 20:25:25.883+00","2025-06-25 20:25:25.883+00"
2175,"868018071302858",68,"2025-06-25 20:25:30+00","-16.3324750","-71.5805050",0,0,0,0,"2584.7","272.9",7,1,"2.0",7,"0101000020E6100000878A71FE26E551C0D3BCE3141D5530C0","{""1"":{},""2"":{},""4"":{},""8"":{}}","2025-06-25 20:25:30.849+00","2025-06-25 20:25:30.849+00","2025-06-25 20:25:30.849+00"
2176,"868018071302858",68,"2025-06-25 20:25:35+00","-16.3324783","-71.5805116",0,0,0,0,"2584.5","123.8",7,0,"2.0",7,"0101000020E6100000B63C201A27E551C03221414C1D5530C0","{""1"":{},""2"":{},""4"":{},""8"":{}}","2025-06-25 20:25:35.851+00","2025-06-25 20:25:35.851+00","2025-06-25 20:25:35.851+00"
2177,"868018071302858",68,"2025-06-25 20:25:40+00","-16.3324833","-71.5805183",0,0,0,0,"2584.0","59.3",7,0,"2.0",7,"0101000020E6100000B04E3A3627E551C056F723A01D5530C0","{""1"":{},""2"":{},""4"":{},""8"":{}}","2025-06-25 20:25:40.87+00","2025-06-25 20:25:40.87+00","2025-06-25 20:25:40.87+00"
2178,"868018071302858",68,"2025-06-25 20:25:45+00","-16.3324883","-71.5805250",0,0,0,0,"2582.9","252.3",7,0,"2.0",7,"0101000020E6100000AA60545227E551C07ACD06F41D5530C0","{""1"":{},""2"":{},""4"":{},""8"":{}}","2025-06-25 20:25:45.969+00","2025-06-25 20:25:45.969+00","2025-06-25 20:25:45.969+00"
2179,"868018071302858",68,"2025-06-25 20:25:50+00","-16.3324950","-71.5805266",0,0,0,0,"2583.8","68.1",7,0,"2.0",7,"0101000020E6100000515D0A5927E551C062156F641E5530C0","{""1"":{},""2"":{},""4"":{},""8"":{}}","2025-06-25 20:25:50.849+00","2025-06-25 20:25:50.849+00","2025-06-25 20:25:50.849+00"
2180,"868018071302858",68,"2025-06-25 20:25:55+00","-16.3325000","-71.5805316",0,0,0,0,"2584.4","234.4",7,1,"2.0",7,"0101000020E6100000DA12036E27E551C085EB51B81E5530C0","{""1"":{},""2"":{},""4"":{},""8"":{}}","2025-06-25 20:25:55.829+00","2025-06-25 20:25:55.829+00","2025-06-25 20:25:55.829+00"
2181,"868018071302858",68,"2025-06-25 20:26:00+00","-16.3325116","-71.5805450",0,0,0,0,"2583.4","309.5",0,0,"0.0",7,"0101000020E6100000CE3637A627E551C0678AEF7A1F5530C0","{""1"":{},""2"":{},""4"":{},""8"":{}}","2025-06-25 20:26:00.849+00","2025-06-25 20:26:00.849+00","2025-06-25 20:26:00.849+00"
2182,"868018071302858",68,"2025-06-25 20:26:05+00","-16.3325083","-71.5805366",0,0,0,0,"2583.7","60.9",7,5,"2.0",7,"0101000020E610000063C8FB8227E551C0082692431F5530C0","{""1"":{},""2"":{},""4"":{},""8"":{}}","2025-06-25 20:26:05.849+00","2025-06-25 20:26:05.849+00","2025-06-25 20:26:05.849+00"
2183,"868018071302858",68,"2025-06-25 20:26:09+00","-16.3325066","-71.5805283",0,0,0,0,"2584.1","73.7",7,5,"2.0",9,"0101000020E6100000C2B92B6027E551C043B40C271F5530C0","{""1"":{},""2"":{},""4"":{},""8"":{}}","2025-06-25 20:26:09.85+00","2025-06-25 20:26:09.851+00","2025-06-25 20:26:09.851+00"
2184,"868018071302858",68,"2025-06-25 20:26:15+00","-16.3324983","-71.5805300",0,0,0,0,"2584.5","41.6",7,3,"2.0",7,"0101000020E610000033164D6727E551C0C179CC9B1E5530C0","{""1"":{},""2"":{},""4"":{},""8"":{}}","2025-06-25 20:26:16.349+00","2025-06-25 20:26:16.349+00","2025-06-25 20:26:16.349+00"
2185,"868018071302858",68,"2025-06-25 20:26:19+00","-16.3324966","-71.5805266",0,0,0,0,"2583.9","186.7",7,0,"2.0",7,"0101000020E6100000515D0A5927E551C0FC07477F1E5530C0","{""1"":{},""2"":{},""4"":{},""8"":{}}","2025-06-25 20:26:19.702+00","2025-06-25 20:26:19.702+00","2025-06-25 20:26:19.702+00"
2186,"868018071302858",68,"2025-06-25 20:26:24+00","-16.3324933","-71.5805300",0,0,0,0,"2583.0","137.4",7,0,"2.0",7,"0101000020E610000033164D6727E551C09DA3E9471E5530C0","{""1"":{},""2"":{},""4"":{},""8"":{}}","2025-06-25 20:26:24.676+00","2025-06-25 20:26:24.677+00","2025-06-25 20:26:24.677+00"
2187,"868018071302858",68,"2025-06-25 20:26:29+00","-16.3324866","-71.5805283",0,0,0,0,"2582.1","94.7",7,0,"2.0",7,"0101000020E6100000C2B92B6027E551C0B55B81D71D5530C0","{""1"":{},""2"":{},""4"":{},""8"":{}}","2025-06-25 20:26:29.689+00","2025-06-25 20:26:29.689+00","2025-06-25 20:26:29.689+00"
2188,"868018071302858",68,"2025-06-25 20:26:34+00","-16.3324716","-71.5805350",0,0,0,0,"2581.5","62.4",7,0,"2.0",7,"0101000020E6100000BCCB457C27E551C04BD9D8DB1C5530C0","{""1"":{},""2"":{},""4"":{},""8"":{}}","2025-06-25 20:26:34.671+00","2025-06-25 20:26:34.671+00","2025-06-25 20:26:34.671+00"
2189,"868018071302858",68,"2025-06-25 20:26:39+00","-16.3324600","-71.5805433",0,0,0,0,"2580.5","345.7",7,1,"2.0",7,"0101000020E61000005DDA159F27E551C0693A3B191C5530C0","{""1"":{},""2"":{},""4"":{},""8"":{}}","2025-06-25 20:26:39.691+00","2025-06-25 20:26:39.691+00","2025-06-25 20:26:39.691+00"
2190,"868018071302858",68,"2025-06-25 20:26:44+00","-16.3324516","-71.5805550",0,0,0,0,"2578.7","182.7",7,0,"2.0",7,"0101000020E6100000E0A128D027E551C0BC804D8C1B5530C0","{""1"":{},""2"":{},""4"":{},""8"":{}}","2025-06-25 20:26:44.691+00","2025-06-25 20:26:44.691+00","2025-06-25 20:26:44.691+00"
2191,"868018071302858",68,"2025-06-25 20:26:49+00","-16.3324533","-71.5805700",0,0,0,0,"2577.1","209.7",7,3,"2.0",7,"0101000020E61000007AC2120F28E551C081F2D2A81B5530C0","{""1"":{},""2"":{},""4"":{},""8"":{}}","2025-06-25 20:26:49.79+00","2025-06-25 20:26:49.79+00","2025-06-25 20:26:49.79+00"
2192,"868018071302858",68,"2025-06-25 20:26:54+00","-16.3324566","-71.5805866",0,0,0,0,"2574.4","201.8",7,0,"2.0",7,"0101000020E6100000BCDFB25428E551C0E05630E01B5530C0","{""1"":{},""2"":{},""4"":{},""8"":{}}","2025-06-25 20:26:54.671+00","2025-06-25 20:26:54.671+00","2025-06-25 20:26:54.671+00"
2193,"868018071302858",68,"2025-06-25 20:26:59+00","-16.3324650","-71.5806166",0,0,0,0,"2572.1","239.9",7,6,"2.3",7,"0101000020E6100000F12087D228E551C08C101E6D1C5530C0","{""1"":{},""2"":{},""4"":{},""8"":{}}","2025-06-25 20:26:59.671+00","2025-06-25 20:26:59.671+00","2025-06-25 20:26:59.671+00"
2194,"868018071302858",68,"2025-06-25 20:27:04+00","-16.3324633","-71.5806283",0,0,0,0,"2569.9","341.1",7,0,"2.0",7,"0101000020E610000074E8990329E551C0C89E98501C5530C0","{""1"":{},""2"":{},""4"":{},""8"":{}}","2025-06-25 20:27:04.67+00","2025-06-25 20:27:04.67+00","2025-06-25 20:27:04.67+00"
2195,"868018071302858",68,"2025-06-25 20:27:05+00","-16.3324650","-71.5806216",0,0,0,0,"2570.0","104.3",7,7,"2.0",9,"0101000020E61000007AD67FE728E551C08C101E6D1C5530C0","{""1"":{},""2"":{},""4"":{},""8"":{}}","2025-06-25 20:27:05.669+00","2025-06-25 20:27:05.669+00","2025-06-25 20:27:05.669+00"
2196,"868018071302858",68,"2025-06-25 20:27:10+00","-16.3324683","-71.5806083",0,0,0,0,"2570.3","84.1",7,1,"2.0",7,"0101000020E61000005012B7AF28E551C0EB747BA41C5530C0","{""1"":{},""2"":{},""4"":{},""8"":{}}","2025-06-25 20:27:10.689+00","2025-06-25 20:27:10.689+00","2025-06-25 20:27:10.689+00"
2197,"868018071302858",68,"2025-06-25 20:27:15+00","-16.3324716","-71.5806250",0,0,0,0,"2569.4","203.9",7,0,"2.0",7,"0101000020E61000005C8FC2F528E551C04BD9D8DB1C5530C0","{""1"":{},""2"":{},""4"":{},""8"":{}}","2025-06-25 20:27:16.171+00","2025-06-25 20:27:16.171+00","2025-06-25 20:27:16.171+00"
2198,"868018071302858",68,"2025-06-25 20:27:20+00","-16.3324766","-71.5806466",0,0,0,0,"2568.0","1.9",8,1,"2.0",7,"0101000020E610000026625B5029E551C06EAFBB2F1D5530C0","{""1"":{},""2"":{},""4"":{},""8"":{}}","2025-06-25 20:27:21.189+00","2025-06-25 20:27:21.189+00","2025-06-25 20:27:21.189+00"
2199,"868018071302858",68,"2025-06-25 20:27:25+00","-16.3324833","-71.5806550",0,0,0,0,"2567.0","227.3",8,1,"2.0",7,"0101000020E610000091D0967329E551C056F723A01D5530C0","{""1"":{},""2"":{},""4"":{},""8"":{}}","2025-06-25 20:27:26.202+00","2025-06-25 20:27:26.202+00","2025-06-25 20:27:26.202+00"
2200,"868018071302858",68,"2025-06-25 20:27:30+00","-16.3324883","-71.5806483",0,0,0,0,"2568.0","91.6",8,2,"2.0",7,"0101000020E610000097BE7C5729E551C07ACD06F41D5530C0","{""1"":{},""2"":{},""4"":{},""8"":{}}","2025-06-25 20:27:31.201+00","2025-06-25 20:27:31.201+00","2025-06-25 20:27:31.201+00"
2201,"868018071302858",68,"2025-06-25 20:27:35+00","-16.3324866","-71.5806466",0,0,0,0,"2566.5","9.0",8,0,"2.0",7,"0101000020E610000026625B5029E551C0B55B81D71D5530C0","{""1"":{},""2"":{},""4"":{},""8"":{}}","2025-06-25 20:27:36.203+00","2025-06-25 20:27:36.203+00","2025-06-25 20:27:36.203+00"
2202,"868018071302858",68,"2025-06-25 20:27:40+00","-16.3324916","-71.5806583",0,0,0,0,"2565.3","234.2",8,1,"2.0",7,"0101000020E6100000A9296E8129E551C0D931642B1E5530C0","{""1"":{},""2"":{},""4"":{},""8"":{}}","2025-06-25 20:27:41.189+00","2025-06-25 20:27:41.189+00","2025-06-25 20:27:41.189+00"
2203,"868018071302858",68,"2025-06-25 20:27:45+00","-16.3324950","-71.5806533",0,0,0,0,"2566.8","235.0",8,1,"2.0",7,"0101000020E61000002074756C29E551C062156F641E5530C0","{""1"":{},""2"":{},""4"":{},""8"":{}}","2025-06-25 20:27:46.21+00","2025-06-25 20:27:46.21+00","2025-06-25 20:27:46.21+00"
2204,"868018071302858",68,"2025-06-25 20:27:50+00","-16.3325083","-71.5806716",0,0,0,0,"2565.6","237.2",7,0,"2.2",7,"0101000020E6100000D3ED36B929E551C0082692431F5530C0","{""1"":{},""2"":{},""4"":{},""8"":{}}","2025-06-25 20:27:51.332+00","2025-06-25 20:27:51.332+00","2025-06-25 20:27:51.332+00"
2205,"868018071302858",68,"2025-06-25 20:27:55+00","-16.3325050","-71.5806633",0,0,0,0,"2565.7","27.5",7,0,"2.2",7,"0101000020E610000032DF669629E551C0A9C1340C1F5530C0","{""1"":{},""2"":{},""4"":{},""8"":{}}","2025-06-25 20:27:56.15+00","2025-06-25 20:27:56.15+00","2025-06-25 20:27:56.15+00"
2206,"868018071302858",68,"2025-06-25 20:28:00+00","-16.3325000","-71.5806450",0,0,0,0,"2566.9","45.0",7,0,"2.2",7,"0101000020E61000008065A54929E551C085EB51B81E5530C0","{""1"":{},""2"":{},""4"":{},""8"":{}}","2025-06-25 20:28:01.163+00","2025-06-25 20:28:01.163+00","2025-06-25 20:28:01.163+00"
2207,"868018071302858",68,"2025-06-25 20:28:05+00","-16.3324850","-71.5806033",0,0,0,0,"2570.1","63.1",6,1,"2.2",7,"0101000020E6100000C85CBE9A28E551C01A69A9BC1D5530C0","{""1"":{},""2"":{},""4"":{},""8"":{}}","2025-06-25 20:28:06.151+00","2025-06-25 20:28:06.151+00","2025-06-25 20:28:06.151+00"
2208,"868018071302858",68,"2025-06-25 20:28:10+00","-16.3324750","-71.5806016",0,0,0,0,"2569.5","239.4",8,0,"2.0",7,"0101000020E610000056009D9328E551C0D3BCE3141D5530C0","{""1"":{},""2"":{},""4"":{},""8"":{}}","2025-06-25 20:28:11.21+00","2025-06-25 20:28:11.21+00","2025-06-25 20:28:11.21+00"
2209,"868018071302858",68,"2025-06-25 20:28:15+00","-16.3324716","-71.5805950",0,0,0,0,"2569.9","259.8",8,2,"2.0",7,"0101000020E6100000274EEE7728E551C04BD9D8DB1C5530C0","{""1"":{},""2"":{},""4"":{},""8"":{}}","2025-06-25 20:28:15.79+00","2025-06-25 20:28:15.79+00","2025-06-25 20:28:15.79+00"
2210,"868018071302858",68,"2025-06-25 20:28:20+00","-16.3324683","-71.5805833",0,0,0,0,"2570.8","193.8",8,1,"2.0",7,"0101000020E6100000A486DB4628E551C0EB747BA41C5530C0","{""1"":{},""2"":{},""4"":{},""8"":{}}","2025-06-25 20:28:20.829+00","2025-06-25 20:28:20.829+00","2025-06-25 20:28:20.829+00"
2211,"868018071302858",68,"2025-06-25 20:28:25+00","-16.3324583","-71.5805683",0,0,0,0,"2572.0","117.4",8,2,"2.0",7,"0101000020E61000000966F10728E551C0A4C8B5FC1B5530C0","{""1"":{},""2"":{},""4"":{},""8"":{}}","2025-06-25 20:28:25.831+00","2025-06-25 20:28:25.831+00","2025-06-25 20:28:25.831+00"
2212,"868018071302858",68,"2025-06-25 20:28:30+00","-16.3324600","-71.5805550",0,0,0,0,"2572.5","51.7",8,0,"2.0",7,"0101000020E6100000E0A128D027E551C0693A3B191C5530C0","{""1"":{},""2"":{},""4"":{},""8"":{}}","2025-06-25 20:28:30.811+00","2025-06-25 20:28:30.811+00","2025-06-25 20:28:30.811+00"
2213,"868018071302858",68,"2025-06-25 20:28:35+00","-16.3324566","-71.5805550",0,0,0,0,"2572.3","335.3",8,0,"2.0",7,"0101000020E6100000E0A128D027E551C0E05630E01B5530C0","{""1"":{},""2"":{},""4"":{},""8"":{}}","2025-06-25 20:28:35.811+00","2025-06-25 20:28:35.811+00","2025-06-25 20:28:35.811+00"
2214,"868018071302858",68,"2025-06-25 20:28:40+00","-16.3324633","-71.5805600",0,0,0,0,"2572.1","60.9",7,1,"2.3",7,"0101000020E6100000695721E527E551C0C89E98501C5530C0","{""1"":{},""2"":{},""4"":{},""8"":{}}","2025-06-25 20:28:40.829+00","2025-06-25 20:28:40.83+00","2025-06-25 20:28:40.83+00"
2215,"868018071302858",68,"2025-06-25 20:28:45+00","-16.3324666","-71.5805616",0,0,0,0,"2572.9","4.9",8,1,"2.3",7,"0101000020E61000000F54D7EB27E551C02703F6871C5530C0","{""1"":{},""2"":{},""4"":{},""8"":{}}","2025-06-25 20:28:45.834+00","2025-06-25 20:28:45.834+00","2025-06-25 20:28:45.834+00"
2216,"868018071302858",68,"2025-06-25 20:28:50+00","-16.3324716","-71.5805600",0,0,0,0,"2574.6","57.5",7,0,"2.3",7,"0101000020E6100000695721E527E551C04BD9D8DB1C5530C0","{""1"":{},""2"":{},""4"":{},""8"":{}}","2025-06-25 20:28:50.842+00","2025-06-25 20:28:50.843+00","2025-06-25 20:28:50.843+00"
2217,"868018071302858",68,"2025-06-25 20:28:55+00","-16.3324716","-71.5805550",0,0,0,0,"2575.4","47.5",7,3,"2.2",7,"0101000020E6100000E0A128D027E551C04BD9D8DB1C5530C0","{""1"":{},""2"":{},""4"":{},""8"":{}}","2025-06-25 20:28:55.919+00","2025-06-25 20:28:55.919+00","2025-06-25 20:28:55.919+00"
2218,"868018071302858",68,"2025-06-25 20:29:00+00","-16.3324800","-71.5805583",0,0,0,0,"2575.7","217.0",7,0,"2.2",7,"0101000020E6100000F8FAFFDD27E551C0F792C6681D5530C0","{""1"":{},""2"":{},""4"":{},""8"":{}}","2025-06-25 20:29:00.819+00","2025-06-25 20:29:00.819+00","2025-06-25 20:29:00.819+00"
2219,"868018071302858",68,"2025-06-25 20:29:05+00","-16.3324800","-71.5805633",0,0,0,0,"2576.6","43.6",8,5,"2.0",7,"0101000020E610000080B0F8F227E551C0F792C6681D5530C0","{""1"":{},""2"":{},""4"":{},""8"":{}}","2025-06-25 20:29:05.811+00","2025-06-25 20:29:05.811+00","2025-06-25 20:29:05.811+00"
2220,"868018071302858",68,"2025-06-25 20:29:10+00","-16.3324716","-71.5805533",0,0,0,0,"2577.0","254.4",8,1,"2.2",7,"0101000020E61000006F4507C927E551C04BD9D8DB1C5530C0","{""1"":{},""2"":{},""4"":{},""8"":{}}","2025-06-25 20:29:10.842+00","2025-06-25 20:29:10.842+00","2025-06-25 20:29:10.842+00"
2221,"868018071302858",68,"2025-06-25 20:29:16+00","-16.3324816","-71.5805716",0,0,0,0,"2575.4","223.6",8,0,"2.0",7,"0101000020E610000021BFC81528E551C092859E831D5530C0","{""1"":{},""2"":{},""4"":{},""8"":{}}","2025-06-25 20:29:16.445+00","2025-06-25 20:29:16.445+00","2025-06-25 20:29:16.445+00"
2222,"868018071302858",68,"2025-06-25 20:29:20+00","-16.3324783","-71.5805683",0,0,0,0,"2574.9","52.5",8,0,"2.0",7,"0101000020E61000000966F10728E551C03221414C1D5530C0","{""1"":{},""2"":{},""4"":{},""8"":{}}","2025-06-25 20:29:21.43+00","2025-06-25 20:29:21.43+00","2025-06-25 20:29:21.43+00"
2223,"868018071302858",68,"2025-06-25 20:29:26+00","-16.3324700","-71.5805566",0,0,0,0,"2574.9","56.6",9,1,"1.0",7,"0101000020E6100000869EDED627E551C0B0E600C11C5530C0","{""1"":{},""2"":{},""4"":{},""8"":{}}","2025-06-25 20:29:26.459+00","2025-06-25 20:29:26.459+00","2025-06-25 20:29:26.459+00"
2224,"868018071302858",68,"2025-06-25 20:29:31+00","-16.3324716","-71.5805633",0,0,0,0,"2574.2","218.5",9,2,"2.2",7,"0101000020E610000080B0F8F227E551C04BD9D8DB1C5530C0","{""1"":{},""2"":{},""4"":{},""8"":{}}","2025-06-25 20:29:31.45+00","2025-06-25 20:29:31.45+00","2025-06-25 20:29:31.45+00"
2225,"868018071302858",68,"2025-06-25 20:29:34+00","-16.3324766","-71.5805700",0,0,0,0,"2573.2","240.7",9,6,"1.0",9,"0101000020E61000007AC2120F28E551C06EAFBB2F1D5530C0","{""1"":{},""2"":{},""4"":{},""8"":{}}","2025-06-25 20:29:35.45+00","2025-06-25 20:29:35.45+00","2025-06-25 20:29:35.45+00"
2226,"868018071302858",68,"2025-06-25 20:29:37+00","-16.3324733","-71.5805666",0,0,0,0,"2572.5","99.3",9,6,"1.0",9,"0101000020E61000009809D00028E551C00F4B5EF81C5530C0","{""1"":{},""2"":{},""4"":{},""8"":{}}","2025-06-25 20:29:38.45+00","2025-06-25 20:29:38.45+00","2025-06-25 20:29:38.45+00"
2227,"868018071302858",68,"2025-06-25 20:29:42+00","-16.3324683","-71.5805566",0,0,0,0,"2573.1","255.0",10,1,"2.2",7,"0101000020E6100000869EDED627E551C0EB747BA41C5530C0","{""1"":{},""2"":{},""4"":{},""8"":{}}","2025-06-25 20:29:43.45+00","2025-06-25 20:29:43.451+00","2025-06-25 20:29:43.451+00"
2228,"868018071302858",68,"2025-06-25 20:29:47+00","-16.3324750","-71.5805483",0,0,0,0,"2572.6","195.7",10,0,"1.0",7,"0101000020E6100000E68F0EB427E551C0D3BCE3141D5530C0","{""1"":{},""2"":{},""4"":{},""8"":{}}","2025-06-25 20:29:48.449+00","2025-06-25 20:29:48.45+00","2025-06-25 20:29:48.45+00"
2229,"868018071302858",68,"2025-06-25 20:29:52+00","-16.3324833","-71.5805366",0,0,0,0,"2572.5","86.6",10,3,"2.2",7,"0101000020E610000063C8FB8227E551C056F723A01D5530C0","{""1"":{},""2"":{},""4"":{},""8"":{}}","2025-06-25 20:29:53.45+00","2025-06-25 20:29:53.45+00","2025-06-25 20:29:53.45+00"
2230,"868018071302858",68,"2025-06-25 20:29:57+00","-16.3324883","-71.5805300",0,0,0,0,"2572.3","129.3",10,0,"2.0",7,"0101000020E610000033164D6727E551C07ACD06F41D5530C0","{""1"":{},""2"":{},""4"":{},""8"":{}}","2025-06-25 20:29:58.552+00","2025-06-25 20:29:58.552+00","2025-06-25 20:29:58.552+00"
2231,"868018071302858",68,"2025-06-25 20:30:02+00","-16.3324966","-71.5805383",0,0,0,0,"2572.7","234.5",10,1,"2.0",7,"0101000020E6100000D4241D8A27E551C0FC07477F1E5530C0","{""1"":{},""2"":{},""4"":{},""8"":{}}","2025-06-25 20:30:03.432+00","2025-06-25 20:30:03.433+00","2025-06-25 20:30:03.433+00"
2232,"868018071302858",68,"2025-06-25 20:30:07+00","-16.3324983","-71.5805416",0,0,0,0,"2572.9","212.1",10,1,"2.0",7,"0101000020E6100000EC7DF49727E551C0C179CC9B1E5530C0","{""1"":{},""2"":{},""4"":{},""8"":{}}","2025-06-25 20:30:08.429+00","2025-06-25 20:30:08.429+00","2025-06-25 20:30:08.429+00"
2233,"868018071302858",68,"2025-06-25 20:30:12+00","-16.3324966","-71.5805350",0,0,0,0,"2573.4","206.1",10,0,"2.0",7,"0101000020E6100000BCCB457C27E551C0FC07477F1E5530C0","{""1"":{},""2"":{},""4"":{},""8"":{}}","2025-06-25 20:30:12.451+00","2025-06-25 20:30:12.451+00","2025-06-25 20:30:12.451+00"
2234,"868018071302858",68,"2025-06-25 20:30:17+00","-16.3324916","-71.5805300",0,0,0,0,"2573.4","342.3",10,2,"2.0",7,"0101000020E610000033164D6727E551C0D931642B1E5530C0","{""1"":{},""2"":{},""4"":{},""8"":{}}","2025-06-25 20:30:18.115+00","2025-06-25 20:30:18.115+00","2025-06-25 20:30:18.115+00"
2235,"868018071302858",68,"2025-06-25 20:30:22+00","-16.3324816","-71.5805133",0,0,0,0,"2574.8","164.6",10,0,"1.0",7,"0101000020E61000002899412127E551C092859E831D5530C0","{""1"":{},""2"":{},""4"":{},""8"":{}}","2025-06-25 20:30:23.11+00","2025-06-25 20:30:23.11+00","2025-06-25 20:30:23.11+00"
2236,"868018071302858",68,"2025-06-25 20:30:23+00","-16.3324916","-71.5805250",0,0,0,0,"2574.8","226.0",10,12,"2.0",9,"0101000020E6100000AA60545227E551C0D931642B1E5530C0","{""1"":{},""2"":{},""4"":{},""8"":{}}","2025-06-25 20:30:24.111+00","2025-06-25 20:30:24.111+00","2025-06-25 20:30:24.111+00"
2237,"868018071302858",68,"2025-06-25 20:30:28+00","-16.3324783","-71.5805133",0,0,0,0,"2575.8","145.2",10,0,"1.0",7,"0101000020E61000002899412127E551C03221414C1D5530C0","{""1"":{},""2"":{},""4"":{},""8"":{}}","2025-06-25 20:30:29.112+00","2025-06-25 20:30:29.112+00","2025-06-25 20:30:29.112+00"
2238,"868018071302858",68,"2025-06-25 20:30:33+00","-16.3324633","-71.5805200",0,0,0,0,"2574.7","240.6",10,0,"1.0",7,"0101000020E610000022AB5B3D27E551C0C89E98501C5530C0","{""1"":{},""2"":{},""4"":{},""8"":{}}","2025-06-25 20:30:34.109+00","2025-06-25 20:30:34.109+00","2025-06-25 20:30:34.109+00"
2239,"868018071302858",68,"2025-06-25 20:30:38+00","-16.3324483","-71.5805200",0,0,0,0,"2574.8","334.2",10,0,"2.0",7,"0101000020E610000022AB5B3D27E551C05D1CF0541B5530C0","{""1"":{},""2"":{},""4"":{},""8"":{}}","2025-06-25 20:30:39.111+00","2025-06-25 20:30:39.111+00","2025-06-25 20:30:39.111+00"
2240,"868018071302858",68,"2025-06-25 20:30:43+00","-16.3324383","-71.5805133",0,0,0,0,"2575.5","58.3",10,0,"1.0",7,"0101000020E61000002899412127E551C016702AAD1A5530C0","{""1"":{},""2"":{},""4"":{},""8"":{}}","2025-06-25 20:30:44.13+00","2025-06-25 20:30:44.13+00","2025-06-25 20:30:44.13+00"
2241,"868018071302858",68,"2025-06-25 20:30:48+00","-16.3324233","-71.5805016",0,0,0,0,"2576.0","31.0",11,0,"0.9",7,"0101000020E6100000A5D12EF026E551C0ABED81B1195530C0","{""1"":{},""2"":{},""4"":{},""8"":{}}","2025-06-25 20:30:49.13+00","2025-06-25 20:30:49.131+00","2025-06-25 20:30:49.131+00"
2242,"868018071302858",68,"2025-06-25 20:30:53+00","-16.3324200","-71.5804983",0,0,0,0,"2575.3","218.7",11,1,"0.9",7,"0101000020E61000008D7857E226E551C04C89247A195530C0","{""1"":{},""2"":{},""4"":{},""8"":{}}","2025-06-25 20:30:54.13+00","2025-06-25 20:30:54.13+00","2025-06-25 20:30:54.13+00"
2243,"868018071302858",68,"2025-06-25 20:30:58+00","-16.3324166","-71.5804883",0,0,0,0,"2575.5","79.9",11,0,"0.9",7,"0101000020E61000007B0D66B826E551C0C3A51941195530C0","{""1"":{},""2"":{},""4"":{},""8"":{}}","2025-06-25 20:30:59.242+00","2025-06-25 20:30:59.242+00","2025-06-25 20:30:59.242+00"
2244,"868018071302858",68,"2025-06-25 20:31:03+00","-16.3324200","-71.5804816",0,0,0,0,"2574.9","38.4",0,0,"0.0",7,"0101000020E610000081FB4B9C26E551C04C89247A195530C0","{""1"":{},""2"":{},""4"":{},""8"":{}}","2025-06-25 20:31:04.124+00","2025-06-25 20:31:04.124+00","2025-06-25 20:31:04.124+00"
2245,"868018071302858",68,"2025-06-25 20:31:08+00","-16.3324216","-71.5804816",0,0,0,0,"2574.6","202.0",11,0,"1.0",7,"0101000020E610000081FB4B9C26E551C0E77BFC94195530C0","{""1"":{},""2"":{},""4"":{},""8"":{}}","2025-06-25 20:31:09.11+00","2025-06-25 20:31:09.11+00","2025-06-25 20:31:09.11+00"
2246,"868018071302858",68,"2025-06-25 20:31:15+00","-16.3324216","-71.5804850",0,0,0,0,"2574.4","16.4",11,0,"1.5",7,"0101000020E610000063B48EAA26E551C0E77BFC94195530C0","{""1"":{},""2"":{},""4"":{},""8"":{}}","2025-06-25 20:31:15.569+00","2025-06-25 20:31:15.569+00","2025-06-25 20:31:15.569+00"
2247,"868018071302858",68,"2025-06-25 20:31:18+00","-16.3324266","-71.5804866",0,0,0,0,"2574.6","118.8",12,1,"0.8",7,"0101000020E61000000AB144B126E551C00B52DFE8195530C0","{""1"":{},""2"":{},""4"":{},""8"":{}}","2025-06-25 20:31:18.55+00","2025-06-25 20:31:18.55+00","2025-06-25 20:31:18.55+00"
2248,"868018071302858",68,"2025-06-25 20:31:23+00","-16.3324316","-71.5804816",0,0,0,0,"2574.2","20.2",12,0,"1.4",7,"0101000020E610000081FB4B9C26E551C02E28C23C1A5530C0","{""1"":{},""2"":{},""4"":{},""8"":{}}","2025-06-25 20:31:23.53+00","2025-06-25 20:31:23.53+00","2025-06-25 20:31:23.53+00"
2249,"868018071302858",68,"2025-06-25 20:31:28+00","-16.3324350","-71.5804866",0,0,0,0,"2574.9","74.3",12,2,"1.4",7,"0101000020E61000000AB144B126E551C0B70BCD751A5530C0","{""1"":{},""2"":{},""4"":{},""8"":{}}","2025-06-25 20:31:28.549+00","2025-06-25 20:31:28.549+00","2025-06-25 20:31:28.549+00"
2250,"868018071302858",68,"2025-06-25 20:31:33+00","-16.3324350","-71.5804883",0,0,0,0,"2575.3","250.6",12,0,"1.5",7,"0101000020E61000007B0D66B826E551C0B70BCD751A5530C0","{""1"":{},""2"":{},""4"":{},""8"":{}}","2025-06-25 20:31:33.549+00","2025-06-25 20:31:33.549+00","2025-06-25 20:31:33.549+00"
2251,"868018071302858",68,"2025-06-25 20:31:38+00","-16.3324383","-71.5804883",0,0,0,0,"2575.6","57.7",12,0,"1.6",7,"0101000020E61000007B0D66B826E551C016702AAD1A5530C0","{""1"":{},""2"":{},""4"":{},""8"":{}}","2025-06-25 20:31:38.55+00","2025-06-25 20:31:38.55+00","2025-06-25 20:31:38.55+00"
2252,"868018071302858",68,"2025-06-25 20:31:43+00","-16.3324400","-71.5804850",0,0,0,0,"2575.2","157.4",12,0,"1.8",7,"0101000020E610000063B48EAA26E551C0DAE1AFC91A5530C0","{""1"":{},""2"":{},""4"":{},""8"":{}}","2025-06-25 20:31:43.569+00","2025-06-25 20:31:43.569+00","2025-06-25 20:31:43.569+00"
2253,"868018071302858",68,"2025-06-25 20:31:48+00","-16.3324450","-71.5804833",0,0,0,0,"2575.0","97.7",12,0,"1.5",7,"0101000020E6100000F2576DA326E551C0FEB7921D1B5530C0","{""1"":{},""2"":{},""4"":{},""8"":{}}","2025-06-25 20:31:48.57+00","2025-06-25 20:31:48.57+00","2025-06-25 20:31:48.57+00"
2254,"868018071302858",68,"2025-06-25 20:31:53+00","-16.3324466","-71.5804800",0,0,0,0,"2574.4","230.2",12,2,"1.5",7,"0101000020E6100000DAFE959526E551C099AA6A381B5530C0","{""1"":{},""2"":{},""4"":{},""8"":{}}","2025-06-25 20:31:53.571+00","2025-06-25 20:31:53.571+00","2025-06-25 20:31:53.571+00"
2255,"868018071302858",68,"2025-06-25 20:31:58+00","-16.3324416","-71.5804716",0,0,0,0,"2572.6","36.7",12,0,"1.6",7,"0101000020E61000006F905A7226E551C075D487E41A5530C0","{""1"":{},""2"":{},""4"":{},""8"":{}}","2025-06-25 20:31:58.569+00","2025-06-25 20:31:58.569+00","2025-06-25 20:31:58.569+00"
2256,"868018071302858",68,"2025-06-25 20:32:03+00","-16.3324566","-71.5804566",0,0,0,0,"2571.6","221.8",12,1,"1.5",7,"0101000020E6100000D56F703326E551C0E05630E01B5530C0","{""1"":{},""2"":{},""4"":{},""8"":{}}","2025-06-25 20:32:03.691+00","2025-06-25 20:32:03.691+00","2025-06-25 20:32:03.691+00"
2257,"868018071302858",68,"2025-06-25 20:32:08+00","-16.3324616","-71.5804500",0,0,0,0,"2571.6","47.3",13,3,"0.8",7,"0101000020E6100000A5BDC11726E551C0032D13341C5530C0","{""1"":{},""2"":{},""4"":{},""8"":{}}","2025-06-25 20:32:08.55+00","2025-06-25 20:32:08.55+00","2025-06-25 20:32:08.55+00"
2258,"868018071302858",68,"2025-06-25 20:32:13+00","-16.3324650","-71.5804533",0,0,0,0,"2571.4","60.0",13,1,"0.8",7,"0101000020E6100000BD16992526E551C08C101E6D1C5530C0","{""1"":{},""2"":{},""4"":{},""8"":{}}","2025-06-25 20:32:13.55+00","2025-06-25 20:32:13.551+00","2025-06-25 20:32:13.551+00"
2259,"868018071302858",68,"2025-06-25 20:32:18+00","-16.3324633","-71.5804416",0,0,0,0,"2572.0","238.7",12,1,"0.8",7,"0101000020E61000003A4F86F425E551C0C89E98501C5530C0","{""1"":{},""2"":{},""4"":{},""8"":{}}","2025-06-25 20:32:19.159+00","2025-06-25 20:32:19.159+00","2025-06-25 20:32:19.159+00"
2260,"868018071302858",68,"2025-06-25 20:32:23+00","-16.3324466","-71.5804266",0,0,0,0,"2571.7","336.0",0,0,"0.0",7,"0101000020E61000009F2E9CB525E551C099AA6A381B5530C0","{""1"":{},""2"":{},""4"":{},""8"":{}}","2025-06-25 20:32:24.152+00","2025-06-25 20:32:24.152+00","2025-06-25 20:32:24.152+00"
2261,"868018071302858",68,"2025-06-25 20:32:28+00","-16.3324416","-71.5804250",0,0,0,0,"2571.8","238.0",13,0,"0.9",7,"0101000020E6100000F931E6AE25E551C075D487E41A5530C0","{""1"":{},""2"":{},""4"":{},""8"":{}}","2025-06-25 20:32:29.149+00","2025-06-25 20:32:29.149+00","2025-06-25 20:32:29.149+00"
2262,"868018071302858",68,"2025-06-25 20:32:29+00","-16.3324383","-71.5804216",0,0,0,0,"2572.2","91.8",13,0,"1.0",9,"0101000020E61000001679A3A025E551C016702AAD1A5530C0","{""1"":{},""2"":{},""4"":{},""8"":{}}","2025-06-25 20:32:30.152+00","2025-06-25 20:32:30.152+00","2025-06-25 20:32:30.152+00"
2263,"868018071302858",68,"2025-06-25 20:32:34+00","-16.3324350","-71.5804116",0,0,0,0,"2572.6","154.8",13,0,"0.7",7,"0101000020E6100000050EB27625E551C0B70BCD751A5530C0","{""1"":{},""2"":{},""4"":{},""8"":{}}","2025-06-25 20:32:35.15+00","2025-06-25 20:32:35.15+00","2025-06-25 20:32:35.15+00"
2264,"868018071302858",68,"2025-06-25 20:32:39+00","-16.3324300","-71.5804000",0,0,0,0,"2572.8","177.4",13,2,"0.8",7,"0101000020E61000004CA60A4625E551C09335EA211A5530C0","{""1"":{},""2"":{},""4"":{},""8"":{}}","2025-06-25 20:32:40.149+00","2025-06-25 20:32:40.149+00","2025-06-25 20:32:40.149+00"
2265,"868018071302858",68,"2025-06-25 20:32:44+00","-16.3324166","-71.5803850",0,0,0,0,"2571.8","58.4",13,1,"0.8",7,"0101000020E6100000B285200725E551C0C3A51941195530C0","{""1"":{},""2"":{},""4"":{},""8"":{}}","2025-06-25 20:32:45.152+00","2025-06-25 20:32:45.152+00","2025-06-25 20:32:45.152+00"
2266,"868018071302858",68,"2025-06-25 20:32:49+00","-16.3324050","-71.5803666",0,0,0,0,"2571.8","220.7",13,1,"0.9",7,"0101000020E610000035ACF3B924E551C0E2067C7E185530C0","{""1"":{},""2"":{},""4"":{},""8"":{}}","2025-06-25 20:32:50.149+00","2025-06-25 20:32:50.149+00","2025-06-25 20:32:50.149+00"
2267,"868018071302858",68,"2025-06-25 20:32:54+00","-16.3323916","-71.5803516",0,0,0,0,"2570.8","51.6",13,2,"0.7",7,"0101000020E61000009A8B097B24E551C01277AB9D175530C0","{""1"":{},""2"":{},""4"":{},""8"":{}}","2025-06-25 20:32:55.178+00","2025-06-25 20:32:55.178+00","2025-06-25 20:32:55.178+00"
2268,"868018071302858",68,"2025-06-25 20:32:59+00","-16.3323850","-71.5803466",0,0,0,0,"2570.2","242.0",13,5,"0.8",7,"0101000020E610000011D6106624E551C053AEF02E175530C0","{""1"":{},""2"":{},""4"":{},""8"":{}}","2025-06-25 20:33:00.163+00","2025-06-25 20:33:00.163+00","2025-06-25 20:33:00.163+00"
2269,"868018071302858",68,"2025-06-25 20:33:04+00","-16.3323866","-71.5803466",0,0,0,0,"2570.0","6.9",13,0,"0.8",7,"0101000020E610000011D6106624E551C0EEA0C849175530C0","{""1"":{},""2"":{},""4"":{},""8"":{}}","2025-06-25 20:33:05.271+00","2025-06-25 20:33:05.271+00","2025-06-25 20:33:05.271+00"
2270,"868018071302858",68,"2025-06-25 20:33:09+00","-16.3323916","-71.5803550",0,0,0,0,"2569.4","220.0",13,1,"0.8",7,"0101000020E61000007C444C8924E551C01277AB9D175530C0","{""1"":{},""2"":{},""4"":{},""8"":{}}","2025-06-25 20:33:10.129+00","2025-06-25 20:33:10.129+00","2025-06-25 20:33:10.129+00"
2271,"868018071302858",68,"2025-06-25 20:33:16+00","-16.3324066","-71.5803666",0,0,0,0,"2569.5","44.1",13,0,"0.9",7,"0101000020E610000035ACF3B924E551C07CF95399185530C0","{""1"":{},""2"":{},""4"":{},""8"":{}}","2025-06-25 20:33:16.603+00","2025-06-25 20:33:16.603+00","2025-06-25 20:33:16.603+00"
2272,"868018071302858",68,"2025-06-25 20:33:19+00","-16.3324200","-71.5803766",0,0,0,0,"2570.4","85.2",13,1,"0.7",7,"0101000020E61000004617E5E324E551C04C89247A195530C0","{""1"":{},""2"":{},""4"":{},""8"":{}}","2025-06-25 20:33:19.651+00","2025-06-25 20:33:19.651+00","2025-06-25 20:33:19.651+00"
2273,"868018071302858",68,"2025-06-25 20:33:24+00","-16.3324283","-71.5803800",0,0,0,0,"2571.3","221.6",12,0,"1.0",7,"0101000020E610000029D027F224E551C0CFC364051A5530C0","{""1"":{},""2"":{},""4"":{},""8"":{}}","2025-06-25 20:33:24.63+00","2025-06-25 20:33:24.63+00","2025-06-25 20:33:24.63+00"
2274,"868018071302858",68,"2025-06-25 20:33:29+00","-16.3324316","-71.5803833",0,0,0,0,"2571.8","289.0",13,2,"1.0",7,"0101000020E61000004029FFFF24E551C02E28C23C1A5530C0","{""1"":{},""2"":{},""4"":{},""8"":{}}","2025-06-25 20:33:29.642+00","2025-06-25 20:33:29.642+00","2025-06-25 20:33:29.642+00"
2275,"868018071302858",68,"2025-06-25 20:33:34+00","-16.3324450","-71.5803966",0,0,0,0,"2572.6","278.6",13,2,"0.9",7,"0101000020E61000006AEDC73725E551C0FEB7921D1B5530C0","{""1"":{},""2"":{},""4"":{},""8"":{}}","2025-06-25 20:33:34.629+00","2025-06-25 20:33:34.629+00","2025-06-25 20:33:34.629+00"
2276,"868018071302858",68,"2025-06-25 20:33:39+00","-16.3324466","-71.5804083",0,0,0,0,"2573.5","316.6",13,2,"0.8",7,"0101000020E6100000EDB4DA6825E551C099AA6A381B5530C0","{""1"":{},""2"":{},""4"":{},""8"":{}}","2025-06-25 20:33:39.631+00","2025-06-25 20:33:39.631+00","2025-06-25 20:33:39.631+00"
2277,"868018071302858",68,"2025-06-25 20:33:44+00","-16.3324483","-71.5804100",0,0,0,0,"2574.0","259.8",13,2,"0.8",7,"0101000020E61000005E11FC6F25E551C05D1CF0541B5530C0","{""1"":{},""2"":{},""4"":{},""8"":{}}","2025-06-25 20:33:44.629+00","2025-06-25 20:33:44.629+00","2025-06-25 20:33:44.629+00"
2278,"868018071302858",68,"2025-06-25 20:33:49+00","-16.3324350","-71.5803983",0,0,0,0,"2575.8","115.8",13,1,"0.8",7,"0101000020E6100000DB49E93E25E551C0B70BCD751A5530C0","{""1"":{},""2"":{},""4"":{},""8"":{}}","2025-06-25 20:33:49.628+00","2025-06-25 20:33:49.629+00","2025-06-25 20:33:49.629+00"
2279,"868018071302858",68,"2025-06-25 20:33:54+00","-16.3324316","-71.5804000",0,0,0,0,"2576.7","267.7",13,0,"0.8",7,"0101000020E61000004CA60A4625E551C02E28C23C1A5530C0","{""1"":{},""2"":{},""4"":{},""8"":{}}","2025-06-25 20:33:54.629+00","2025-06-25 20:33:54.629+00","2025-06-25 20:33:54.629+00"
2280,"868018071302858",68,"2025-06-25 20:33:59+00","-16.3324316","-71.5804000",0,0,0,0,"2578.1","11.9",13,1,"0.9",7,"0101000020E61000004CA60A4625E551C02E28C23C1A5530C0","{""1"":{},""2"":{},""4"":{},""8"":{}}","2025-06-25 20:33:59.63+00","2025-06-25 20:33:59.63+00","2025-06-25 20:33:59.63+00"
2281,"868018071302858",68,"2025-06-25 20:34:04+00","-16.3324233","-71.5803850",0,0,0,0,"2580.0","324.1",13,0,"0.8",7,"0101000020E6100000B285200725E551C0ABED81B1195530C0","{""1"":{},""2"":{},""4"":{},""8"":{}}","2025-06-25 20:34:04.63+00","2025-06-25 20:34:04.63+00","2025-06-25 20:34:04.63+00"
2282,"868018071302858",68,"2025-06-25 20:34:09+00","-16.3324183","-71.5803700",0,0,0,0,"2580.3","239.8",12,1,"0.7",7,"0101000020E6100000176536C824E551C088179F5D195530C0","{""1"":{},""2"":{},""4"":{},""8"":{}}","2025-06-25 20:34:09.758+00","2025-06-25 20:34:09.758+00","2025-06-25 20:34:09.758+00"
2283,"868018071302858",68,"2025-06-25 20:34:14+00","-16.3324150","-71.5803650",0,0,0,0,"2580.1","283.4",13,1,"0.9",7,"0101000020E61000008EAF3DB324E551C029B34126195530C0","{""1"":{},""2"":{},""4"":{},""8"":{}}","2025-06-25 20:34:14.641+00","2025-06-25 20:34:14.641+00","2025-06-25 20:34:14.641+00"
2284,"868018071302858",68,"2025-06-25 20:34:19+00","-16.3324116","-71.5803566",0,0,0,0,"2580.4","98.9",13,3,"0.8",7,"0101000020E61000002341029024E551C0A0CF36ED185530C0","{""1"":{},""2"":{},""4"":{},""8"":{}}","2025-06-25 20:34:20.09+00","2025-06-25 20:34:20.09+00","2025-06-25 20:34:20.09+00"
2285,"868018071302858",68,"2025-06-25 20:34:24+00","-16.3324150","-71.5803550",0,0,0,0,"2580.5","300.2",13,1,"0.8",7,"0101000020E61000007C444C8924E551C029B34126195530C0","{""1"":{},""2"":{},""4"":{},""8"":{}}","2025-06-25 20:34:25.11+00","2025-06-25 20:34:25.11+00","2025-06-25 20:34:25.11+00"
2286,"868018071302858",68,"2025-06-25 20:34:29+00","-16.3324133","-71.5803550",0,0,0,0,"2580.2","166.1",13,1,"0.9",7,"0101000020E61000007C444C8924E551C06441BC09195530C0","{""1"":{},""2"":{},""4"":{},""8"":{}}","2025-06-25 20:34:30.111+00","2025-06-25 20:34:30.111+00","2025-06-25 20:34:30.111+00"
2287,"868018071302858",68,"2025-06-25 20:34:34+00","-16.3324183","-71.5803466",0,0,0,0,"2581.3","326.3",14,0,"0.8",7,"0101000020E610000011D6106624E551C088179F5D195530C0","{""1"":{},""2"":{},""4"":{},""8"":{}}","2025-06-25 20:34:35.129+00","2025-06-25 20:34:35.129+00","2025-06-25 20:34:35.129+00"
2288,"868018071302858",68,"2025-06-25 20:34:39+00","-16.3324266","-71.5803483",0,0,0,0,"2582.2","132.3",14,1,"0.8",7,"0101000020E61000008232326D24E551C00B52DFE8195530C0","{""1"":{},""2"":{},""4"":{},""8"":{}}","2025-06-25 20:34:40.109+00","2025-06-25 20:34:40.109+00","2025-06-25 20:34:40.109+00"
2289,"868018071302858",68,"2025-06-25 20:34:44+00","-16.3324350","-71.5803466",0,0,0,0,"2583.6","132.6",14,0,"1.4",7,"0101000020E610000011D6106624E551C0B70BCD751A5530C0","{""1"":{},""2"":{},""4"":{},""8"":{}}","2025-06-25 20:34:45.13+00","2025-06-25 20:34:45.13+00","2025-06-25 20:34:45.13+00"
2290,"868018071302858",68,"2025-06-25 20:34:49+00","-16.3324366","-71.5803483",0,0,0,0,"2584.5","251.4",14,0,"0.8",7,"0101000020E61000008232326D24E551C052FEA4901A5530C0","{""1"":{},""2"":{},""4"":{},""8"":{}}","2025-06-25 20:34:50.155+00","2025-06-25 20:34:50.155+00","2025-06-25 20:34:50.155+00"
2291,"868018071302858",68,"2025-06-25 20:34:54+00","-16.3324383","-71.5803516",0,0,0,0,"2585.1","188.8",14,0,"0.8",7,"0101000020E61000009A8B097B24E551C016702AAD1A5530C0","{""1"":{},""2"":{},""4"":{},""8"":{}}","2025-06-25 20:34:55.11+00","2025-06-25 20:34:55.11+00","2025-06-25 20:34:55.11+00"
2292,"868018071302858",68,"2025-06-25 20:34:59+00","-16.3324333","-71.5803500",0,0,0,0,"2585.5","27.6",13,0,"0.8",7,"0101000020E6100000F38E537424E551C0F39947591A5530C0","{""1"":{},""2"":{},""4"":{},""8"":{}}","2025-06-25 20:35:00.178+00","2025-06-25 20:35:00.179+00","2025-06-25 20:35:00.179+00"
2293,"868018071302858",68,"2025-06-25 20:35:04+00","-16.3324350","-71.5803633",0,0,0,0,"2585.4","238.1",13,1,"0.8",7,"0101000020E61000001D531CAC24E551C0B70BCD751A5530C0","{""1"":{},""2"":{},""4"":{},""8"":{}}","2025-06-25 20:35:05.194+00","2025-06-25 20:35:05.194+00","2025-06-25 20:35:05.194+00"
2294,"868018071302858",68,"2025-06-25 20:35:09+00","-16.3324233","-71.5803733",0,0,0,0,"2584.8","46.3",13,1,"0.8",7,"0101000020E61000002FBE0DD624E551C0ABED81B1195530C0","{""1"":{},""2"":{},""4"":{},""8"":{}}","2025-06-25 20:35:10.169+00","2025-06-25 20:35:10.169+00","2025-06-25 20:35:10.169+00"
2295,"868018071302858",68,"2025-06-25 20:35:13+00","-16.3324233","-71.5803933",0,0,0,0,"2583.5","234.0",12,7,"1.5",9,"0101000020E61000005294F02925E551C0ABED81B1195530C0","{""1"":{},""2"":{},""4"":{},""8"":{}}","2025-06-25 20:35:14.282+00","2025-06-25 20:35:14.282+00","2025-06-25 20:35:14.282+00"
2296,"868018071302858",68,"2025-06-25 20:35:18+00","-16.3324183","-71.5804033",0,0,0,0,"2582.3","354.7",13,0,"1.5",7,"0101000020E610000064FFE15325E551C088179F5D195530C0","{""1"":{},""2"":{},""4"":{},""8"":{}}","2025-06-25 20:35:19.169+00","2025-06-25 20:35:19.17+00","2025-06-25 20:35:19.17+00"
2297,"868018071302858",68,"2025-06-25 20:35:23+00","-16.3324050","-71.5803966",0,0,0,0,"2582.1","63.5",14,0,"0.8",7,"0101000020E61000006AEDC73725E551C0E2067C7E185530C0","{""1"":{},""2"":{},""4"":{},""8"":{}}","2025-06-25 20:35:24.202+00","2025-06-25 20:35:24.203+00","2025-06-25 20:35:24.203+00"
2298,"868018071302858",68,"2025-06-25 20:35:27+00","-16.3324000","-71.5803950",0,0,0,0,"2582.0","229.5",14,6,"0.8",9,"0101000020E6100000C3F0113125E551C0BE30992A185530C0","{""1"":{},""2"":{},""4"":{},""8"":{}}","2025-06-25 20:35:28.202+00","2025-06-25 20:35:28.202+00","2025-06-25 20:35:28.202+00"
2299,"868018071302858",68,"2025-06-25 20:35:32+00","-16.3324033","-71.5804000",0,0,0,0,"2582.1","289.1",14,1,"0.8",7,"0101000020E61000004CA60A4625E551C01D95F661185530C0","{""1"":{},""2"":{},""4"":{},""8"":{}}","2025-06-25 20:35:33.191+00","2025-06-25 20:35:33.191+00","2025-06-25 20:35:33.191+00"
2300,"868018071302858",68,"2025-06-25 20:35:37+00","-16.3323966","-71.5803983",0,0,0,0,"2581.6","237.2",14,0,"0.8",7,"0101000020E6100000DB49E93E25E551C0354D8EF1175530C0","{""1"":{},""2"":{},""4"":{},""8"":{}}","2025-06-25 20:35:38.193+00","2025-06-25 20:35:38.193+00","2025-06-25 20:35:38.193+00"
2301,"868018071302858",68,"2025-06-25 20:35:42+00","-16.3323916","-71.5803950",0,0,0,0,"2581.7","176.3",14,0,"1.0",7,"0101000020E6100000C3F0113125E551C01277AB9D175530C0","{""1"":{},""2"":{},""4"":{},""8"":{}}","2025-06-25 20:35:43.191+00","2025-06-25 20:35:43.191+00","2025-06-25 20:35:43.191+00"
2302,"868018071302858",68,"2025-06-25 20:35:47+00","-16.3323916","-71.5803950",0,0,0,0,"2581.3","199.6",14,0,"1.0",7,"0101000020E6100000C3F0113125E551C01277AB9D175530C0","{""1"":{},""2"":{},""4"":{},""8"":{}}","2025-06-25 20:35:48.19+00","2025-06-25 20:35:48.19+00","2025-06-25 20:35:48.19+00"
2303,"868018071302858",68,"2025-06-25 20:35:52+00","-16.3323866","-71.5803866",0,0,0,0,"2581.5","56.3",14,0,"0.8",7,"0101000020E61000005882D60D25E551C0EEA0C849175530C0","{""1"":{},""2"":{},""4"":{},""8"":{}}","2025-06-25 20:35:53.19+00","2025-06-25 20:35:53.19+00","2025-06-25 20:35:53.19+00"
2304,"868018071302858",68,"2025-06-25 20:35:57+00","-16.3323900","-71.5803800",0,0,0,0,"2581.5","68.3",14,0,"0.8",7,"0101000020E610000029D027F224E551C07784D382175530C0","{""1"":{},""2"":{},""4"":{},""8"":{}}","2025-06-25 20:35:58.19+00","2025-06-25 20:35:58.19+00","2025-06-25 20:35:58.19+00"
2305,"868018071302858",68,"2025-06-25 20:36:02+00","-16.3323966","-71.5803783",0,0,0,0,"2582.6","212.1",14,2,"0.9",7,"0101000020E6100000B87306EB24E551C0354D8EF1175530C0","{""1"":{},""2"":{},""4"":{},""8"":{}}","2025-06-25 20:36:03.19+00","2025-06-25 20:36:03.19+00","2025-06-25 20:36:03.19+00"
2306,"868018071302858",68,"2025-06-25 20:36:07+00","-16.3323983","-71.5803750",0,0,0,0,"2582.9","131.1",13,0,"0.9",7,"0101000020E6100000A01A2FDD24E551C0FABE130E185530C0","{""1"":{},""2"":{},""4"":{},""8"":{}}","2025-06-25 20:36:08.189+00","2025-06-25 20:36:08.189+00","2025-06-25 20:36:08.189+00"
2307,"868018071302858",68,"2025-06-25 20:36:12+00","-16.3324000","-71.5803733",0,0,0,0,"2582.8","241.1",14,0,"0.8",7,"0101000020E61000002FBE0DD624E551C0BE30992A185530C0","{""1"":{},""2"":{},""4"":{},""8"":{}}","2025-06-25 20:36:13.189+00","2025-06-25 20:36:13.189+00","2025-06-25 20:36:13.189+00"
2308,"868018071302858",68,"2025-06-25 20:36:17+00","-16.3323950","-71.5803650",0,0,0,0,"2583.4","132.6",14,0,"0.8",7,"0101000020E61000008EAF3DB324E551C09B5AB6D6175530C0","{""1"":{},""2"":{},""4"":{},""8"":{}}","2025-06-25 20:36:18.31+00","2025-06-25 20:36:18.31+00","2025-06-25 20:36:18.31+00"
2309,"868018071302858",68,"2025-06-25 20:36:22+00","-16.3323950","-71.5803616",0,0,0,0,"2583.8","58.8",14,1,"0.7",7,"0101000020E6100000ACF6FAA424E551C09B5AB6D6175530C0","{""1"":{},""2"":{},""4"":{},""8"":{}}","2025-06-25 20:36:23.17+00","2025-06-25 20:36:23.17+00","2025-06-25 20:36:23.17+00"
2310,"868018071302858",68,"2025-06-25 20:36:27+00","-16.3323983","-71.5803600",0,0,0,0,"2584.0","196.0",14,0,"0.8",7,"0101000020E610000005FA449E24E551C0FABE130E185530C0","{""1"":{},""2"":{},""4"":{},""8"":{}}","2025-06-25 20:36:28.17+00","2025-06-25 20:36:28.17+00","2025-06-25 20:36:28.17+00"
2311,"868018071302858",68,"2025-06-25 20:36:32+00","-16.3323950","-71.5803516",0,0,0,0,"2584.5","326.8",15,0,"0.7",7,"0101000020E61000009A8B097B24E551C09B5AB6D6175530C0","{""1"":{},""2"":{},""4"":{},""8"":{}}","2025-06-25 20:36:33.17+00","2025-06-25 20:36:33.17+00","2025-06-25 20:36:33.17+00"
2312,"868018071302858",68,"2025-06-25 20:36:37+00","-16.3323933","-71.5803400",0,0,0,0,"2584.7","138.0",15,0,"0.6",7,"0101000020E6100000E223624A24E551C0D6E830BA175530C0","{""1"":{},""2"":{},""4"":{},""8"":{}}","2025-06-25 20:36:38.202+00","2025-06-25 20:36:38.203+00","2025-06-25 20:36:38.203+00"
2313,"868018071302858",68,"2025-06-25 20:36:42+00","-16.3323966","-71.5803300",0,0,0,0,"2584.1","172.9",15,3,"0.6",7,"0101000020E6100000D0B8702024E551C0354D8EF1175530C0","{""1"":{},""2"":{},""4"":{},""8"":{}}","2025-06-25 20:36:43.168+00","2025-06-25 20:36:43.168+00","2025-06-25 20:36:43.168+00"
2314,"868018071302858",68,"2025-06-25 20:36:47+00","-16.3324083","-71.5803266",0,0,0,0,"2585.3","28.6",12,1,"0.8",7,"0101000020E6100000EEFF2D1224E551C0416BD9B5185530C0","{""1"":{},""2"":{},""4"":{},""8"":{}}","2025-06-25 20:36:48.201+00","2025-06-25 20:36:48.202+00","2025-06-25 20:36:48.202+00"
2315,"868018071302858",68,"2025-06-25 20:36:52+00","-16.3324366","-71.5803433",0,0,0,0,"2586.1","161.7",10,2,"0.8",7,"0101000020E6100000F97C395824E551C052FEA4901A5530C0","{""1"":{},""2"":{},""4"":{},""8"":{}}","2025-06-25 20:36:53.191+00","2025-06-25 20:36:53.191+00","2025-06-25 20:36:53.191+00"
2316,"868018071302858",68,"2025-06-25 20:36:53+00","-16.3324333","-71.5803416",0,0,0,0,"2586.5","93.0",10,6,"0.9",9,"0101000020E61000008820185124E551C0F39947591A5530C0","{""1"":{},""2"":{},""4"":{},""8"":{}}","2025-06-25 20:36:54.202+00","2025-06-25 20:36:54.202+00","2025-06-25 20:36:54.202+00"
2317,"868018071302858",68,"2025-06-25 20:36:54+00","-16.3324266","-71.5803333",0,0,0,0,"2587.1","79.1",11,5,"0.8",9,"0101000020E6100000E811482E24E551C00B52DFE8195530C0","{""1"":{},""2"":{},""4"":{},""8"":{}}","2025-06-25 20:36:55.189+00","2025-06-25 20:36:55.19+00","2025-06-25 20:36:55.19+00"
2318,"868018071302858",68,"2025-06-25 20:36:57+00","-16.3323866","-71.5803616",0,0,0,0,"2588.6","320.7",6,6,"1.4",9,"0101000020E6100000ACF6FAA424E551C0EEA0C849175530C0","{""1"":{},""2"":{},""4"":{},""8"":{}}","2025-06-25 20:36:58.191+00","2025-06-25 20:36:58.191+00","2025-06-25 20:36:58.191+00"
2319,"868018071302858",68,"2025-06-25 20:37:02+00","-16.3323133","-71.5803633",0,0,0,0,"2589.4","13.2",0,0,"0.0",7,"0101000020E61000001D531CAC24E551C09D86037C125530C0","{""1"":{},""2"":{},""4"":{},""8"":{}}","2025-06-25 20:37:03.19+00","2025-06-25 20:37:03.19+00","2025-06-25 20:37:03.19+00"
2320,"868018071302858",68,"2025-06-25 20:37:07+00","-16.3323133","-71.5803633",0,0,0,0,"2589.4","13.2",0,0,"0.0",7,"0101000020E61000001D531CAC24E551C09D86037C125530C0","{""1"":{},""2"":{},""4"":{},""8"":{}}","2025-06-25 20:37:08.209+00","2025-06-25 20:37:08.209+00","2025-06-25 20:37:08.209+00"
2321,"868018071302858",68,"2025-06-25 20:37:12+00","-16.3323133","-71.5803633",0,0,0,0,"2589.4","13.2",0,0,"0.0",7,"0101000020E61000001D531CAC24E551C09D86037C125530C0","{""1"":{},""2"":{},""4"":{},""8"":{}}","2025-06-25 20:37:13.29+00","2025-06-25 20:37:13.291+00","2025-06-25 20:37:13.291+00"
2322,"868018071302858",68,"2025-06-25 20:37:17+00","-16.3323133","-71.5803633",0,0,0,0,"2589.4","13.2",0,0,"0.0",7,"0101000020E61000001D531CAC24E551C09D86037C125530C0","{""1"":{},""2"":{},""4"":{},""8"":{}}","2025-06-25 20:37:18.169+00","2025-06-25 20:37:18.169+00","2025-06-25 20:37:18.169+00"
2323,"868018071302858",68,"2025-06-25 20:37:22+00","-16.3323133","-71.5803633",0,0,0,0,"2589.4","13.2",0,0,"0.0",7,"0101000020E61000001D531CAC24E551C09D86037C125530C0","{""1"":{},""2"":{},""4"":{},""8"":{}}","2025-06-25 20:37:23.198+00","2025-06-25 20:37:23.198+00","2025-06-25 20:37:23.198+00"
2324,"868018071302858",68,"2025-06-25 20:37:27+00","-16.3323133","-71.5803633",0,0,0,0,"2589.4","13.2",0,0,"0.0",7,"0101000020E61000001D531CAC24E551C09D86037C125530C0","{""1"":{},""2"":{},""4"":{},""8"":{}}","2025-06-25 20:37:28.198+00","2025-06-25 20:37:28.198+00","2025-06-25 20:37:28.198+00"
2325,"868018071302858",68,"2025-06-25 20:37:32+00","-16.3323133","-71.5803633",0,0,0,0,"2589.4","13.2",0,0,"0.0",7,"0101000020E61000001D531CAC24E551C09D86037C125530C0","{""1"":{},""2"":{},""4"":{},""8"":{}}","2025-06-25 20:37:33.188+00","2025-06-25 20:37:33.189+00","2025-06-25 20:37:33.189+00"
2326,"868018071302858",68,"2025-06-25 20:37:37+00","-16.3323133","-71.5803633",0,0,0,0,"2589.4","13.2",0,0,"0.0",7,"0101000020E61000001D531CAC24E551C09D86037C125530C0","{""1"":{},""2"":{},""4"":{},""8"":{}}","2025-06-25 20:37:38.21+00","2025-06-25 20:37:38.21+00","2025-06-25 20:37:38.21+00"
2327,"868018071302858",68,"2025-06-25 20:37:42+00","-16.3323133","-71.5803633",0,0,0,0,"2589.4","13.2",0,0,"0.0",7,"0101000020E61000001D531CAC24E551C09D86037C125530C0","{""1"":{},""2"":{},""4"":{},""8"":{}}","2025-06-25 20:37:43.209+00","2025-06-25 20:37:43.209+00","2025-06-25 20:37:43.209+00"
2328,"868018071302858",68,"2025-06-25 20:37:47+00","-16.3323133","-71.5803633",0,0,0,0,"2589.4","13.2",0,0,"0.0",7,"0101000020E61000001D531CAC24E551C09D86037C125530C0","{""1"":{},""2"":{},""4"":{},""8"":{}}","2025-06-25 20:37:48.218+00","2025-06-25 20:37:48.218+00","2025-06-25 20:37:48.218+00"
2329,"868018071302858",68,"2025-06-25 20:37:52+00","-16.3323133","-71.5803633",0,0,0,0,"2589.4","13.2",0,0,"0.0",7,"0101000020E61000001D531CAC24E551C09D86037C125530C0","{""1"":{},""2"":{},""4"":{},""8"":{}}","2025-06-25 20:37:53.217+00","2025-06-25 20:37:53.217+00","2025-06-25 20:37:53.217+00"
2330,"868018071302858",68,"2025-06-25 20:37:53+00","-16.3322983","-71.5802716",0,0,0,0,"2590.0","97.3",4,14,"2.4",9,"0101000020E61000000C337E2B23E551C033045B80115530C0","{""1"":{},""2"":{},""4"":{},""8"":{}}","2025-06-25 20:37:54.208+00","2025-06-25 20:37:54.209+00","2025-06-25 20:37:54.209+00"
2331,"868018071302858",68,"2025-06-25 20:37:58+00","-16.3324400","-71.5801316",0,0,0,0,"2597.3","115.2",4,26,"2.4",7,"0101000020E610000013584AE020E551C0DAE1AFC91A5530C0","{""1"":{},""2"":{},""4"":{},""8"":{}}","2025-06-25 20:37:59.21+00","2025-06-25 20:37:59.21+00","2025-06-25 20:37:59.21+00"
2332,"868018071302858",68,"2025-06-25 20:38:06+00","-16.3324450","-71.5801250",0,0,0,0,"2597.3","114.7",0,0,"0.0",7,"0101000020E6100000E3A59BC420E551C0FEB7921D1B5530C0","{""1"":{},""2"":{},""4"":{},""8"":{}}","2025-06-25 20:38:14.798+00","2025-06-25 20:38:14.798+00","2025-06-25 20:38:14.798+00"
2333,"868018071302858",68,"2025-06-25 20:38:08+00","-16.3324450","-71.5801250",1,0,0,0,"2597.3","114.7",0,0,"0.0",7,"0101000020E6100000E3A59BC420E551C0FEB7921D1B5530C0","{""1"":{},""2"":{},""4"":{},""8"":{}}","2025-06-25 20:38:14.825+00","2025-06-25 20:38:14.825+00","2025-06-25 20:38:14.825+00"
2334,"868018071302858",68,"2025-06-25 20:38:13+00","-16.3324450","-71.5801250",2,0,0,0,"2597.3","114.7",0,0,"0.0",7,"0101000020E6100000E3A59BC420E551C0FEB7921D1B5530C0","{""1"":{},""2"":{},""4"":{},""8"":{}}","2025-06-25 20:38:14.828+00","2025-06-25 20:38:14.828+00","2025-06-25 20:38:14.828+00"
2335,"868018071302858",68,"2025-06-25 20:38:18+00","-16.3324450","-71.5801250",0,0,0,0,"2597.3","114.7",0,0,"0.0",7,"0101000020E6100000E3A59BC420E551C0FEB7921D1B5530C0","{""1"":{},""2"":{},""4"":{},""8"":{}}","2025-06-25 20:38:19.329+00","2025-06-25 20:38:19.329+00","2025-06-25 20:38:19.329+00"
2336,"868018071302858",68,"2025-06-25 20:38:23+00","-16.3324450","-71.5801250",0,0,0,0,"2597.3","114.7",0,0,"0.0",7,"0101000020E6100000E3A59BC420E551C0FEB7921D1B5530C0","{""1"":{},""2"":{},""4"":{},""8"":{}}","2025-06-25 20:38:24.209+00","2025-06-25 20:38:24.209+00","2025-06-25 20:38:24.209+00"
2337,"868018071302858",68,"2025-06-25 20:38:28+00","-16.3324450","-71.5801250",0,0,0,0,"2597.3","114.7",0,0,"0.0",7,"0101000020E6100000E3A59BC420E551C0FEB7921D1B5530C0","{""1"":{},""2"":{},""4"":{},""8"":{}}","2025-06-25 20:38:29.211+00","2025-06-25 20:38:29.211+00","2025-06-25 20:38:29.211+00"
2338,"868018071302858",68,"2025-06-25 20:38:33+00","-16.3324450","-71.5801250",0,0,0,0,"2597.3","114.7",0,0,"0.0",7,"0101000020E6100000E3A59BC420E551C0FEB7921D1B5530C0","{""1"":{},""2"":{},""4"":{},""8"":{}}","2025-06-25 20:38:34.239+00","2025-06-25 20:38:34.239+00","2025-06-25 20:38:34.239+00"
2339,"868018071302858",68,"2025-06-25 20:38:38+00","-16.3324450","-71.5801250",0,0,0,0,"2597.3","114.7",0,0,"0.0",7,"0101000020E6100000E3A59BC420E551C0FEB7921D1B5530C0","{""1"":{},""2"":{},""4"":{},""8"":{}}","2025-06-25 20:38:39.242+00","2025-06-25 20:38:39.242+00","2025-06-25 20:38:39.242+00"
2340,"868018071302858",68,"2025-06-25 20:38:43+00","-16.3324450","-71.5801250",0,0,0,0,"2597.3","114.7",0,0,"0.0",7,"0101000020E6100000E3A59BC420E551C0FEB7921D1B5530C0","{""1"":{},""2"":{},""4"":{},""8"":{}}","2025-06-25 20:38:44.229+00","2025-06-25 20:38:44.229+00","2025-06-25 20:38:44.229+00"
2341,"868018071302858",68,"2025-06-25 20:38:48+00","-16.3324450","-71.5801250",0,0,0,0,"2597.3","114.7",0,0,"0.0",7,"0101000020E6100000E3A59BC420E551C0FEB7921D1B5530C0","{""1"":{},""2"":{},""4"":{},""8"":{}}","2025-06-25 20:38:49.26+00","2025-06-25 20:38:49.26+00","2025-06-25 20:38:49.26+00"
2342,"868018071302858",68,"2025-06-25 20:38:53+00","-16.3324450","-71.5801250",0,0,0,0,"2597.3","114.7",0,0,"0.0",7,"0101000020E6100000E3A59BC420E551C0FEB7921D1B5530C0","{""1"":{},""2"":{},""4"":{},""8"":{}}","2025-06-25 20:38:54.229+00","2025-06-25 20:38:54.229+00","2025-06-25 20:38:54.229+00"
2343,"868018071302858",68,"2025-06-25 20:38:58+00","-16.3324450","-71.5801250",0,0,0,0,"2597.3","114.7",0,0,"0.0",7,"0101000020E6100000E3A59BC420E551C0FEB7921D1B5530C0","{""1"":{},""2"":{},""4"":{},""8"":{}}","2025-06-25 20:38:59.229+00","2025-06-25 20:38:59.229+00","2025-06-25 20:38:59.229+00"
2344,"868018071302858",68,"2025-06-25 20:39:03+00","-16.3324450","-71.5801250",0,0,0,0,"2597.3","114.7",0,0,"0.0",7,"0101000020E6100000E3A59BC420E551C0FEB7921D1B5530C0","{""1"":{},""2"":{},""4"":{},""8"":{}}","2025-06-25 20:39:04.229+00","2025-06-25 20:39:04.229+00","2025-06-25 20:39:04.229+00"
2345,"868018071302858",68,"2025-06-25 20:39:08+00","-16.3324450","-71.5801250",0,0,0,0,"2597.3","114.7",0,0,"0.0",7,"0101000020E6100000E3A59BC420E551C0FEB7921D1B5530C0","{""1"":{},""2"":{},""4"":{},""8"":{}}","2025-06-25 20:39:09.22+00","2025-06-25 20:39:09.22+00","2025-06-25 20:39:09.22+00"
2346,"868018071302858",68,"2025-06-25 20:39:13+00","-16.3324450","-71.5801250",0,0,0,0,"2597.3","114.7",0,0,"0.0",7,"0101000020E6100000E3A59BC420E551C0FEB7921D1B5530C0","{""1"":{},""2"":{},""4"":{},""8"":{}}","2025-06-25 20:39:14.21+00","2025-06-25 20:39:14.21+00","2025-06-25 20:39:14.21+00"
2347,"868018071302858",68,"2025-06-25 20:39:18+00","-16.3324450","-71.5801250",0,0,0,0,"2597.3","114.7",0,0,"0.0",7,"0101000020E6100000E3A59BC420E551C0FEB7921D1B5530C0","{""1"":{},""2"":{},""4"":{},""8"":{}}","2025-06-25 20:39:19.229+00","2025-06-25 20:39:19.229+00","2025-06-25 20:39:19.229+00"
2348,"868018071302858",68,"2025-06-25 20:39:23+00","-16.3324450","-71.5801250",0,0,0,0,"2597.3","114.7",0,0,"0.0",7,"0101000020E6100000E3A59BC420E551C0FEB7921D1B5530C0","{""1"":{},""2"":{},""4"":{},""8"":{}}","2025-06-25 20:39:24.349+00","2025-06-25 20:39:24.349+00","2025-06-25 20:39:24.349+00"
2349,"868018071302858",68,"2025-06-25 20:39:24+00","-16.3054933","-71.6060750",0,0,0,0,"4608.8","193.6",4,210,"1.8",8,"0101000020E610000016FBCBEEC9E651C0A9A514CF344E30C0","{""1"":{},""2"":{},""4"":{},""8"":{}}","2025-06-25 20:39:25.239+00","2025-06-25 20:39:25.239+00","2025-06-25 20:39:25.239+00"
2350,"868018071302858",68,"2025-06-25 20:39:25+00","-16.3065083","-71.6064516",0,0,0,0,"4678.4","192.9",5,204,"1.5",8,"0101000020E6100000D7265F1AD0E651C0DB73F453774E30C0","{""1"":{},""2"":{},""4"":{},""8"":{}}","2025-06-25 20:39:26.21+00","2025-06-25 20:39:26.21+00","2025-06-25 20:39:26.21+00"
2351,"868018071302858",68,"2025-06-25 20:39:26+00","-16.3075116","-71.6068666",0,0,0,0,"4767.6","192.4",5,195,"1.5",8,"0101000020E6100000390202E7D6E651C001248914B94E30C0","{""1"":{},""2"":{},""4"":{},""8"":{}}","2025-06-25 20:39:27.231+00","2025-06-25 20:39:27.231+00","2025-06-25 20:39:27.231+00"
2352,"868018071302858",68,"2025-06-25 20:39:27+00","-16.3081533","-71.6070483",0,0,0,0,"4825.5","192.3",0,0,"0.0",8,"0101000020E6100000EAE51CE1D9E651C08CA77922E34E30C0","{""1"":{},""2"":{},""4"":{},""8"":{}}","2025-06-25 20:39:28.23+00","2025-06-25 20:39:28.23+00","2025-06-25 20:39:28.23+00"
2353,"868018071302858",68,"2025-06-25 20:39:32+00","-16.3081533","-71.6070483",0,0,0,0,"4825.5","192.3",0,0,"0.0",7,"0101000020E6100000EAE51CE1D9E651C08CA77922E34E30C0","{""1"":{},""2"":{},""4"":{},""8"":{}}","2025-06-25 20:39:33.237+00","2025-06-25 20:39:33.237+00","2025-06-25 20:39:33.237+00"
2354,"868018071302858",68,"2025-06-25 20:39:37+00","-16.3081533","-71.6070483",0,0,0,0,"4825.5","192.3",0,0,"0.0",7,"0101000020E6100000EAE51CE1D9E651C08CA77922E34E30C0","{""1"":{},""2"":{},""4"":{},""8"":{}}","2025-06-25 20:39:38.236+00","2025-06-25 20:39:38.236+00","2025-06-25 20:39:38.236+00"
2355,"868018071302858",68,"2025-06-25 20:39:42+00","-16.3081533","-71.6070483",0,0,0,0,"4825.5","192.3",0,0,"0.0",7,"0101000020E6100000EAE51CE1D9E651C08CA77922E34E30C0","{""1"":{},""2"":{},""4"":{},""8"":{}}","2025-06-25 20:39:43.25+00","2025-06-25 20:39:43.25+00","2025-06-25 20:39:43.25+00"
2356,"868018071302858",68,"2025-06-25 20:39:47+00","-16.3081533","-71.6070483",0,0,0,0,"4825.5","192.3",0,0,"0.0",7,"0101000020E6100000EAE51CE1D9E651C08CA77922E34E30C0","{""1"":{},""2"":{},""4"":{},""8"":{}}","2025-06-25 20:39:48.24+00","2025-06-25 20:39:48.24+00","2025-06-25 20:39:48.24+00"
2357,"868018071302858",68,"2025-06-25 20:39:52+00","-16.3081533","-71.6070483",0,0,0,0,"4825.5","192.3",0,0,"0.0",7,"0101000020E6100000EAE51CE1D9E651C08CA77922E34E30C0","{""1"":{},""2"":{},""4"":{},""8"":{}}","2025-06-25 20:39:53.249+00","2025-06-25 20:39:53.249+00","2025-06-25 20:39:53.249+00"
2358,"868018071302858",68,"2025-06-25 20:39:57+00","-16.3081533","-71.6070483",0,0,0,0,"4825.5","192.3",0,0,"0.0",7,"0101000020E6100000EAE51CE1D9E651C08CA77922E34E30C0","{""1"":{},""2"":{},""4"":{},""8"":{}}","2025-06-25 20:39:58.229+00","2025-06-25 20:39:58.229+00","2025-06-25 20:39:58.229+00"
2359,"868018071302858",68,"2025-06-25 20:40:02+00","-16.3081533","-71.6070483",0,0,0,0,"4825.5","192.3",0,0,"0.0",7,"0101000020E6100000EAE51CE1D9E651C08CA77922E34E30C0","{""1"":{},""2"":{},""4"":{},""8"":{}}","2025-06-25 20:40:03.243+00","2025-06-25 20:40:03.243+00","2025-06-25 20:40:03.243+00"
2360,"868018071302858",68,"2025-06-25 20:40:07+00","-16.3081533","-71.6070483",0,0,0,0,"4825.5","192.3",0,0,"0.0",7,"0101000020E6100000EAE51CE1D9E651C08CA77922E34E30C0","{""1"":{},""2"":{},""4"":{},""8"":{}}","2025-06-25 20:40:08.229+00","2025-06-25 20:40:08.229+00","2025-06-25 20:40:08.229+00"
2361,"868018071302858",68,"2025-06-25 20:40:12+00","-16.3081533","-71.6070483",0,0,0,0,"4825.5","192.3",0,0,"0.0",7,"0101000020E6100000EAE51CE1D9E651C08CA77922E34E30C0","{""1"":{},""2"":{},""4"":{},""8"":{}}","2025-06-25 20:40:13.369+00","2025-06-25 20:40:13.369+00","2025-06-25 20:40:13.369+00"
2362,"868018071302858",68,"2025-06-25 20:40:17+00","-16.3081533","-71.6070483",0,0,0,0,"4825.5","192.3",0,0,"0.0",7,"0101000020E6100000EAE51CE1D9E651C08CA77922E34E30C0","{""1"":{},""2"":{},""4"":{},""8"":{}}","2025-06-25 20:40:18.229+00","2025-06-25 20:40:18.229+00","2025-06-25 20:40:18.229+00"
2363,"868018071302858",68,"2025-06-25 20:40:22+00","-16.3081533","-71.6070483",0,0,0,0,"4825.5","192.3",0,0,"0.0",7,"0101000020E6100000EAE51CE1D9E651C08CA77922E34E30C0","{""1"":{},""2"":{},""4"":{},""8"":{}}","2025-06-25 20:40:23.217+00","2025-06-25 20:40:23.217+00","2025-06-25 20:40:23.217+00"
2364,"868018071302858",68,"2025-06-25 20:40:27+00","-16.3081533","-71.6070483",0,0,0,0,"4825.5","192.3",0,0,"0.0",7,"0101000020E6100000EAE51CE1D9E651C08CA77922E34E30C0","{""1"":{},""2"":{},""4"":{},""8"":{}}","2025-06-25 20:40:28.208+00","2025-06-25 20:40:28.208+00","2025-06-25 20:40:28.208+00"
2365,"868018071302858",68,"2025-06-25 20:40:32+00","-16.3081533","-71.6070483",0,0,0,0,"4825.5","192.3",0,0,"0.0",7,"0101000020E6100000EAE51CE1D9E651C08CA77922E34E30C0","{""1"":{},""2"":{},""4"":{},""8"":{}}","2025-06-25 20:40:33.209+00","2025-06-25 20:40:33.209+00","2025-06-25 20:40:33.209+00"
2366,"868018071302858",68,"2025-06-25 20:40:37+00","-16.3081533","-71.6070483",0,0,0,0,"4825.5","192.3",0,0,"0.0",7,"0101000020E6100000EAE51CE1D9E651C08CA77922E34E30C0","{""1"":{},""2"":{},""4"":{},""8"":{}}","2025-06-25 20:40:38.229+00","2025-06-25 20:40:38.229+00","2025-06-25 20:40:38.229+00"
2367,"868018071302858",68,"2025-06-25 20:40:42+00","-16.3081533","-71.6070483",0,0,0,0,"4825.5","192.3",0,0,"0.0",7,"0101000020E6100000EAE51CE1D9E651C08CA77922E34E30C0","{""1"":{},""2"":{},""4"":{},""8"":{}}","2025-06-25 20:40:43.21+00","2025-06-25 20:40:43.21+00","2025-06-25 20:40:43.21+00"
2368,"868018071302858",68,"2025-06-25 20:40:47+00","-16.3081533","-71.6070483",0,0,0,0,"4825.5","192.3",0,0,"0.0",7,"0101000020E6100000EAE51CE1D9E651C08CA77922E34E30C0","{""1"":{},""2"":{},""4"":{},""8"":{}}","2025-06-25 20:40:48.229+00","2025-06-25 20:40:48.23+00","2025-06-25 20:40:48.23+00"
2369,"868018071302858",68,"2025-06-25 20:40:52+00","-16.3081533","-71.6070483",0,0,0,0,"4825.5","192.3",0,0,"0.0",7,"0101000020E6100000EAE51CE1D9E651C08CA77922E34E30C0","{""1"":{},""2"":{},""4"":{},""8"":{}}","2025-06-25 20:40:53.247+00","2025-06-25 20:40:53.248+00","2025-06-25 20:40:53.248+00"
2370,"868018071302858",68,"2025-06-25 20:40:57+00","-16.3081533","-71.6070483",0,0,0,0,"4825.5","192.3",0,0,"0.0",7,"0101000020E6100000EAE51CE1D9E651C08CA77922E34E30C0","{""1"":{},""2"":{},""4"":{},""8"":{}}","2025-06-25 20:40:58.249+00","2025-06-25 20:40:58.249+00","2025-06-25 20:40:58.249+00"
2371,"868018071302858",68,"2025-06-25 20:40:58+00","-16.3501500","-71.5795550",0,0,0,0,"5331.1","223.3",4,102,"1.4",8,"0101000020E6100000EECEDA6D17E551C0C4B12E6EA35930C0","{""1"":{},""2"":{},""4"":{},""8"":{}}","2025-06-25 20:40:59.269+00","2025-06-25 20:40:59.269+00","2025-06-25 20:40:59.269+00"
2372,"868018071302858",68,"2025-06-25 20:40:59+00","-16.3503383","-71.5796483",0,0,0,0,"5357.6","223.5",0,0,"0.0",8,"0101000020E6100000A6EB2EF518E551C0470955C5AF5930C0","{""1"":{},""2"":{},""4"":{},""8"":{}}","2025-06-25 20:41:00.252+00","2025-06-25 20:41:00.252+00","2025-06-25 20:41:00.252+00"
2373,"868018071302858",68,"2025-06-25 20:41:04+00","-16.3503383","-71.5796483",0,0,0,0,"5357.6","223.5",0,0,"0.0",7,"0101000020E6100000A6EB2EF518E551C0470955C5AF5930C0","{""1"":{},""2"":{},""4"":{},""8"":{}}","2025-06-25 20:41:05.25+00","2025-06-25 20:41:05.251+00","2025-06-25 20:41:05.251+00"
2374,"868018071302858",68,"2025-06-25 20:41:09+00","-16.3503383","-71.5796483",0,0,0,0,"5357.6","223.5",0,0,"0.0",7,"0101000020E6100000A6EB2EF518E551C0470955C5AF5930C0","{""1"":{},""2"":{},""4"":{},""8"":{}}","2025-06-25 20:41:10.37+00","2025-06-25 20:41:10.371+00","2025-06-25 20:41:10.371+00"
2375,"868018071302858",68,"2025-06-25 20:41:14+00","-16.3503383","-71.5796483",0,0,0,0,"5357.6","223.5",0,0,"0.0",7,"0101000020E6100000A6EB2EF518E551C0470955C5AF5930C0","{""1"":{},""2"":{},""4"":{},""8"":{}}","2025-06-25 20:41:15.229+00","2025-06-25 20:41:15.229+00","2025-06-25 20:41:15.229+00"
2376,"868018071302858",68,"2025-06-25 20:41:19+00","-16.3503383","-71.5796483",0,0,0,0,"5357.6","223.5",0,0,"0.0",7,"0101000020E6100000A6EB2EF518E551C0470955C5AF5930C0","{""1"":{},""2"":{},""4"":{},""8"":{}}","2025-06-25 20:41:20.229+00","2025-06-25 20:41:20.229+00","2025-06-25 20:41:20.229+00"
2377,"868018071302858",68,"2025-06-25 20:41:24+00","-16.3503383","-71.5796483",0,0,0,0,"5357.6","223.5",0,0,"0.0",7,"0101000020E6100000A6EB2EF518E551C0470955C5AF5930C0","{""1"":{},""2"":{},""4"":{},""8"":{}}","2025-06-25 20:41:25.23+00","2025-06-25 20:41:25.23+00","2025-06-25 20:41:25.23+00"
2378,"868018071302858",68,"2025-06-25 20:41:29+00","-16.3503383","-71.5796483",0,0,0,0,"5357.6","223.5",0,0,"0.0",7,"0101000020E6100000A6EB2EF518E551C0470955C5AF5930C0","{""1"":{},""2"":{},""4"":{},""8"":{}}","2025-06-25 20:41:30.24+00","2025-06-25 20:41:30.24+00","2025-06-25 20:41:30.24+00"
2379,"868018071302858",68,"2025-06-25 20:41:34+00","-16.3503383","-71.5796483",0,0,0,0,"5357.6","223.5",0,0,"0.0",7,"0101000020E6100000A6EB2EF518E551C0470955C5AF5930C0","{""1"":{},""2"":{},""4"":{},""8"":{}}","2025-06-25 20:41:35.249+00","2025-06-25 20:41:35.249+00","2025-06-25 20:41:35.249+00"
2380,"868018071302858",68,"2025-06-25 20:41:39+00","-16.3503383","-71.5796483",0,0,0,0,"5357.6","223.5",0,0,"0.0",7,"0101000020E6100000A6EB2EF518E551C0470955C5AF5930C0","{""1"":{},""2"":{},""4"":{},""8"":{}}","2025-06-25 20:41:40.251+00","2025-06-25 20:41:40.251+00","2025-06-25 20:41:40.251+00"
2381,"868018071302858",68,"2025-06-25 20:41:44+00","-16.3503383","-71.5796483",0,0,0,0,"5357.6","223.5",0,0,"0.0",7,"0101000020E6100000A6EB2EF518E551C0470955C5AF5930C0","{""1"":{},""2"":{},""4"":{},""8"":{}}","2025-06-25 20:41:45.268+00","2025-06-25 20:41:45.269+00","2025-06-25 20:41:45.269+00"
2382,"868018071302858",68,"2025-06-25 20:41:49+00","-16.3503383","-71.5796483",0,0,0,0,"5357.6","223.5",0,0,"0.0",7,"0101000020E6100000A6EB2EF518E551C0470955C5AF5930C0","{""1"":{},""2"":{},""4"":{},""8"":{}}","2025-06-25 20:41:50.29+00","2025-06-25 20:41:50.291+00","2025-06-25 20:41:50.291+00"
2383,"868018071302858",68,"2025-06-25 20:41:54+00","-16.3503383","-71.5796483",0,0,0,0,"5357.6","223.5",0,0,"0.0",7,"0101000020E6100000A6EB2EF518E551C0470955C5AF5930C0","{""1"":{},""2"":{},""4"":{},""8"":{}}","2025-06-25 20:41:55.249+00","2025-06-25 20:41:55.249+00","2025-06-25 20:41:55.249+00"
2384,"868018071302858",68,"2025-06-25 20:41:59+00","-16.3503383","-71.5796483",0,0,0,0,"5357.6","223.5",0,0,"0.0",7,"0101000020E6100000A6EB2EF518E551C0470955C5AF5930C0","{""1"":{},""2"":{},""4"":{},""8"":{}}","2025-06-25 20:42:00.258+00","2025-06-25 20:42:00.258+00","2025-06-25 20:42:00.258+00"
2385,"868018071302858",68,"2025-06-25 20:42:04+00","-16.3503383","-71.5796483",0,0,0,0,"5357.6","223.5",0,0,"0.0",7,"0101000020E6100000A6EB2EF518E551C0470955C5AF5930C0","{""1"":{},""2"":{},""4"":{},""8"":{}}","2025-06-25 20:42:05.277+00","2025-06-25 20:42:05.277+00","2025-06-25 20:42:05.277+00"
2386,"868018071302858",68,"2025-06-25 20:42:09+00","-16.3503383","-71.5796483",0,0,0,0,"5357.6","223.5",0,0,"0.0",7,"0101000020E6100000A6EB2EF518E551C0470955C5AF5930C0","{""1"":{},""2"":{},""4"":{},""8"":{}}","2025-06-25 20:42:10.29+00","2025-06-25 20:42:10.29+00","2025-06-25 20:42:10.29+00"
2387,"868018071302858",68,"2025-06-25 20:42:14+00","-16.3503383","-71.5796483",0,0,0,0,"5357.6","223.5",0,0,"0.0",7,"0101000020E6100000A6EB2EF518E551C0470955C5AF5930C0","{""1"":{},""2"":{},""4"":{},""8"":{}}","2025-06-25 20:42:15.269+00","2025-06-25 20:42:15.269+00","2025-06-25 20:42:15.269+00"
2388,"868018071302858",68,"2025-06-25 20:42:19+00","-16.3503383","-71.5796483",0,0,0,0,"5357.6","223.5",0,0,"0.0",7,"0101000020E6100000A6EB2EF518E551C0470955C5AF5930C0","{""1"":{},""2"":{},""4"":{},""8"":{}}","2025-06-25 20:42:20.282+00","2025-06-25 20:42:20.282+00","2025-06-25 20:42:20.282+00"
2389,"868018071302858",68,"2025-06-25 20:42:24+00","-16.3503383","-71.5796483",0,0,0,0,"5357.6","223.5",0,0,"0.0",7,"0101000020E6100000A6EB2EF518E551C0470955C5AF5930C0","{""1"":{},""2"":{},""4"":{},""8"":{}}","2025-06-25 20:42:25.359+00","2025-06-25 20:42:25.36+00","2025-06-25 20:42:25.36+00"
2390,"868018071302858",68,"2025-06-25 20:42:29+00","-16.3503383","-71.5796483",0,0,0,0,"5357.6","223.5",0,0,"0.0",7,"0101000020E6100000A6EB2EF518E551C0470955C5AF5930C0","{""1"":{},""2"":{},""4"":{},""8"":{}}","2025-06-25 20:42:30.229+00","2025-06-25 20:42:30.23+00","2025-06-25 20:42:30.23+00"
2391,"868018071302858",68,"2025-06-25 20:42:29+00","-16.3503383","-71.5796483",0,0,0,0,"5357.6","223.5",0,0,"0.0",7,"0101000020E6100000A6EB2EF518E551C0470955C5AF5930C0","{""1"":{},""2"":{},""4"":{},""8"":{}}","2025-06-25 20:44:31.157+00","2025-06-25 20:44:31.157+00","2025-06-25 20:44:31.157+00"
2392,"868018071302858",68,"2025-06-25 20:42:48+00","-16.3503383","-71.5796483",1,0,0,0,"5357.6","223.5",0,0,"0.0",7,"0101000020E6100000A6EB2EF518E551C0470955C5AF5930C0","{""1"":{},""2"":{},""4"":{},""8"":{}}","2025-06-25 20:44:31.185+00","2025-06-25 20:44:31.185+00","2025-06-25 20:44:31.185+00"
2393,"868018071302858",68,"2025-06-25 20:42:49+00","-16.3503383","-71.5796483",2,0,0,0,"5357.6","223.5",0,0,"0.0",7,"0101000020E6100000A6EB2EF518E551C0470955C5AF5930C0","{""1"":{},""2"":{},""4"":{},""8"":{}}","2025-06-25 20:44:31.188+00","2025-06-25 20:44:31.188+00","2025-06-25 20:44:31.188+00"
2394,"868018071302858",68,"2025-06-25 20:43:04+00","-16.3503383","-71.5796483",3,0,0,0,"5357.6","223.5",0,0,"0.0",7,"0101000020E6100000A6EB2EF518E551C0470955C5AF5930C0","{""1"":{},""2"":{},""4"":{},""8"":{}}","2025-06-25 20:44:31.191+00","2025-06-25 20:44:31.191+00","2025-06-25 20:44:31.191+00"
2395,"868018071302858",68,"2025-06-25 20:43:24+00","-16.3503383","-71.5796483",4,0,0,0,"5357.6","223.5",0,0,"0.0",7,"0101000020E6100000A6EB2EF518E551C0470955C5AF5930C0","{""1"":{},""2"":{},""4"":{},""8"":{}}","2025-06-25 20:44:31.193+00","2025-06-25 20:44:31.193+00","2025-06-25 20:44:31.193+00"
2396,"868018071302858",68,"2025-06-25 20:43:34+00","-16.3503383","-71.5796483",5,0,0,0,"5357.6","223.5",0,0,"0.0",7,"0101000020E6100000A6EB2EF518E551C0470955C5AF5930C0","{""1"":{},""2"":{},""4"":{},""8"":{}}","2025-06-25 20:44:31.196+00","2025-06-25 20:44:31.196+00","2025-06-25 20:44:31.196+00"
2397,"868018071302858",68,"2025-06-25 20:43:49+00","-16.3503383","-71.5796483",6,0,0,0,"5357.6","223.5",0,0,"0.0",7,"0101000020E6100000A6EB2EF518E551C0470955C5AF5930C0","{""1"":{},""2"":{},""4"":{},""8"":{}}","2025-06-25 20:44:31.198+00","2025-06-25 20:44:31.198+00","2025-06-25 20:44:31.198+00"
2398,"868018071302858",68,"2025-06-25 20:44:04+00","-16.3503383","-71.5796483",7,0,0,0,"5357.6","223.5",0,0,"0.0",7,"0101000020E6100000A6EB2EF518E551C0470955C5AF5930C0","{""1"":{},""2"":{},""4"":{},""8"":{}}","2025-06-25 20:44:31.201+00","2025-06-25 20:44:31.201+00","2025-06-25 20:44:31.201+00"
2399,"868018071302858",68,"2025-06-25 20:44:19+00","-16.3503383","-71.5796483",8,0,0,0,"5357.6","223.5",0,0,"0.0",7,"0101000020E6100000A6EB2EF518E551C0470955C5AF5930C0","{""1"":{},""2"":{},""4"":{},""8"":{}}","2025-06-25 20:44:31.204+00","2025-06-25 20:44:31.204+00","2025-06-25 20:44:31.204+00"
2400,"868018071302858",68,"2025-06-25 20:44:34+00","-16.3503383","-71.5796483",0,0,0,0,"5357.6","223.5",0,0,"0.0",7,"0101000020E6100000A6EB2EF518E551C0470955C5AF5930C0","{""1"":{},""2"":{},""4"":{},""8"":{}}","2025-06-25 20:44:34.734+00","2025-06-25 20:44:34.734+00","2025-06-25 20:44:34.734+00"
2401,"868018071302858",68,"2025-06-25 20:44:49+00","-16.3503383","-71.5796483",0,0,0,0,"5357.6","223.5",0,0,"0.0",7,"0101000020E6100000A6EB2EF518E551C0470955C5AF5930C0","{""1"":{},""2"":{},""4"":{},""8"":{}}","2025-06-25 20:45:04.161+00","2025-06-25 20:45:04.161+00","2025-06-25 20:45:04.161+00"
2402,"868018071302858",68,"2025-06-25 20:45:04+00","-16.3503383","-71.5796483",0,0,0,0,"5357.6","223.5",0,0,"0.0",7,"0101000020E6100000A6EB2EF518E551C0470955C5AF5930C0","{""1"":{},""2"":{},""4"":{},""8"":{}}","2025-06-25 20:45:04.713+00","2025-06-25 20:45:04.714+00","2025-06-25 20:45:04.714+00"
2403,"868018071302858",68,"2025-06-25 20:45:19+00","-16.3503383","-71.5796483",0,0,0,0,"5357.6","223.5",0,0,"0.0",7,"0101000020E6100000A6EB2EF518E551C0470955C5AF5930C0","{""1"":{},""2"":{},""4"":{},""8"":{}}","2025-06-25 20:45:20.973+00","2025-06-25 20:45:20.973+00","2025-06-25 20:45:20.973+00"
2404,"868018071302858",68,"2025-06-25 20:45:34+00","-16.3503383","-71.5796483",0,0,0,0,"5357.6","223.5",0,0,"0.0",7,"0101000020E6100000A6EB2EF518E551C0470955C5AF5930C0","{""1"":{},""2"":{},""4"":{},""8"":{}}","2025-06-25 20:45:35.333+00","2025-06-25 20:45:35.333+00","2025-06-25 20:45:35.333+00"
2405,"868018071302858",68,"2025-06-25 20:45:49+00","-16.3503383","-71.5796483",0,0,0,0,"5357.6","223.5",0,0,"0.0",7,"0101000020E6100000A6EB2EF518E551C0470955C5AF5930C0","{""1"":{},""2"":{},""4"":{},""8"":{}}","2025-06-25 20:46:22.181+00","2025-06-25 20:46:22.181+00","2025-06-25 20:46:22.181+00"
2406,"868018071302858",68,"2025-06-25 20:46:20+00","-16.3503383","-71.5796483",1,0,0,0,"5357.6","223.5",0,0,"0.0",7,"0101000020E6100000A6EB2EF518E551C0470955C5AF5930C0","{""1"":{},""2"":{},""4"":{},""8"":{}}","2025-06-25 20:46:22.209+00","2025-06-25 20:46:22.209+00","2025-06-25 20:46:22.209+00"
2407,"868018071302858",68,"2025-06-25 20:46:34+00","-16.3503383","-71.5796483",0,0,0,0,"5357.6","223.5",0,0,"0.0",7,"0101000020E6100000A6EB2EF518E551C0470955C5AF5930C0","{""1"":{},""2"":{},""4"":{},""8"":{}}","2025-06-25 20:46:34.732+00","2025-06-25 20:46:34.732+00","2025-06-25 20:46:34.732+00"
2408,"868018071302858",68,"2025-06-25 20:46:49+00","-16.3503383","-71.5796483",0,0,0,0,"5357.6","223.5",0,0,"0.0",7,"0101000020E6100000A6EB2EF518E551C0470955C5AF5930C0","{""1"":{},""2"":{},""4"":{},""8"":{}}","2025-06-25 20:47:03.512+00","2025-06-25 20:47:03.512+00","2025-06-25 20:47:03.512+00"
2409,"868018071302858",68,"2025-06-25 20:47:04+00","-16.3503383","-71.5796483",0,0,0,0,"5357.6","223.5",0,0,"0.0",7,"0101000020E6100000A6EB2EF518E551C0470955C5AF5930C0","{""1"":{},""2"":{},""4"":{},""8"":{}}","2025-06-25 20:47:04.64+00","2025-06-25 20:47:04.64+00","2025-06-25 20:47:04.64+00"
2410,"868018071302858",68,"2025-06-25 20:47:19+00","-16.3503383","-71.5796483",0,0,0,0,"5357.6","223.5",0,0,"0.0",7,"0101000020E6100000A6EB2EF518E551C0470955C5AF5930C0","{""1"":{},""2"":{},""4"":{},""8"":{}}","2025-06-25 20:47:20.332+00","2025-06-25 20:47:20.332+00","2025-06-25 20:47:20.332+00"
2411,"868018071302858",68,"2025-06-25 20:47:34+00","-16.3503383","-71.5796483",0,0,0,0,"5357.6","223.5",0,0,"0.0",7,"0101000020E6100000A6EB2EF518E551C0470955C5AF5930C0","{""1"":{},""2"":{},""4"":{},""8"":{}}","2025-06-25 20:47:35.292+00","2025-06-25 20:47:35.292+00","2025-06-25 20:47:35.292+00"
2412,"868018071302858",68,"2025-06-25 20:47:49+00","-16.3503383","-71.5796483",0,0,0,0,"5357.6","223.5",0,0,"0.0",7,"0101000020E6100000A6EB2EF518E551C0470955C5AF5930C0","{""1"":{},""2"":{},""4"":{},""8"":{}}","2025-06-25 20:48:02.434+00","2025-06-25 20:48:02.436+00","2025-06-25 20:48:02.436+00"
2413,"868018071302858",68,"2025-06-25 20:48:04+00","-16.3503383","-71.5796483",0,0,0,0,"5357.6","223.5",0,0,"0.0",7,"0101000020E6100000A6EB2EF518E551C0470955C5AF5930C0","{""1"":{},""2"":{},""4"":{},""8"":{}}","2025-06-25 20:48:05.292+00","2025-06-25 20:48:05.292+00","2025-06-25 20:48:05.292+00"
2414,"868018071302858",68,"2025-06-25 20:48:19+00","-16.3503383","-71.5796483",0,0,0,0,"5357.6","223.5",0,0,"0.0",7,"0101000020E6100000A6EB2EF518E551C0470955C5AF5930C0","{""1"":{},""2"":{},""4"":{},""8"":{}}","2025-06-25 20:48:34.752+00","2025-06-25 20:48:34.752+00","2025-06-25 20:48:34.752+00"
2415,"868018071302858",68,"2025-06-25 20:48:34+00","-16.3503383","-71.5796483",0,0,0,0,"5357.6","223.5",0,0,"0.0",7,"0101000020E6100000A6EB2EF518E551C0470955C5AF5930C0","{""1"":{},""2"":{},""4"":{},""8"":{}}","2025-06-25 20:48:35.172+00","2025-06-25 20:48:35.172+00","2025-06-25 20:48:35.172+00"
2416,"868018071302858",68,"2025-06-25 20:48:49+00","-16.3503383","-71.5796483",0,0,0,0,"5357.6","223.5",0,0,"0.0",7,"0101000020E6100000A6EB2EF518E551C0470955C5AF5930C0","{""1"":{},""2"":{},""4"":{},""8"":{}}","2025-06-25 20:48:51.614+00","2025-06-25 20:48:51.614+00","2025-06-25 20:48:51.614+00"
2417,"868018071302858",68,"2025-06-25 20:49:04+00","-16.3503383","-71.5796483",0,0,0,0,"5357.6","223.5",0,0,"0.0",7,"0101000020E6100000A6EB2EF518E551C0470955C5AF5930C0","{""1"":{},""2"":{},""4"":{},""8"":{}}","2025-06-25 20:49:07.632+00","2025-06-25 20:49:07.632+00","2025-06-25 20:49:07.632+00"
2418,"868018071302858",68,"2025-06-25 20:49:29+00","-16.3503383","-71.5796483",0,0,0,0,"5357.6","223.5",0,0,"0.0",7,"0101000020E6100000A6EB2EF518E551C0470955C5AF5930C0","{""1"":{},""2"":{},""4"":{},""8"":{}}","2025-06-25 20:49:43.181+00","2025-06-25 20:49:43.181+00","2025-06-25 20:49:43.181+00"
2419,"868018071302858",68,"2025-06-25 20:49:34+00","-16.3503383","-71.5796483",1,0,0,0,"5357.6","223.5",0,0,"0.0",7,"0101000020E6100000A6EB2EF518E551C0470955C5AF5930C0","{""1"":{},""2"":{},""4"":{},""8"":{}}","2025-06-25 20:49:43.209+00","2025-06-25 20:49:43.209+00","2025-06-25 20:49:43.209+00"
2420,"868018071302858",68,"2025-06-25 20:49:49+00","-16.3503383","-71.5796483",0,0,0,0,"5357.6","223.5",0,0,"0.0",7,"0101000020E6100000A6EB2EF518E551C0470955C5AF5930C0","{""1"":{},""2"":{},""4"":{},""8"":{}}","2025-06-25 20:49:50.332+00","2025-06-25 20:49:50.332+00","2025-06-25 20:49:50.332+00"
2421,"868018071302858",68,"2025-06-25 20:50:04+00","-16.3503383","-71.5796483",0,0,0,0,"5357.6","223.5",0,0,"0.0",7,"0101000020E6100000A6EB2EF518E551C0470955C5AF5930C0","{""1"":{},""2"":{},""4"":{},""8"":{}}","2025-06-25 20:50:16.062+00","2025-06-25 20:50:16.062+00","2025-06-25 20:50:16.062+00"
2422,"868018071302858",68,"2025-06-25 20:50:19+00","-16.3503383","-71.5796483",0,0,0,0,"5357.6","223.5",0,0,"0.0",7,"0101000020E6100000A6EB2EF518E551C0470955C5AF5930C0","{""1"":{},""2"":{},""4"":{},""8"":{}}","2025-06-25 20:50:20.352+00","2025-06-25 20:50:20.352+00","2025-06-25 20:50:20.352+00"
2423,"868018071302858",68,"2025-06-25 20:50:34+00","-16.3503383","-71.5796483",0,0,0,0,"5357.6","223.5",0,0,"0.0",7,"0101000020E6100000A6EB2EF518E551C0470955C5AF5930C0","{""1"":{},""2"":{},""4"":{},""8"":{}}","2025-06-25 20:50:50.35+00","2025-06-25 20:50:50.35+00","2025-06-25 20:50:50.35+00"
2424,"868018071302858",68,"2025-06-25 20:50:49+00","-16.3503383","-71.5796483",1,0,0,0,"5357.6","223.5",0,0,"0.0",7,"0101000020E6100000A6EB2EF518E551C0470955C5AF5930C0","{""1"":{},""2"":{},""4"":{},""8"":{}}","2025-06-25 20:50:50.378+00","2025-06-25 20:50:50.378+00","2025-06-25 20:50:50.378+00"
2425,"868018071302858",68,"2025-06-25 20:51:04+00","-16.3503383","-71.5796483",0,0,0,0,"5357.6","223.5",0,0,"0.0",7,"0101000020E6100000A6EB2EF518E551C0470955C5AF5930C0","{""1"":{},""2"":{},""4"":{},""8"":{}}","2025-06-25 20:51:06.152+00","2025-06-25 20:51:06.152+00","2025-06-25 20:51:06.152+00"
2426,"868018071302858",68,"2025-06-25 20:51:19+00","-16.3503383","-71.5796483",0,0,0,0,"5357.6","223.5",0,0,"0.0",7,"0101000020E6100000A6EB2EF518E551C0470955C5AF5930C0","{""1"":{},""2"":{},""4"":{},""8"":{}}","2025-06-25 20:51:22.312+00","2025-06-25 20:51:22.312+00","2025-06-25 20:51:22.312+00"
2427,"868018071302858",68,"2025-06-25 20:51:34+00","-16.3503383","-71.5796483",0,0,0,0,"5357.6","223.5",0,0,"0.0",7,"0101000020E6100000A6EB2EF518E551C0470955C5AF5930C0","{""1"":{},""2"":{},""4"":{},""8"":{}}","2025-06-25 20:51:34.772+00","2025-06-25 20:51:34.772+00","2025-06-25 20:51:34.772+00"
2428,"868018071302858",68,"2025-06-25 20:51:49+00","-16.3503383","-71.5796483",0,0,0,0,"5357.6","223.5",0,0,"0.0",7,"0101000020E6100000A6EB2EF518E551C0470955C5AF5930C0","{""1"":{},""2"":{},""4"":{},""8"":{}}","2025-06-25 20:52:02.496+00","2025-06-25 20:52:02.496+00","2025-06-25 20:52:02.496+00"
2429,"868018071302858",68,"2025-06-25 20:52:04+00","-16.3503383","-71.5796483",0,0,0,0,"5357.6","223.5",0,0,"0.0",7,"0101000020E6100000A6EB2EF518E551C0470955C5AF5930C0","{""1"":{},""2"":{},""4"":{},""8"":{}}","2025-06-25 20:52:04.792+00","2025-06-25 20:52:04.792+00","2025-06-25 20:52:04.792+00"
2430,"868018071302858",68,"2025-06-25 20:52:14+00","-16.3503383","-71.5796483",0,0,0,1,"5357.6","223.5",0,0,"0.0",409,"0101000020E6100000A6EB2EF518E551C0470955C5AF5930C0","{""1"":{""409"":0},""2"":{},""4"":{},""8"":{}}","2025-06-25 20:52:14.932+00","2025-06-25 20:52:14.932+00","2025-06-25 20:52:14.932+00"
2431,"868018071302858",68,"2025-06-25 21:25:23+00","-16.3323733","-71.5804150",0,0,0,0,"2572.4","302.5",5,0,"0.1",7,"0101000020E6100000E7C6F48425E551C04890A56A165530C0","{""1"":{},""2"":{},""4"":{},""8"":{}}","2025-06-25 21:25:26.981+00","2025-06-25 21:25:26.981+00","2025-06-25 21:25:26.981+00"
2432,"868018071302858",68,"2025-06-25 21:25:38+00","-16.3323816","-71.5803683",0,0,0,0,"2575.2","268.1",5,0,"0.1",7,"0101000020E6100000A60815C124E551C0CBCAE5F5165530C0","{""1"":{},""2"":{},""4"":{},""8"":{}}","2025-06-25 21:25:44.8+00","2025-06-25 21:25:44.8+00","2025-06-25 21:25:44.8+00"
2433,"868018071302858",68,"2025-06-25 21:25:53+00","-16.3323850","-71.5803666",0,0,0,0,"2575.4","18.2",5,0,"0.1",7,"0101000020E610000035ACF3B924E551C053AEF02E175530C0","{""1"":{},""2"":{},""4"":{},""8"":{}}","2025-06-25 21:26:00.862+00","2025-06-25 21:26:00.862+00","2025-06-25 21:26:00.862+00"
2434,"868018071302858",68,"2025-06-25 21:26:08+00","-16.3323850","-71.5803766",0,0,0,0,"2577.4","276.3",5,0,"0.1",7,"0101000020E61000004617E5E324E551C053AEF02E175530C0","{""1"":{},""2"":{},""4"":{},""8"":{}}","2025-06-25 21:26:16.882+00","2025-06-25 21:26:16.882+00","2025-06-25 21:26:16.882+00"
2435,"868018071302858",68,"2025-06-25 21:26:23+00","-16.3323983","-71.5803950",0,0,0,0,"2579.1","64.8",5,0,"0.1",7,"0101000020E6100000C3F0113125E551C0FABE130E185530C0","{""1"":{},""2"":{},""4"":{},""8"":{}}","2025-06-25 21:26:23.502+00","2025-06-25 21:26:23.502+00","2025-06-25 21:26:23.502+00"
2436,"868018071302858",68,"2025-06-25 21:26:38+00","-16.3324300","-71.5804250",0,0,0,0,"2580.2","234.3",5,0,"0.1",7,"0101000020E6100000F931E6AE25E551C09335EA211A5530C0","{""1"":{},""2"":{},""4"":{},""8"":{}}","2025-06-25 21:26:50.202+00","2025-06-25 21:26:50.202+00","2025-06-25 21:26:50.202+00"
2437,"868018071302858",68,"2025-06-25 21:26:53+00","-16.3324416","-71.5804216",0,0,0,0,"2582.0","112.2",5,1,"0.1",7,"0101000020E61000001679A3A025E551C075D487E41A5530C0","{""1"":{},""2"":{},""4"":{},""8"":{}}","2025-06-25 21:26:54.321+00","2025-06-25 21:26:54.321+00","2025-06-25 21:26:54.321+00"
2438,"868018071302858",68,"2025-06-25 21:27:08+00","-16.3324416","-71.5804250",0,0,0,0,"2581.9","352.9",5,0,"0.1",7,"0101000020E6100000F931E6AE25E551C075D487E41A5530C0","{""1"":{},""2"":{},""4"":{},""8"":{}}","2025-06-25 21:27:22.202+00","2025-06-25 21:27:22.203+00","2025-06-25 21:27:22.203+00"
2439,"868018071302858",68,"2025-06-25 21:27:23+00","-16.3324450","-71.5804233",0,0,0,0,"2580.7","271.2",5,0,"0.1",7,"0101000020E610000088D5C4A725E551C0FEB7921D1B5530C0","{""1"":{},""2"":{},""4"":{},""8"":{}}","2025-06-25 21:27:24.331+00","2025-06-25 21:27:24.331+00","2025-06-25 21:27:24.331+00"
2440,"868018071302858",68,"2025-06-25 21:27:38+00","-16.3324550","-71.5804266",0,0,0,0,"2579.8","179.8",5,0,"0.1",7,"0101000020E61000009F2E9CB525E551C0456458C51B5530C0","{""1"":{},""2"":{},""4"":{},""8"":{}}","2025-06-25 21:27:54.839+00","2025-06-25 21:27:54.84+00","2025-06-25 21:27:54.84+00"
2441,"868018071302858",68,"2025-06-25 21:27:53+00","-16.3324450","-71.5804283",1,0,0,0,"2578.5","275.6",5,0,"0.1",7,"0101000020E6100000108BBDBC25E551C0FEB7921D1B5530C0","{""1"":{},""2"":{},""4"":{},""8"":{}}","2025-06-25 21:27:54.866+00","2025-06-25 21:27:54.867+00","2025-06-25 21:27:54.867+00"
2442,"868018071302858",68,"2025-06-25 21:28:08+00","-16.3324500","-71.5804450",0,0,0,0,"2578.2","247.9",5,0,"0.1",7,"0101000020E61000001C08C90226E551C0228E75711B5530C0","{""1"":{},""2"":{},""4"":{},""8"":{}}","2025-06-25 21:28:11.4+00","2025-06-25 21:28:11.4+00","2025-06-25 21:28:11.4+00"
2443,"868018071302858",68,"2025-06-25 21:28:23+00","-16.3324433","-71.5804466",0,0,0,0,"2576.4","32.5",5,0,"0.1",7,"0101000020E6100000C3047F0926E551C03A460D011B5530C0","{""1"":{},""2"":{},""4"":{},""8"":{}}","2025-06-25 21:28:27.42+00","2025-06-25 21:28:27.42+00","2025-06-25 21:28:27.42+00"
2444,"868018071302858",68,"2025-06-25 21:28:38+00","-16.3324533","-71.5804400",0,0,0,0,"2574.3","216.7",5,2,"0.1",7,"0101000020E61000009352D0ED25E551C081F2D2A81B5530C0","{""1"":{},""2"":{},""4"":{},""8"":{}}","2025-06-25 21:28:44.22+00","2025-06-25 21:28:44.22+00","2025-06-25 21:28:44.22+00"
2445,"868018071302858",68,"2025-06-25 21:28:53+00","-16.3324316","-71.5804150",0,0,0,0,"2573.2","325.4",5,1,"0.1",7,"0101000020E6100000E7C6F48425E551C02E28C23C1A5530C0","{""1"":{},""2"":{},""4"":{},""8"":{}}","2025-06-25 21:29:00.407+00","2025-06-25 21:29:00.407+00","2025-06-25 21:29:00.407+00"
2446,"868018071302858",68,"2025-06-25 21:28:55+00","-16.3324266","-71.5804016",1,0,0,0,"2573.5","53.4",5,7,"0.1",9,"0101000020E6100000F3A2C04C25E551C00B52DFE8195530C0","{""1"":{},""2"":{},""4"":{},""8"":{}}","2025-06-25 21:29:00.435+00","2025-06-25 21:29:00.435+00","2025-06-25 21:29:00.435+00"
2447,"868018071302858",68,"2025-06-25 21:29:10+00","-16.3324216","-71.5804083",0,0,0,0,"2572.4","265.5",5,0,"0.1",7,"0101000020E6100000EDB4DA6825E551C0E77BFC94195530C0","{""1"":{},""2"":{},""4"":{},""8"":{}}","2025-06-25 21:29:16.599+00","2025-06-25 21:29:16.599+00","2025-06-25 21:29:16.599+00"
2448,"868018071302858",68,"2025-06-25 21:29:25+00","-16.3324000","-71.5804116",0,0,0,0,"2573.6","23.5",5,0,"0.1",7,"0101000020E6100000050EB27625E551C0BE30992A185530C0","{""1"":{},""2"":{},""4"":{},""8"":{}}","2025-06-25 21:29:33.319+00","2025-06-25 21:29:33.319+00","2025-06-25 21:29:33.319+00"
2449,"868018071302858",68,"2025-06-25 21:29:40+00","-16.3323833","-71.5803900",0,0,0,0,"2575.5","53.3",5,2,"0.1",7,"0101000020E61000003A3B191C25E551C08F3C6B12175530C0","{""1"":{},""2"":{},""4"":{},""8"":{}}","2025-06-25 21:29:49.408+00","2025-06-25 21:29:49.409+00","2025-06-25 21:29:49.409+00"
2450,"868018071302858",68,"2025-06-25 21:29:43+00","-16.3323916","-71.5804000",1,0,0,0,"2575.0","191.4",5,0,"0.1",9,"0101000020E61000004CA60A4625E551C01277AB9D175530C0","{""1"":{},""2"":{},""4"":{},""8"":{}}","2025-06-25 21:29:49.438+00","2025-06-25 21:29:49.438+00","2025-06-25 21:29:49.438+00"
2451,"868018071302858",68,"2025-06-25 21:29:57+00","-16.3323900","-71.5804000",0,0,0,0,"2575.5","202.1",5,1,"0.1",7,"0101000020E61000004CA60A4625E551C07784D382175530C0","{""1"":{},""2"":{},""4"":{},""8"":{}}","2025-06-25 21:30:05.56+00","2025-06-25 21:30:05.56+00","2025-06-25 21:30:05.56+00"
2452,"868018071302858",68,"2025-06-25 21:30:12+00","-16.3323700","-71.5803766",0,0,0,0,"2573.8","47.3",5,6,"0.1",7,"0101000020E61000004617E5E324E551C0E92B4833165530C0","{""1"":{},""2"":{},""4"":{},""8"":{}}","2025-06-25 21:30:21.429+00","2025-06-25 21:30:21.429+00","2025-06-25 21:30:21.429+00"
2453,"868018071302858",68,"2025-06-25 21:30:15+00","-16.3323666","-71.5803700",1,0,0,0,"2573.8","234.0",5,6,"0.1",9,"0101000020E6100000176536C824E551C060483DFA155530C0","{""1"":{},""2"":{},""4"":{},""8"":{}}","2025-06-25 21:30:21.458+00","2025-06-25 21:30:21.458+00","2025-06-25 21:30:21.458+00"
2454,"868018071302858",68,"2025-06-25 21:30:30+00","-16.3323283","-71.5802916",0,0,0,0,"2575.3","77.1",7,1,"1.3",7,"0101000020E61000002F09617F23E551C00809AC77135530C0","{""1"":{},""2"":{},""4"":{},""8"":{}}","2025-06-25 21:30:37.44+00","2025-06-25 21:30:37.44+00","2025-06-25 21:30:37.44+00"
2455,"868018071302858",68,"2025-06-25 21:30:45+00","-16.3323550","-71.5802766",0,0,0,0,"2576.3","138.8",8,1,"1.1",7,"0101000020E610000095E8764023E551C07EA99F37155530C0","{""1"":{},""2"":{},""4"":{},""8"":{}}","2025-06-25 21:30:53.508+00","2025-06-25 21:30:53.508+00","2025-06-25 21:30:53.508+00"
2456,"868018071302858",68,"2025-06-25 21:31:00+00","-16.3323483","-71.5802700",0,0,0,0,"2577.5","98.7",8,0,"1.1",7,"0101000020E61000006536C82423E551C0966137C7145530C0","{""1"":{},""2"":{},""4"":{},""8"":{}}","2025-06-25 21:31:00.859+00","2025-06-25 21:31:00.859+00","2025-06-25 21:31:00.859+00"
2457,"868018071302858",68,"2025-06-25 21:31:15+00","-16.3323616","-71.5802866",0,0,0,0,"2577.7","127.2",8,0,"1.1",7,"0101000020E6100000A653686A23E551C03C725AA6155530C0","{""1"":{},""2"":{},""4"":{},""8"":{}}","2025-06-25 21:31:26.72+00","2025-06-25 21:31:26.72+00","2025-06-25 21:31:26.72+00"
2458,"868018071302858",68,"2025-06-25 21:31:30+00","-16.3323550","-71.5802783",0,0,0,0,"2577.3","61.9",8,1,"1.1",7,"0101000020E61000000645984723E551C07EA99F37155530C0","{""1"":{},""2"":{},""4"":{},""8"":{}}","2025-06-25 21:31:30.882+00","2025-06-25 21:31:30.882+00","2025-06-25 21:31:30.882+00"
2459,"868018071302858",68,"2025-06-25 21:31:45+00","-16.3323566","-71.5802900",0,0,0,0,"2577.0","329.9",9,0,"1.1",7,"0101000020E6100000890CAB7823E551C0199C7752155530C0","{""1"":{},""2"":{},""4"":{},""8"":{}}","2025-06-25 21:32:00.84+00","2025-06-25 21:32:00.84+00","2025-06-25 21:32:00.84+00"
2460,"868018071302858",68,"2025-06-25 21:32:01+00","-16.3323250","-71.5802900",0,0,0,0,"2575.2","339.5",9,1,"1.1",7,"0101000020E6100000890CAB7823E551C0A9A44E40135530C0","{""1"":{},""2"":{},""4"":{},""8"":{}}","2025-06-25 21:32:01.52+00","2025-06-25 21:32:01.52+00","2025-06-25 21:32:01.52+00"
2461,"868018071302858",68,"2025-06-25 21:32:15+00","-16.3323216","-71.5802950",0,0,0,0,"2574.6","45.9",9,0,"1.1",7,"0101000020E610000012C2A38D23E551C020C14307135530C0","{""1"":{},""2"":{},""4"":{},""8"":{}}","2025-06-25 21:32:17.86+00","2025-06-25 21:32:17.86+00","2025-06-25 21:32:17.86+00"
2462,"868018071302858",68,"2025-06-25 21:32:22+00","-16.3323300","-71.5802916",0,0,0,0,"2576.3","66.8",9,5,"1.1",9,"0101000020E61000002F09617F23E551C0CC7A3194135530C0","{""1"":{},""2"":{},""4"":{},""8"":{}}","2025-06-25 21:32:22.519+00","2025-06-25 21:32:22.519+00","2025-06-25 21:32:22.519+00"
2463,"868018071302858",68,"2025-06-25 21:32:37+00","-16.3323283","-71.5802866",0,0,0,0,"2575.0","356.0",9,0,"1.1",7,"0101000020E6100000A653686A23E551C00809AC77135530C0","{""1"":{},""2"":{},""4"":{},""8"":{}}","2025-06-25 21:32:52.179+00","2025-06-25 21:32:52.179+00","2025-06-25 21:32:52.179+00"
2464,"868018071302858",68,"2025-06-25 21:32:52+00","-16.3323500","-71.5802950",0,0,0,0,"2574.0","173.4",10,1,"0.9",7,"0101000020E610000012C2A38D23E551C05BD3BCE3145530C0","{""1"":{},""2"":{},""4"":{},""8"":{}}","2025-06-25 21:32:53.041+00","2025-06-25 21:32:53.041+00","2025-06-25 21:32:53.041+00"
2465,"868018071302858",68,"2025-06-25 21:33:07+00","-16.3323550","-71.5803116",0,0,0,0,"2573.4","167.2",10,0,"1.1",7,"0101000020E610000053DF43D323E551C07EA99F37155530C0","{""1"":{},""2"":{},""4"":{},""8"":{}}","2025-06-25 21:33:24.247+00","2025-06-25 21:33:24.247+00","2025-06-25 21:33:24.247+00"
2466,"868018071302858",68,"2025-06-25 21:33:22+00","-16.3323483","-71.5803100",1,0,0,0,"2574.7","151.2",10,1,"0.9",7,"0101000020E6100000ACE28DCC23E551C0966137C7145530C0","{""1"":{},""2"":{},""4"":{},""8"":{}}","2025-06-25 21:33:24.275+00","2025-06-25 21:33:24.275+00","2025-06-25 21:33:24.275+00"
2467,"868018071302858",68,"2025-06-25 21:33:37+00","-16.3323233","-71.5803200",0,0,0,0,"2572.4","235.2",10,1,"0.9",7,"0101000020E6100000BE4D7FF623E551C0E432C923135530C0","{""1"":{},""2"":{},""4"":{},""8"":{}}","2025-06-25 21:33:40.18+00","2025-06-25 21:33:40.18+00","2025-06-25 21:33:40.18+00"
2468,"868018071302858",68,"2025-06-25 21:33:52+00","-16.3323383","-71.5803350",0,0,0,0,"2572.1","29.3",9,0,"1.0",7,"0101000020E6100000596E693524E551C04FB5711F145530C0","{""1"":{},""2"":{},""4"":{},""8"":{}}","2025-06-25 21:33:56.419+00","2025-06-25 21:33:56.419+00","2025-06-25 21:33:56.419+00"
2469,"868018071302858",68,"2025-06-25 21:34:07+00","-16.3323600","-71.5803216",0,0,0,0,"2572.1","172.2",9,0,"1.1",7,"0101000020E6100000654A35FD23E551C0A27F828B155530C0","{""1"":{},""2"":{},""4"":{},""8"":{}}","2025-06-25 21:34:12.256+00","2025-06-25 21:34:12.256+00","2025-06-25 21:34:12.256+00"
2470,"868018071302858",68,"2025-06-25 21:34:22+00","-16.3323566","-71.5802950",0,0,0,0,"2571.4","114.2",10,0,"1.0",7,"0101000020E610000012C2A38D23E551C0199C7752155530C0","{""1"":{},""2"":{},""4"":{},""8"":{}}","2025-06-25 21:34:28.276+00","2025-06-25 21:34:28.276+00","2025-06-25 21:34:28.276+00"
2471,"868018071302858",68,"2025-06-25 21:34:37+00","-16.3323450","-71.5802866",0,0,0,0,"2571.8","118.9",10,1,"1.0",7,"0101000020E6100000A653686A23E551C037FDD98F145530C0","{""1"":{},""2"":{},""4"":{},""8"":{}}","2025-06-25 21:34:44.356+00","2025-06-25 21:34:44.357+00","2025-06-25 21:34:44.357+00"
2472,"868018071302858",68,"2025-06-25 21:34:45+00","-16.3323366","-71.5803016",0,0,0,0,"2571.5","215.4",10,5,"1.0",9,"0101000020E6100000417452A923E551C08B43EC02145530C0","{""1"":{},""2"":{},""4"":{},""8"":{}}","2025-06-25 21:34:46.116+00","2025-06-25 21:34:46.116+00","2025-06-25 21:34:46.116+00"
2473,"868018071302858",68,"2025-06-25 21:35:00+00","-16.3323283","-71.5803200",0,0,0,0,"2573.8","107.1",9,0,"1.1",7,"0101000020E6100000BE4D7FF623E551C00809AC77135530C0","{""1"":{},""2"":{},""4"":{},""8"":{}}","2025-06-25 21:35:01.585+00","2025-06-25 21:35:01.585+00","2025-06-25 21:35:01.585+00"
2474,"868018071302858",68,"2025-06-25 21:35:15+00","-16.3323200","-71.5802950",0,0,0,0,"2572.8","65.8",10,7,"0.9",7,"0101000020E610000012C2A38D23E551C085CE6BEC125530C0","{""1"":{},""2"":{},""4"":{},""8"":{}}","2025-06-25 21:35:17.782+00","2025-06-25 21:35:17.782+00","2025-06-25 21:35:17.782+00"
2475,"868018071302858",68,"2025-06-25 21:35:19+00","-16.3322750","-71.5802066",0,0,0,0,"2572.9","63.2",0,0,"0.0",8,"0101000020E610000018FBDC1A22E551C0454772F90F5530C0","{""1"":{},""2"":{},""4"":{},""8"":{}}","2025-06-25 21:35:19.98+00","2025-06-25 21:35:19.98+00","2025-06-25 21:35:19.98+00"
2476,"868018071302858",68,"2025-06-25 21:35:34+00","-16.3322750","-71.5802066",0,0,0,0,"2572.9","63.2",0,0,"0.0",7,"0101000020E610000018FBDC1A22E551C0454772F90F5530C0","{""1"":{},""2"":{},""4"":{},""8"":{}}","2025-06-25 21:35:35.46+00","2025-06-25 21:35:35.46+00","2025-06-25 21:35:35.46+00"
2477,"868018071302858",68,"2025-06-25 21:35:49+00","-16.3322750","-71.5802066",0,0,0,0,"2572.9","63.2",0,0,"0.0",7,"0101000020E610000018FBDC1A22E551C0454772F90F5530C0","{""1"":{},""2"":{},""4"":{},""8"":{}}","2025-06-25 21:35:51.521+00","2025-06-25 21:35:51.521+00","2025-06-25 21:35:51.521+00"
2478,"868018071302858",68,"2025-06-25 21:36:04+00","-16.3322750","-71.5802066",0,0,0,0,"2572.9","63.2",0,0,"0.0",7,"0101000020E610000018FBDC1A22E551C0454772F90F5530C0","{""1"":{},""2"":{},""4"":{},""8"":{}}","2025-06-25 21:36:07.68+00","2025-06-25 21:36:07.68+00","2025-06-25 21:36:07.68+00"
2479,"868018071302858",68,"2025-06-25 21:36:22+00","-16.3322750","-71.5802066",0,0,0,0,"2572.9","63.2",0,0,"0.0",7,"0101000020E610000018FBDC1A22E551C0454772F90F5530C0","{""1"":{},""2"":{},""4"":{},""8"":{}}","2025-06-25 21:36:23.56+00","2025-06-25 21:36:23.56+00","2025-06-25 21:36:23.56+00"
2480,"868018071302858",68,"2025-06-25 21:36:34+00","-16.3322750","-71.5802066",0,0,0,0,"2572.9","63.2",0,0,"0.0",7,"0101000020E610000018FBDC1A22E551C0454772F90F5530C0","{""1"":{},""2"":{},""4"":{},""8"":{}}","2025-06-25 21:36:39.582+00","2025-06-25 21:36:39.582+00","2025-06-25 21:36:39.582+00"
2481,"868018071302858",68,"2025-06-25 21:36:49+00","-16.3322750","-71.5802066",0,0,0,0,"2572.9","63.2",0,0,"0.0",7,"0101000020E610000018FBDC1A22E551C0454772F90F5530C0","{""1"":{},""2"":{},""4"":{},""8"":{}}","2025-06-25 21:36:55.678+00","2025-06-25 21:36:55.678+00","2025-06-25 21:36:55.678+00"
2482,"868018071302858",68,"2025-06-25 21:37:16+00","-16.3322750","-71.5802066",0,0,0,0,"2572.9","63.2",0,0,"0.0",7,"0101000020E610000018FBDC1A22E551C0454772F90F5530C0","{""1"":{},""2"":{},""4"":{},""8"":{}}","2025-06-25 21:37:31.284+00","2025-06-25 21:37:31.284+00","2025-06-25 21:37:31.284+00"
2483,"868018071302858",68,"2025-06-25 21:37:19+00","-16.3322750","-71.5802066",1,0,0,0,"2572.9","63.2",0,0,"0.0",7,"0101000020E610000018FBDC1A22E551C0454772F90F5530C0","{""1"":{},""2"":{},""4"":{},""8"":{}}","2025-06-25 21:37:31.313+00","2025-06-25 21:37:31.313+00","2025-06-25 21:37:31.313+00"
2484,"868018071302858",68,"2025-06-25 21:37:34+00","-16.3322750","-71.5802066",0,0,0,0,"2572.9","63.2",0,0,"0.0",7,"0101000020E610000018FBDC1A22E551C0454772F90F5530C0","{""1"":{},""2"":{},""4"":{},""8"":{}}","2025-06-25 21:37:34.623+00","2025-06-25 21:37:34.623+00","2025-06-25 21:37:34.623+00"
2485,"868018071302858",68,"2025-06-25 21:37:49+00","-16.3322750","-71.5802066",0,0,0,0,"2572.9","63.2",0,0,"0.0",7,"0101000020E610000018FBDC1A22E551C0454772F90F5530C0","{""1"":{},""2"":{},""4"":{},""8"":{}}","2025-06-25 21:38:53.007+00","2025-06-25 21:38:53.007+00","2025-06-25 21:38:53.007+00"
2486,"868018071302858",68,"2025-06-25 21:40:48+00","-16.3325083","-71.5804066",0,0,0,0,"2576.9","127.7",5,0,"0.1",7,"0101000020E61000007C58B96125E551C0082692431F5530C0","{""1"":{},""2"":{},""4"":{},""8"":{}}","2025-06-25 21:41:01.949+00","2025-06-25 21:41:01.949+00","2025-06-25 21:41:01.949+00"
2487,"868018071302858",68,"2025-06-25 21:41:03+00","-16.3324816","-71.5803983",0,0,0,0,"2574.8","287.5",6,0,"1.4",7,"0101000020E6100000DB49E93E25E551C092859E831D5530C0","{""1"":{},""2"":{},""4"":{},""8"":{}}","2025-06-25 21:41:03.487+00","2025-06-25 21:41:03.487+00","2025-06-25 21:41:03.487+00"
2488,"868018071302858",68,"2025-06-25 21:41:19+00","-16.3324500","-71.5803250",0,0,0,0,"2574.2","319.5",6,0,"1.4",7,"0101000020E61000004703780B24E551C0228E75711B5530C0","{""1"":{},""2"":{},""4"":{},""8"":{}}","2025-06-25 21:41:36.375+00","2025-06-25 21:41:36.375+00","2025-06-25 21:41:36.375+00"
2489,"868018071302858",68,"2025-06-25 21:41:31+00","-16.3324033","-71.5802733",1,0,0,0,"2572.8","145.9",6,0,"1.4",8,"0101000020E61000007D8F9F3223E551C01D95F661185530C0","{""1"":{},""2"":{},""4"":{},""8"":{}}","2025-06-25 21:41:36.404+00","2025-06-25 21:41:36.404+00","2025-06-25 21:41:36.404+00"
2490,"868018071302858",68,"2025-06-25 21:41:46+00","-16.3323950","-71.5802700",0,0,0,0,"2572.6","307.7",6,0,"1.4",7,"0101000020E61000006536C82423E551C09B5AB6D6175530C0","{""1"":{},""2"":{},""4"":{},""8"":{}}","2025-06-25 21:41:52.366+00","2025-06-25 21:41:52.366+00","2025-06-25 21:41:52.366+00"
2491,"868018071302858",68,"2025-06-25 21:42:01+00","-16.3323916","-71.5802666",0,0,0,0,"2572.5","349.4",6,0,"1.4",7,"0101000020E6100000837D851623E551C01277AB9D175530C0","{""1"":{},""2"":{},""4"":{},""8"":{}}","2025-06-25 21:42:08.544+00","2025-06-25 21:42:08.544+00","2025-06-25 21:42:08.544+00"
2492,"868018071302858",68,"2025-06-25 21:42:16+00","-16.3324083","-71.5802666",0,0,0,0,"2572.9","291.2",7,0,"1.0",7,"0101000020E6100000837D851623E551C0416BD9B5185530C0","{""1"":{},""2"":{},""4"":{},""8"":{}}","2025-06-25 21:42:24.483+00","2025-06-25 21:42:24.483+00","2025-06-25 21:42:24.483+00"
2493,"868018071302858",68,"2025-06-25 21:42:31+00","-16.3324450","-71.5802883",0,0,0,0,"2574.2","255.7",7,1,"1.0",7,"0101000020E610000018B0897123E551C0FEB7921D1B5530C0","{""1"":{},""2"":{},""4"":{},""8"":{}}","2025-06-25 21:42:40.504+00","2025-06-25 21:42:40.504+00","2025-06-25 21:42:40.504+00"
2494,"868018071302858",68,"2025-06-25 21:42:46+00","-16.3324650","-71.5803100",0,0,0,0,"2575.3","252.4",7,0,"1.0",7,"0101000020E6100000ACE28DCC23E551C08C101E6D1C5530C0","{""1"":{},""2"":{},""4"":{},""8"":{}}","2025-06-25 21:42:46.922+00","2025-06-25 21:42:46.922+00","2025-06-25 21:42:46.922+00"
2495,"868018071302858",68,"2025-06-25 21:42:51+00","-16.3324683","-71.5803283",0,0,0,0,"2575.4","247.6",6,3,"2.0",9,"0101000020E61000005F5C4F1924E551C0EB747BA41C5530C0","{""1"":{},""2"":{},""4"":{},""8"":{}}","2025-06-25 21:42:51.943+00","2025-06-25 21:42:51.943+00","2025-06-25 21:42:51.943+00"
2496,"868018071302858",68,"2025-06-25 21:43:06+00","-16.3324633","-71.5803666",0,0,0,0,"2573.7","55.9",7,1,"1.0",7,"0101000020E610000035ACF3B924E551C0C89E98501C5530C0","{""1"":{},""2"":{},""4"":{},""8"":{}}","2025-06-25 21:43:14.767+00","2025-06-25 21:43:14.768+00","2025-06-25 21:43:14.768+00"
2497,"868018071302858",68,"2025-06-25 21:43:21+00","-16.3324733","-71.5803600",0,0,0,0,"2572.1","111.6",6,1,"2.0",7,"0101000020E610000005FA449E24E551C00F4B5EF81C5530C0","{""1"":{},""2"":{},""4"":{},""8"":{}}","2025-06-25 21:43:30.823+00","2025-06-25 21:43:30.823+00","2025-06-25 21:43:30.823+00"
2498,"868018071302858",68,"2025-06-25 21:43:36+00","-16.3324766","-71.5803433",0,0,0,0,"2570.5","274.1",7,0,"1.0",7,"0101000020E6100000F97C395824E551C06EAFBB2F1D5530C0","{""1"":{},""2"":{},""4"":{},""8"":{}}","2025-06-25 21:43:37.202+00","2025-06-25 21:43:37.202+00","2025-06-25 21:43:37.202+00"
2499,"868018071302858",68,"2025-06-25 21:43:42+00","-16.3324816","-71.5803483",0,0,0,0,"2570.9","204.4",7,5,"1.0",9,"0101000020E61000008232326D24E551C092859E831D5530C0","{""1"":{},""2"":{},""4"":{},""8"":{}}","2025-06-25 21:43:43.202+00","2025-06-25 21:43:43.202+00","2025-06-25 21:43:43.202+00"
2500,"868018071302858",68,"2025-06-25 21:43:57+00","-16.3324516","-71.5803450",0,0,0,0,"2572.6","209.4",7,2,"1.0",7,"0101000020E61000006AD95A5F24E551C0BC804D8C1B5530C0","{""1"":{},""2"":{},""4"":{},""8"":{}}","2025-06-25 21:44:04.928+00","2025-06-25 21:44:04.928+00","2025-06-25 21:44:04.928+00"
2501,"868018071302858",68,"2025-06-25 21:43:59+00","-16.3324683","-71.5803166",1,0,0,0,"2573.1","131.3",7,7,"1.0",9,"0101000020E6100000DC943CE823E551C0EB747BA41C5530C0","{""1"":{},""2"":{},""4"":{},""8"":{}}","2025-06-25 21:44:04.956+00","2025-06-25 21:44:04.956+00","2025-06-25 21:44:04.956+00"
2502,"868018071302858",68,"2025-06-25 21:44:00+00","-16.3324850","-71.5803150",2,0,0,0,"2573.4","168.7",6,5,"1.1",9,"0101000020E6100000359886E123E551C01A69A9BC1D5530C0","{""1"":{},""2"":{},""4"":{},""8"":{}}","2025-06-25 21:44:04.964+00","2025-06-25 21:44:04.964+00","2025-06-25 21:44:04.964+00"
2503,"868018071302858",68,"2025-06-25 21:44:15+00","-16.3324850","-71.5803150",0,0,0,0,"2573.5","174.2",0,0,"0.0",7,"0101000020E6100000359886E123E551C01A69A9BC1D5530C0","{""1"":{},""2"":{},""4"":{},""8"":{}}","2025-06-25 21:44:21.17+00","2025-06-25 21:44:21.17+00","2025-06-25 21:44:21.17+00"
2504,"868018071302858",68,"2025-06-25 21:44:30+00","-16.3324850","-71.5803150",0,0,0,0,"2573.5","174.2",0,0,"0.0",7,"0101000020E6100000359886E123E551C01A69A9BC1D5530C0","{""1"":{},""2"":{},""4"":{},""8"":{}}","2025-06-25 21:44:37.023+00","2025-06-25 21:44:37.023+00","2025-06-25 21:44:37.023+00"
2505,"868018071302858",68,"2025-06-25 21:44:58+00","-16.3324850","-71.5803150",0,0,0,0,"2573.5","174.2",0,0,"0.0",7,"0101000020E6100000359886E123E551C01A69A9BC1D5530C0","{""1"":{},""2"":{},""4"":{},""8"":{}}","2025-06-25 21:45:12.496+00","2025-06-25 21:45:12.496+00","2025-06-25 21:45:12.496+00"
2506,"868018071302858",68,"2025-06-25 21:45:00+00","-16.3324850","-71.5803150",1,0,0,0,"2573.5","174.2",0,0,"0.0",7,"0101000020E6100000359886E123E551C01A69A9BC1D5530C0","{""1"":{},""2"":{},""4"":{},""8"":{}}","2025-06-25 21:45:12.523+00","2025-06-25 21:45:12.523+00","2025-06-25 21:45:12.523+00"
2507,"868018071302858",68,"2025-06-25 21:45:15+00","-16.3324850","-71.5803150",0,0,0,0,"2573.5","174.2",0,0,"0.0",7,"0101000020E6100000359886E123E551C01A69A9BC1D5530C0","{""1"":{},""2"":{},""4"":{},""8"":{}}","2025-06-25 21:45:16.157+00","2025-06-25 21:45:16.157+00","2025-06-25 21:45:16.157+00"
2508,"868018071302858",68,"2025-06-25 21:52:23+00","-16.3324766","-71.5801850",0,0,0,0,"2584.4","253.6",6,1,"1.9",7,"0101000020E61000004E2844C021E551C06EAFBB2F1D5530C0","{""1"":{},""2"":{},""4"":{},""8"":{}}","2025-06-25 21:52:33.438+00","2025-06-25 21:52:33.438+00","2025-06-25 21:52:33.438+00"
2509,"868018071302858",68,"2025-06-25 21:52:38+00","-16.3324716","-71.5802183",0,0,0,0,"2583.7","226.9",6,2,"1.9",7,"0101000020E61000009BC2EF4B22E551C04BD9D8DB1C5530C0","{""1"":{},""2"":{},""4"":{},""8"":{}}","2025-06-25 21:52:39.037+00","2025-06-25 21:52:39.037+00","2025-06-25 21:52:39.037+00"
2510,"868018071302858",68,"2025-06-25 21:52:53+00","-16.3324550","-71.5802200",0,0,0,0,"2587.1","93.6",6,0,"1.9",7,"0101000020E61000000C1F115322E551C0456458C51B5530C0","{""1"":{},""2"":{},""4"":{},""8"":{}}","2025-06-25 21:53:06.178+00","2025-06-25 21:53:06.178+00","2025-06-25 21:53:06.178+00"
2511,"868018071302858",68,"2025-06-25 21:53:08+00","-16.3324750","-71.5802250",0,0,0,0,"2584.8","238.7",6,0,"1.9",7,"0101000020E610000095D4096822E551C0D3BCE3141D5530C0","{""1"":{},""2"":{},""4"":{},""8"":{}}","2025-06-25 21:53:08.896+00","2025-06-25 21:53:08.896+00","2025-06-25 21:53:08.896+00"
2512,"868018071302858",68,"2025-06-25 21:53:09+00","-16.3324783","-71.5802316",0,0,0,0,"2584.3","280.4",6,5,"1.9",9,"0101000020E6100000C586B88322E551C03221414C1D5530C0","{""1"":{},""2"":{},""4"":{},""8"":{}}","2025-06-25 21:53:09.917+00","2025-06-25 21:53:09.917+00","2025-06-25 21:53:09.917+00"
2513,"868018071302858",68,"2025-06-25 21:53:24+00","-16.3324833","-71.5802433",0,0,0,0,"2582.6","202.5",6,0,"1.9",7,"0101000020E6100000484ECBB422E551C056F723A01D5530C0","{""1"":{},""2"":{},""4"":{},""8"":{}}","2025-06-25 21:53:38.926+00","2025-06-25 21:53:38.926+00","2025-06-25 21:53:38.926+00"
2514,"868018071302858",68,"2025-06-25 21:53:39+00","-16.3324800","-71.5802183",0,0,0,0,"2582.3","8.9",6,1,"1.9",7,"0101000020E61000009BC2EF4B22E551C0F792C6681D5530C0","{""1"":{},""2"":{},""4"":{},""8"":{}}","2025-06-25 21:53:39.476+00","2025-06-25 21:53:39.476+00","2025-06-25 21:53:39.476+00"
2515,"868018071302858",68,"2025-06-25 21:53:54+00","-16.3324483","-71.5801816",0,0,0,0,"2579.2","63.2",6,0,"1.9",7,"0101000020E61000006C6F01B221E551C05D1CF0541B5530C0","{""1"":{},""2"":{},""4"":{},""8"":{}}","2025-06-25 21:53:55.377+00","2025-06-25 21:53:55.377+00","2025-06-25 21:53:55.377+00"
2516,"868018071302858",68,"2025-06-25 21:54:09+00","-16.3324183","-71.5801733",0,0,0,0,"2574.1","283.1",6,0,"1.9",7,"0101000020E6100000CB60318F21E551C088179F5D195530C0","{""1"":{},""2"":{},""4"":{},""8"":{}}","2025-06-25 21:54:11.378+00","2025-06-25 21:54:11.378+00","2025-06-25 21:54:11.378+00"
2517,"868018071302858",68,"2025-06-25 21:54:24+00","-16.3324316","-71.5802033",0,0,0,0,"2570.7","294.6",6,0,"1.9",7,"0101000020E610000000A2050D22E551C02E28C23C1A5530C0","{""1"":{},""2"":{},""4"":{},""8"":{}}","2025-06-25 21:54:27.419+00","2025-06-25 21:54:27.419+00","2025-06-25 21:54:27.419+00"
2518,"868018071302858",68,"2025-06-25 21:54:31+00","-16.3324150","-71.5802250",0,0,0,0,"2570.6","267.3",6,5,"1.8",9,"0101000020E610000095D4096822E551C029B34126195530C0","{""1"":{},""2"":{},""4"":{},""8"":{}}","2025-06-25 21:54:31.537+00","2025-06-25 21:54:31.537+00","2025-06-25 21:54:31.537+00"
2519,"868018071302858",68,"2025-06-25 21:54:46+00","-16.3323766","-71.5802466",0,0,0,0,"2570.5","294.1",6,1,"1.8",7,"0101000020E61000005FA7A2C222E551C0A7F402A2165530C0","{""1"":{},""2"":{},""4"":{},""8"":{}}","2025-06-25 21:54:59.696+00","2025-06-25 21:54:59.696+00","2025-06-25 21:54:59.696+00"
2520,"868018071302858",68,"2025-06-25 21:55:01+00","-16.3323383","-71.5802383",0,0,0,0,"2570.1","103.3",6,0,"1.8",7,"0101000020E6100000BF98D29F22E551C04FB5711F145530C0","{""1"":{},""2"":{},""4"":{},""8"":{}}","2025-06-25 21:55:02.041+00","2025-06-25 21:55:02.041+00","2025-06-25 21:55:02.041+00"
2521,"868018071302858",68,"2025-06-25 21:55:16+00","-16.3323400","-71.5802450",0,0,0,0,"2571.5","121.1",6,0,"1.8",7,"0101000020E6100000B9AAECBB22E551C01327F73B145530C0","{""1"":{},""2"":{},""4"":{},""8"":{}}","2025-06-25 21:55:32.783+00","2025-06-25 21:55:32.783+00","2025-06-25 21:55:32.783+00"
2522,"868018071302858",68,"2025-06-25 21:55:31+00","-16.3323800","-71.5802800",1,0,0,0,"2573.4","223.7",7,0,"1.6",7,"0101000020E610000077A1B94E23E551C030D80DDB165530C0","{""1"":{},""2"":{},""4"":{},""8"":{}}","2025-06-25 21:55:32.811+00","2025-06-25 21:55:32.811+00","2025-06-25 21:55:32.811+00"
2523,"868018071302858",68,"2025-06-25 21:55:46+00","-16.3324083","-71.5802766",0,0,0,0,"2572.4","81.7",7,0,"1.6",7,"0101000020E610000095E8764023E551C0416BD9B5185530C0","{""1"":{},""2"":{},""4"":{},""8"":{}}","2025-06-25 21:55:48.823+00","2025-06-25 21:55:48.823+00","2025-06-25 21:55:48.823+00"
2524,"868018071302858",68,"2025-06-25 21:56:01+00","-16.3324316","-71.5802933",0,0,0,0,"2570.8","14.7",8,0,"1.3",7,"0101000020E6100000A065828623E551C02E28C23C1A5530C0","{""1"":{},""2"":{},""4"":{},""8"":{}}","2025-06-25 21:56:04.986+00","2025-06-25 21:56:04.987+00","2025-06-25 21:56:04.987+00"
2525,"868018071302858",68,"2025-06-25 21:56:16+00","-16.3324083","-71.5802700",0,0,0,0,"2568.4","149.0",9,0,"1.0",7,"0101000020E61000006536C82423E551C0416BD9B5185530C0","{""1"":{},""2"":{},""4"":{},""8"":{}}","2025-06-25 21:56:20.843+00","2025-06-25 21:56:20.843+00","2025-06-25 21:56:20.843+00"
2526,"868018071302858",68,"2025-06-25 21:56:31+00","-16.3323883","-71.5802633",0,0,0,0,"2568.0","292.9",11,0,"0.9",7,"0101000020E61000006B24AE0823E551C0B3124E66175530C0","{""1"":{},""2"":{},""4"":{},""8"":{}}","2025-06-25 21:56:37.644+00","2025-06-25 21:56:37.644+00","2025-06-25 21:56:37.644+00"
2527,"868018071302858",68,"2025-06-25 21:56:46+00","-16.3323800","-71.5802366",0,0,0,0,"2568.0","140.6",11,1,"0.9",7,"0101000020E61000004E3CB19822E551C030D80DDB165530C0","{""1"":{},""2"":{},""4"":{},""8"":{}}","2025-06-25 21:56:53.682+00","2025-06-25 21:56:53.682+00","2025-06-25 21:56:53.682+00"
2528,"868018071302858",68,"2025-06-25 21:57:01+00","-16.3323850","-71.5802533",0,0,0,0,"2569.0","86.7",11,0,"0.8",7,"0101000020E610000059B9BCDE22E551C053AEF02E175530C0","{""1"":{},""2"":{},""4"":{},""8"":{}}","2025-06-25 21:57:09.903+00","2025-06-25 21:57:09.903+00","2025-06-25 21:57:09.903+00"
2529,"868018071302858",68,"2025-06-25 21:57:16+00","-16.3323950","-71.5802666",0,0,0,0,"2566.9","344.1",11,1,"0.8",7,"0101000020E6100000837D851623E551C09B5AB6D6175530C0","{""1"":{},""2"":{},""4"":{},""8"":{}}","2025-06-25 21:57:17.664+00","2025-06-25 21:57:17.664+00","2025-06-25 21:57:17.664+00"
2530,"868018071302858",68,"2025-06-25 21:57:31+00","-16.3323733","-71.5802666",0,0,0,0,"2563.0","4.6",10,0,"0.8",7,"0101000020E6100000837D851623E551C04890A56A165530C0","{""1"":{},""2"":{},""4"":{},""8"":{}}","2025-06-25 21:57:42.843+00","2025-06-25 21:57:42.843+00","2025-06-25 21:57:42.843+00"
2531,"868018071302858",68,"2025-06-25 21:57:46+00","-16.3323900","-71.5802700",0,0,0,0,"2563.0","143.6",10,0,"0.8",7,"0101000020E61000006536C82423E551C07784D382175530C0","{""1"":{},""2"":{},""4"":{},""8"":{}}","2025-06-25 21:57:46.764+00","2025-06-25 21:57:46.764+00","2025-06-25 21:57:46.764+00"
2532,"868018071302858",68,"2025-06-25 21:58:01+00","-16.3324266","-71.5802650",0,0,0,0,"2563.6","68.6",12,0,"0.7",7,"0101000020E6100000DC80CF0F23E551C00B52DFE8195530C0","{""1"":{},""2"":{},""4"":{},""8"":{}}","2025-06-25 21:58:17.066+00","2025-06-25 21:58:17.066+00","2025-06-25 21:58:17.066+00"
2533,"868018071302858",68,"2025-06-25 21:58:16+00","-16.3323950","-71.5802583",1,0,0,0,"2561.8","27.3",12,0,"0.7",7,"0101000020E6100000E26EB5F322E551C09B5AB6D6175530C0","{""1"":{},""2"":{},""4"":{},""8"":{}}","2025-06-25 21:58:17.094+00","2025-06-25 21:58:17.095+00","2025-06-25 21:58:17.095+00"
2534,"868018071302858",68,"2025-06-25 21:58:31+00","-16.3323933","-71.5802650",0,0,0,0,"2563.3","327.5",13,1,"0.7",7,"0101000020E6100000DC80CF0F23E551C0D6E830BA175530C0","{""1"":{},""2"":{},""4"":{},""8"":{}}","2025-06-25 21:58:33.095+00","2025-06-25 21:58:33.096+00","2025-06-25 21:58:33.096+00"
2535,"868018071302858",68,"2025-06-25 21:58:46+00","-16.3323950","-71.5802800",0,0,0,0,"2564.2","230.0",12,0,"0.8",7,"0101000020E610000077A1B94E23E551C09B5AB6D6175530C0","{""1"":{},""2"":{},""4"":{},""8"":{}}","2025-06-25 21:58:49.136+00","2025-06-25 21:58:49.136+00","2025-06-25 21:58:49.136+00"
2536,"868018071302858",68,"2025-06-25 21:59:01+00","-16.3324050","-71.5802866",0,0,0,0,"2565.8","157.4",12,0,"0.8",7,"0101000020E6100000A653686A23E551C0E2067C7E185530C0","{""1"":{},""2"":{},""4"":{},""8"":{}}","2025-06-25 21:59:05.156+00","2025-06-25 21:59:05.156+00","2025-06-25 21:59:05.156+00"
2537,"868018071302858",68,"2025-06-25 21:59:16+00","-16.3323933","-71.5802900",0,0,0,0,"2565.3","303.1",12,0,"0.8",7,"0101000020E6100000890CAB7823E551C0D6E830BA175530C0","{""1"":{},""2"":{},""4"":{},""8"":{}}","2025-06-25 21:59:21.337+00","2025-06-25 21:59:21.337+00","2025-06-25 21:59:21.337+00"
2538,"868018071302858",68,"2025-06-25 21:59:31+00","-16.3323950","-71.5802900",0,0,0,0,"2566.6","108.0",12,1,"0.8",7,"0101000020E6100000890CAB7823E551C09B5AB6D6175530C0","{""1"":{},""2"":{},""4"":{},""8"":{}}","2025-06-25 21:59:38.156+00","2025-06-25 21:59:38.157+00","2025-06-25 21:59:38.157+00"
2539,"868018071302858",68,"2025-06-25 21:59:46+00","-16.3324133","-71.5803016",0,0,0,0,"2567.6","232.2",13,0,"0.9",7,"0101000020E6100000417452A923E551C06441BC09195530C0","{""1"":{},""2"":{},""4"":{},""8"":{}}","2025-06-25 21:59:54.177+00","2025-06-25 21:59:54.177+00","2025-06-25 21:59:54.177+00"
2540,"868018071302858",68,"2025-06-25 22:00:01+00","-16.3324050","-71.5802916",0,0,0,0,"2567.1","154.9",13,0,"0.7",7,"0101000020E61000002F09617F23E551C0E2067C7E185530C0","{""1"":{},""2"":{},""4"":{},""8"":{}}","2025-06-25 22:00:10.257+00","2025-06-25 22:00:10.257+00","2025-06-25 22:00:10.257+00"
2541,"868018071302858",68,"2025-06-25 22:00:16+00","-16.3324383","-71.5802716",0,0,0,0,"2565.9","230.7",13,0,"0.7",7,"0101000020E61000000C337E2B23E551C016702AAD1A5530C0","{""1"":{},""2"":{},""4"":{},""8"":{}}","2025-06-25 22:00:16.856+00","2025-06-25 22:00:16.856+00","2025-06-25 22:00:16.856+00"
2542,"868018071302858",68,"2025-06-25 22:00:31+00","-16.3324666","-71.5802583",0,0,0,0,"2566.8","42.6",13,0,"0.8",7,"0101000020E6100000E26EB5F322E551C02703F6871C5530C0","{""1"":{},""2"":{},""4"":{},""8"":{}}","2025-06-25 22:00:43.537+00","2025-06-25 22:00:43.537+00","2025-06-25 22:00:43.537+00"
2543,"868018071302858",68,"2025-06-25 22:00:46+00","-16.3324300","-71.5802383",0,0,0,0,"2566.2","331.2",11,0,"1.2",7,"0101000020E6100000BF98D29F22E551C09335EA211A5530C0","{""1"":{},""2"":{},""4"":{},""8"":{}}","2025-06-25 22:00:47.384+00","2025-06-25 22:00:47.384+00","2025-06-25 22:00:47.384+00"
2544,"868018071302858",68,"2025-06-25 22:00:48+00","-16.3324433","-71.5802300",0,0,0,0,"2565.9","138.6",11,9,"0.8",9,"0101000020E61000001E8A027D22E551C03A460D011B5530C0","{""1"":{},""2"":{},""4"":{},""8"":{}}","2025-06-25 22:00:49.476+00","2025-06-25 22:00:49.476+00","2025-06-25 22:00:49.476+00"
2545,"868018071302858",68,"2025-06-25 22:00:49+00","-16.3324583","-71.5802233",0,0,0,0,"2565.6","153.7",12,5,"0.7",9,"0101000020E61000002478E86022E551C0A4C8B5FC1B5530C0","{""1"":{},""2"":{},""4"":{},""8"":{}}","2025-06-25 22:00:50.377+00","2025-06-25 22:00:50.377+00","2025-06-25 22:00:50.377+00"
2546,"868018071302858",68,"2025-06-25 22:01:04+00","-16.3324766","-71.5802183",0,0,0,0,"2565.1","203.1",0,0,"0.0",7,"0101000020E61000009BC2EF4B22E551C06EAFBB2F1D5530C0","{""1"":{},""2"":{},""4"":{},""8"":{}}","2025-06-25 22:01:15.522+00","2025-06-25 22:01:15.522+00","2025-06-25 22:01:15.522+00"
2547,"868018071302858",68,"2025-06-25 22:01:19+00","-16.3324766","-71.5802183",0,0,0,0,"2565.1","203.1",0,0,"0.0",7,"0101000020E61000009BC2EF4B22E551C06EAFBB2F1D5530C0","{""1"":{},""2"":{},""4"":{},""8"":{}}","2025-06-25 22:01:20.376+00","2025-06-25 22:01:20.376+00","2025-06-25 22:01:20.376+00"
2548,"868018071302858",68,"2025-06-25 22:01:36+00","-16.3324766","-71.5802183",0,0,0,0,"2565.1","203.1",0,0,"0.0",7,"0101000020E61000009BC2EF4B22E551C06EAFBB2F1D5530C0","{""1"":{},""2"":{},""4"":{},""8"":{}}","2025-06-25 22:01:47.777+00","2025-06-25 22:01:47.777+00","2025-06-25 22:01:47.777+00"
2549,"868018071302858",68,"2025-06-25 22:01:49+00","-16.3324766","-71.5802183",0,0,0,0,"2565.1","203.1",0,0,"0.0",7,"0101000020E61000009BC2EF4B22E551C06EAFBB2F1D5530C0","{""1"":{},""2"":{},""4"":{},""8"":{}}","2025-06-25 22:01:49.876+00","2025-06-25 22:01:49.876+00","2025-06-25 22:01:49.876+00"
2550,"868018071302858",68,"2025-06-25 22:02:04+00","-16.3324766","-71.5802183",0,0,0,0,"2565.1","203.1",0,0,"0.0",7,"0101000020E61000009BC2EF4B22E551C06EAFBB2F1D5530C0","{""1"":{},""2"":{},""4"":{},""8"":{}}","2025-06-25 22:02:19.778+00","2025-06-25 22:02:19.778+00","2025-06-25 22:02:19.778+00"
2551,"868018071302858",68,"2025-06-25 22:02:19+00","-16.3324766","-71.5802183",0,0,0,0,"2565.1","203.1",0,0,"0.0",7,"0101000020E61000009BC2EF4B22E551C06EAFBB2F1D5530C0","{""1"":{},""2"":{},""4"":{},""8"":{}}","2025-06-25 22:02:20.217+00","2025-06-25 22:02:20.217+00","2025-06-25 22:02:20.217+00"
2552,"868018071302858",68,"2025-06-25 22:02:34+00","-16.3324766","-71.5802183",0,0,0,0,"2565.1","203.1",0,0,"0.0",7,"0101000020E61000009BC2EF4B22E551C06EAFBB2F1D5530C0","{""1"":{},""2"":{},""4"":{},""8"":{}}","2025-06-25 22:02:38.024+00","2025-06-25 22:02:38.024+00","2025-06-25 22:02:38.024+00"
2553,"868018071302858",68,"2025-06-25 22:02:49+00","-16.3324766","-71.5802183",0,0,0,0,"2565.1","203.1",0,0,"0.0",7,"0101000020E61000009BC2EF4B22E551C06EAFBB2F1D5530C0","{""1"":{},""2"":{},""4"":{},""8"":{}}","2025-06-25 22:02:54.24+00","2025-06-25 22:02:54.24+00","2025-06-25 22:02:54.24+00"
2554,"868018071302858",68,"2025-06-25 22:03:04+00","-16.3324766","-71.5802183",0,0,0,0,"2565.1","203.1",0,0,"0.0",7,"0101000020E61000009BC2EF4B22E551C06EAFBB2F1D5530C0","{""1"":{},""2"":{},""4"":{},""8"":{}}","2025-06-25 22:03:10.298+00","2025-06-25 22:03:10.298+00","2025-06-25 22:03:10.298+00"
2555,"868018071302858",68,"2025-06-25 22:03:19+00","-16.3324766","-71.5802183",0,0,0,0,"2565.1","203.1",0,0,"0.0",7,"0101000020E61000009BC2EF4B22E551C06EAFBB2F1D5530C0","{""1"":{},""2"":{},""4"":{},""8"":{}}","2025-06-25 22:03:26.138+00","2025-06-25 22:03:26.138+00","2025-06-25 22:03:26.138+00"
2556,"868018071302858",68,"2025-06-25 22:03:34+00","-16.3324766","-71.5802183",0,0,0,0,"2565.1","203.1",0,0,"0.0",7,"0101000020E61000009BC2EF4B22E551C06EAFBB2F1D5530C0","{""1"":{},""2"":{},""4"":{},""8"":{}}","2025-06-25 22:03:42.338+00","2025-06-25 22:03:42.338+00","2025-06-25 22:03:42.338+00"
2557,"868018071302858",68,"2025-06-25 22:03:49+00","-16.3324766","-71.5802183",0,0,0,0,"2565.1","203.1",0,0,"0.0",7,"0101000020E61000009BC2EF4B22E551C06EAFBB2F1D5530C0","{""1"":{},""2"":{},""4"":{},""8"":{}}","2025-06-25 22:03:49.577+00","2025-06-25 22:03:49.578+00","2025-06-25 22:03:49.578+00"
2558,"868018071302858",68,"2025-06-25 22:04:04+00","-16.3324766","-71.5802183",0,0,0,0,"2565.1","203.1",0,0,"0.0",7,"0101000020E61000009BC2EF4B22E551C06EAFBB2F1D5530C0","{""1"":{},""2"":{},""4"":{},""8"":{}}","2025-06-25 22:04:15.463+00","2025-06-25 22:04:15.463+00","2025-06-25 22:04:15.463+00"
2559,"868018071302858",68,"2025-06-25 22:04:19+00","-16.3324766","-71.5802183",0,0,0,0,"2565.1","203.1",0,0,"0.0",7,"0101000020E61000009BC2EF4B22E551C06EAFBB2F1D5530C0","{""1"":{},""2"":{},""4"":{},""8"":{}}","2025-06-25 22:04:19.577+00","2025-06-25 22:04:19.577+00","2025-06-25 22:04:19.577+00"
2560,"868018071302858",68,"2025-06-25 22:04:34+00","-16.3324766","-71.5802183",0,0,0,0,"2565.1","203.1",0,0,"0.0",7,"0101000020E61000009BC2EF4B22E551C06EAFBB2F1D5530C0","{""1"":{},""2"":{},""4"":{},""8"":{}}","2025-06-25 22:04:47.477+00","2025-06-25 22:04:47.477+00","2025-06-25 22:04:47.477+00"
2561,"868018071302858",68,"2025-06-25 22:04:49+00","-16.3324766","-71.5802183",0,0,0,0,"2565.1","203.1",0,0,"0.0",7,"0101000020E61000009BC2EF4B22E551C06EAFBB2F1D5530C0","{""1"":{},""2"":{},""4"":{},""8"":{}}","2025-06-25 22:04:50.058+00","2025-06-25 22:04:50.058+00","2025-06-25 22:04:50.058+00"
2562,"868018071302858",68,"2025-06-25 22:05:04+00","-16.3324766","-71.5802183",0,0,0,0,"2565.1","203.1",0,0,"0.0",7,"0101000020E61000009BC2EF4B22E551C06EAFBB2F1D5530C0","{""1"":{},""2"":{},""4"":{},""8"":{}}","2025-06-25 22:05:39.868+00","2025-06-25 22:05:39.868+00","2025-06-25 22:05:39.868+00"
2563,"868018071302858",68,"2025-06-25 22:05:31+00","-16.3324766","-71.5802183",1,0,0,0,"2565.1","203.1",0,0,"0.0",7,"0101000020E61000009BC2EF4B22E551C06EAFBB2F1D5530C0","{""1"":{},""2"":{},""4"":{},""8"":{}}","2025-06-25 22:05:39.895+00","2025-06-25 22:05:39.896+00","2025-06-25 22:05:39.896+00"
2564,"868018071302858",68,"2025-06-25 22:05:34+00","-16.3324766","-71.5802183",2,0,0,0,"2565.1","203.1",0,0,"0.0",7,"0101000020E61000009BC2EF4B22E551C06EAFBB2F1D5530C0","{""1"":{},""2"":{},""4"":{},""8"":{}}","2025-06-25 22:05:39.898+00","2025-06-25 22:05:39.898+00","2025-06-25 22:05:39.898+00"
2565,"868018071302858",68,"2025-06-25 22:23:38+00","-16.3324316","-71.5802400",0,0,0,0,"2584.6","282.0",4,0,"0.8",7,"0101000020E610000030F5F3A622E551C02E28C23C1A5530C0","{""1"":{},""2"":{},""4"":{},""8"":{}}","2025-06-25 22:23:44.327+00","2025-06-25 22:23:44.327+00","2025-06-25 22:23:44.327+00"
2566,"868018071302858",68,"2025-06-25 22:24:38+00","-16.3323900","-71.5802366",0,0,0,0,"2579.2","69.6",4,0,"0.8",7,"0101000020E61000004E3CB19822E551C07784D382175530C0","{""1"":{},""2"":{},""4"":{},""8"":{}}","2025-06-25 22:24:46.412+00","2025-06-25 22:24:46.412+00","2025-06-25 22:24:46.412+00"
2567,"868018071302858",68,"2025-06-25 22:25:14+00","-16.3324150","-71.5803316",0,0,0,0,"2588.6","225.5",4,6,"0.7",9,"0101000020E610000076B5262724E551C029B34126195530C0","{""1"":{},""2"":{},""4"":{},""8"":{}}","2025-06-25 22:25:48.207+00","2025-06-25 22:25:48.208+00","2025-06-25 22:25:48.208+00"
2568,"868018071302858",68,"2025-06-25 22:26:14+00","-16.3324316","-71.5803633",0,0,0,0,"2592.9","268.1",4,0,"0.6",7,"0101000020E61000001D531CAC24E551C02E28C23C1A5530C0","{""1"":{},""2"":{},""4"":{},""8"":{}}","2025-06-25 22:26:49.512+00","2025-06-25 22:26:49.512+00","2025-06-25 22:26:49.512+00"
2569,"868018071302858",68,"2025-06-25 22:27:14+00","-16.3324416","-71.5802883",0,0,0,0,"2586.0","272.1",4,0,"0.6",7,"0101000020E610000018B0897123E551C075D487E41A5530C0","{""1"":{},""2"":{},""4"":{},""8"":{}}","2025-06-25 22:27:51.595+00","2025-06-25 22:27:51.595+00","2025-06-25 22:27:51.595+00"
2570,"868018071302858",68,"2025-06-25 22:28:14+00","-16.3324883","-71.5802183",0,0,0,0,"2583.3","152.6",4,0,"0.5",7,"0101000020E61000009BC2EF4B22E551C07ACD06F41D5530C0","{""1"":{},""2"":{},""4"":{},""8"":{}}","2025-06-25 22:28:53.756+00","2025-06-25 22:28:53.757+00","2025-06-25 22:28:53.757+00"
2571,"868018071302858",68,"2025-06-25 22:29:14+00","-16.3326066","-71.5801866",0,0,0,0,"2575.1","337.5",4,0,"0.4",7,"0101000020E6100000F524FAC621E551C00A6FC5B4255530C0","{""1"":{},""2"":{},""4"":{},""8"":{}}","2025-06-25 22:30:13.119+00","2025-06-25 22:30:13.119+00","2025-06-25 22:30:13.119+00"
2572,"868018071302858",68,"2025-06-27 16:32:47+00","-16.3324916","-71.5805166",0,0,0,0,"2572.2","225.9",7,0,"2.4",7,"0101000020E61000003FF2182F27E551C0D931642B1E5530C0","{""1"":{},""2"":{},""4"":{},""8"":{}}","2025-06-27 16:33:03.817+00","2025-06-27 16:33:03.819+00","2025-06-27 16:33:03.819+00"
2573,"868018071302858",68,"2025-06-27 16:33:14+00","-16.3324700","-71.5805033",0,0,0,0,"2568.2","62.2",9,5,"1.1",9,"0101000020E6100000162E50F726E551C0B0E600C11C5530C0","{""1"":{},""2"":{},""4"":{},""8"":{}}","2025-06-27 16:33:20.532+00","2025-06-27 16:33:20.532+00","2025-06-27 16:33:20.532+00"
2574,"868018071302858",68,"2025-06-27 16:34:14+00","-16.3324633","-71.5804883",0,0,0,0,"2563.5","226.2",9,0,"1.1",7,"0101000020E61000007B0D66B826E551C0C89E98501C5530C0","{""1"":{},""2"":{},""4"":{},""8"":{}}","2025-06-27 16:34:24.951+00","2025-06-27 16:34:24.951+00","2025-06-27 16:34:24.951+00"
2575,"868018071302858",68,"2025-06-27 16:34:44+00","-16.3324500","-71.5804683",0,0,0,0,"2563.8","50.7",9,5,"1.1",9,"0101000020E61000005837836426E551C0228E75711B5530C0","{""1"":{},""2"":{},""4"":{},""8"":{}}","2025-06-27 16:34:56.901+00","2025-06-27 16:34:56.901+00","2025-06-27 16:34:56.901+00"
2576,"868018071302858",68,"2025-06-27 16:34:55+00","-16.3324466","-71.5804666",1,0,0,0,"2563.7","231.0",10,5,"2.3",9,"0101000020E6100000E6DA615D26E551C099AA6A381B5530C0","{""1"":{},""2"":{},""4"":{},""8"":{}}","2025-06-27 16:34:56.93+00","2025-06-27 16:34:56.93+00","2025-06-27 16:34:56.93+00"
2577,"868018071302858",68,"2025-06-27 16:34:57+00","-16.3324483","-71.5804683",0,0,0,0,"2564.2","214.6",10,7,"1.0",9,"0101000020E61000005837836426E551C05D1CF0541B5530C0","{""1"":{},""2"":{},""4"":{},""8"":{}}","2025-06-27 16:34:57.991+00","2025-06-27 16:34:57.991+00","2025-06-27 16:34:57.991+00"
2578,"868018071302858",68,"2025-06-27 16:35:04+00","-16.3324366","-71.5804616",0,0,0,0,"2564.8","51.9",10,5,"2.3",9,"0101000020E61000005E25694826E551C052FEA4901A5530C0","{""1"":{},""2"":{},""4"":{},""8"":{}}","2025-06-27 16:35:05.293+00","2025-06-27 16:35:05.293+00","2025-06-27 16:35:05.293+00"
2579,"868018071302858",68,"2025-06-27 16:36:04+00","-16.3324116","-71.5804316",0,0,0,0,"2569.8","347.3",10,0,"1.0",7,"0101000020E610000028E494CA25E551C0A0CF36ED185530C0","{""1"":{},""2"":{},""4"":{},""8"":{}}","2025-06-27 16:36:20.399+00","2025-06-27 16:36:20.399+00","2025-06-27 16:36:20.399+00"
2580,"868018071302858",68,"2025-06-27 16:36:18+00","-16.3323883","-71.5803933",1,0,0,0,"2570.9","101.2",10,6,"1.0",9,"0101000020E61000005294F02925E551C0B3124E66175530C0","{""1"":{},""2"":{},""4"":{},""8"":{}}","2025-06-27 16:36:20.429+00","2025-06-27 16:36:20.43+00","2025-06-27 16:36:20.43+00"
2581,"868018071302858",68,"2025-06-27 16:36:37+00","-16.3323683","-71.5803700",0,0,0,0,"2567.7","266.4",10,6,"0.9",9,"0101000020E6100000176536C824E551C024BAC216165530C0","{""1"":{},""2"":{},""4"":{},""8"":{}}","2025-06-27 16:36:52.442+00","2025-06-27 16:36:52.443+00","2025-06-27 16:36:52.443+00"
2582,"868018071302858",68,"2025-06-27 16:36:54+00","-16.3323533","-71.5803583",0,0,0,0,"2565.9","49.4",10,5,"1.1",9,"0101000020E6100000949D239724E551C0BA371A1B155530C0","{""1"":{},""2"":{},""4"":{},""8"":{}}","2025-06-27 16:36:54.681+00","2025-06-27 16:36:54.681+00","2025-06-27 16:36:54.681+00"
2583,"868018071302858",68,"2025-06-27 16:37:08+00","-16.3323333","-71.5803266",0,0,0,0,"2563.7","240.0",10,6,"1.1",9,"0101000020E6100000EEFF2D1224E551C02BDF8ECB135530C0","{""1"":{},""2"":{},""4"":{},""8"":{}}","2025-06-27 16:37:24.755+00","2025-06-27 16:37:24.755+00","2025-06-27 16:37:24.755+00"
2584,"868018071302858",68,"2025-06-27 16:37:17+00","-16.3323233","-71.5803050",1,0,0,0,"2564.1","46.7",10,7,"1.2",9,"0101000020E6100000232D95B723E551C0E432C923135530C0","{""1"":{},""2"":{},""4"":{},""8"":{}}","2025-06-27 16:37:24.785+00","2025-06-27 16:37:24.785+00","2025-06-27 16:37:24.785+00"
2585,"868018071302858",68,"2025-06-27 16:38:15+00","-16.3323066","-71.5802883",0,0,0,0,"2564.9","121.2",10,10,"0.9",9,"0101000020E610000018B0897123E551C0B53E9B0B125530C0","{""1"":{},""2"":{},""4"":{},""8"":{}}","2025-06-27 16:38:29.24+00","2025-06-27 16:38:29.24+00","2025-06-27 16:38:29.24+00"
2586,"868018071302858",68,"2025-06-27 16:39:15+00","-16.3323050","-71.5802766",0,0,0,0,"2566.8","220.7",10,0,"1.0",7,"0101000020E610000095E8764023E551C01B4CC3F0115530C0","{""1"":{},""2"":{},""4"":{},""8"":{}}","2025-06-27 16:39:17.997+00","2025-06-27 16:39:17.997+00","2025-06-27 16:39:17.997+00"
2587,"868018071302858",68,"2025-06-27 16:40:15+00","-16.3323416","-71.5803133",0,0,0,0,"2574.2","9.6",10,0,"2.0",7,"0101000020E6100000C43B65DA23E551C0AE19CF56145530C0","{""1"":{},""2"":{},""4"":{},""8"":{}}","2025-06-27 16:40:22.407+00","2025-06-27 16:40:22.407+00","2025-06-27 16:40:22.407+00"
2588,"868018071302858",68,"2025-06-27 16:41:11+00","-16.3323866","-71.5803483",0,0,0,0,"2570.4","32.9",11,5,"0.9",9,"0101000020E61000008232326D24E551C0EEA0C849175530C0","{""1"":{},""2"":{},""4"":{},""8"":{}}","2025-06-27 16:41:26.666+00","2025-06-27 16:41:26.666+00","2025-06-27 16:41:26.666+00"
2589,"868018071302858",68,"2025-06-27 16:41:30+00","-16.3323866","-71.5803400",0,0,0,0,"2570.0","98.7",10,5,"1.0",9,"0101000020E6100000E223624A24E551C0EEA0C849175530C0","{""1"":{},""2"":{},""4"":{},""8"":{}}","2025-06-27 16:41:31.245+00","2025-06-27 16:41:31.245+00","2025-06-27 16:41:31.245+00"
2590,"868018071302858",68,"2025-06-27 16:41:36+00","-16.3323783","-71.5803316",0,0,0,0,"2569.5","56.3",11,6,"0.9",9,"0101000020E610000076B5262724E551C06B6688BE165530C0","{""1"":{},""2"":{},""4"":{},""8"":{}}","2025-06-27 16:41:37.244+00","2025-06-27 16:41:37.245+00","2025-06-27 16:41:37.245+00"
2591,"868018071302858",68,"2025-06-27 16:41:39+00","-16.3323716","-71.5803133",0,0,0,0,"2569.3","126.0",11,5,"1.0",9,"0101000020E6100000C43B65DA23E551C0831E204E165530C0","{""1"":{},""2"":{},""4"":{},""8"":{}}","2025-06-27 16:41:40.215+00","2025-06-27 16:41:40.215+00","2025-06-27 16:41:40.215+00"
2592,"868018071302858",68,"2025-06-27 16:41:40+00","-16.3323616","-71.5802933",0,0,0,0,"2568.8","53.4",11,7,"0.9",9,"0101000020E6100000A065828623E551C03C725AA6155530C0","{""1"":{},""2"":{},""4"":{},""8"":{}}","2025-06-27 16:41:41.244+00","2025-06-27 16:41:41.244+00","2025-06-27 16:41:41.244+00"
2593,"868018071302858",68,"2025-06-27 16:41:46+00","-16.3323433","-71.5802816",0,0,0,0,"2567.1","132.0",11,9,"2.2",9,"0101000020E61000001E9E6F5523E551C0738B5473145530C0","{""1"":{},""2"":{},""4"":{},""8"":{}}","2025-06-27 16:41:47.244+00","2025-06-27 16:41:47.244+00","2025-06-27 16:41:47.244+00"
2594,"868018071302858",68,"2025-06-27 16:41:48+00","-16.3323500","-71.5802683",0,0,0,0,"2566.6","143.1",10,5,"1.2",9,"0101000020E6100000F4D9A61D23E551C05BD3BCE3145530C0","{""1"":{},""2"":{},""4"":{},""8"":{}}","2025-06-27 16:41:49.243+00","2025-06-27 16:41:49.243+00","2025-06-27 16:41:49.243+00"
2595,"868018071302858",68,"2025-06-27 16:42:42+00","-16.3323350","-71.5802883",0,0,0,0,"2568.4","222.0",11,6,"0.9",9,"0101000020E610000018B0897123E551C0F05014E8135530C0","{""1"":{},""2"":{},""4"":{},""8"":{}}","2025-06-27 16:42:49.637+00","2025-06-27 16:42:49.637+00","2025-06-27 16:42:49.637+00"
2596,"868018071302858",68,"2025-06-27 16:43:14+00","-16.3323416","-71.5803233",0,0,0,0,"2569.3","247.7",11,5,"0.9",9,"0101000020E6100000D6A6560424E551C0AE19CF56145530C0","{""1"":{},""2"":{},""4"":{},""8"":{}}","2025-06-27 16:43:22.493+00","2025-06-27 16:43:22.493+00","2025-06-27 16:43:22.493+00"
2597,"868018071302858",68,"2025-06-27 16:43:28+00","-16.3323483","-71.5803466",0,0,0,0,"2568.2","53.5",11,2,"0.9",9,"0101000020E610000011D6106624E551C0966137C7145530C0","{""1"":{},""2"":{},""4"":{},""8"":{}}","2025-06-27 16:43:29.131+00","2025-06-27 16:43:29.131+00","2025-06-27 16:43:29.131+00"
2598,"868018071302858",68,"2025-06-27 16:43:33+00","-16.3323500","-71.5803416",0,0,0,0,"2568.6","224.5",11,6,"0.9",9,"0101000020E61000008820185124E551C05BD3BCE3145530C0","{""1"":{},""2"":{},""4"":{},""8"":{}}","2025-06-27 16:43:34.13+00","2025-06-27 16:43:34.13+00","2025-06-27 16:43:34.13+00"
2599,"868018071302858",68,"2025-06-27 16:44:01+00","-16.3323300","-71.5803200",0,0,0,0,"2568.0","231.7",10,2,"1.0",7,"0101000020E6100000BE4D7FF623E551C0CC7A3194135530C0","{""1"":{},""2"":{},""4"":{},""8"":{}}","2025-06-27 16:44:04.98+00","2025-06-27 16:44:04.98+00","2025-06-27 16:44:04.98+00"
2600,"868018071302858",68,"2025-06-27 16:44:03+00","-16.3323300","-71.5803233",1,0,0,1,"2568.6","230.5",11,2,"0.8",409,"0101000020E6100000D6A6560424E551C0CC7A3194135530C0","{""1"":{""409"":1},""2"":{},""4"":{},""8"":{}}","2025-06-27 16:44:05.013+00","2025-06-27 16:44:05.013+00","2025-06-27 16:44:05.013+00"
2601,"868018071302858",68,"2025-06-27 16:44:07+00","-16.3323283","-71.5803266",0,0,0,0,"2569.7","248.0",11,7,"0.8",9,"0101000020E6100000EEFF2D1224E551C00809AC77135530C0","{""1"":{},""2"":{},""4"":{},""8"":{}}","2025-06-27 16:44:07.63+00","2025-06-27 16:44:07.63+00","2025-06-27 16:44:07.63+00"
2602,"868018071302858",68,"2025-06-27 16:44:10+00","-16.3323316","-71.5803333",0,0,0,0,"2570.4","74.0",11,5,"2.4",9,"0101000020E6100000E811482E24E551C0676D09AF135530C0","{""1"":{},""2"":{},""4"":{},""8"":{}}","2025-06-27 16:44:10.65+00","2025-06-27 16:44:10.65+00","2025-06-27 16:44:10.65+00"
2603,"868018071302858",68,"2025-06-27 16:44:13+00","-16.3323133","-71.5803216",0,0,0,0,"2570.7","49.4",11,7,"1.1",9,"0101000020E6100000654A35FD23E551C09D86037C125530C0","{""1"":{},""2"":{},""4"":{},""8"":{}}","2025-06-27 16:44:13.632+00","2025-06-27 16:44:13.632+00","2025-06-27 16:44:13.632+00"
2604,"868018071302858",68,"2025-06-27 16:44:15+00","-16.3323150","-71.5803300",0,0,0,0,"2570.8","235.8",11,7,"1.1",9,"0101000020E6100000D0B8702024E551C062F88898125530C0","{""1"":{},""2"":{},""4"":{},""8"":{}}","2025-06-27 16:44:15.659+00","2025-06-27 16:44:15.659+00","2025-06-27 16:44:15.659+00"
2605,"868018071302858",68,"2025-06-27 16:44:30+00","-16.3323233","-71.5803066",0,0,0,0,"2567.7","316.8",13,0,"0.8",7,"0101000020E6100000CA294BBE23E551C0E432C923135530C0","{""1"":{},""2"":{},""4"":{},""8"":{}}","2025-06-27 16:44:45.892+00","2025-06-27 16:44:45.892+00","2025-06-27 16:44:45.892+00"
2606,"868018071302858",68,"2025-06-27 16:44:33+00","-16.3323300","-71.5803150",1,0,0,0,"2568.4","231.6",11,7,"0.8",9,"0101000020E6100000359886E123E551C0CC7A3194135530C0","{""1"":{},""2"":{},""4"":{},""8"":{}}","2025-06-27 16:44:45.92+00","2025-06-27 16:44:45.92+00","2025-06-27 16:44:45.92+00"
2607,"868018071302858",68,"2025-06-27 16:44:48+00","-16.3323066","-71.5803216",0,0,0,0,"2568.5","336.4",13,0,"0.8",7,"0101000020E6100000654A35FD23E551C0B53E9B0B125530C0","{""1"":{},""2"":{},""4"":{},""8"":{}}","2025-06-27 16:44:48.638+00","2025-06-27 16:44:48.639+00","2025-06-27 16:44:48.639+00"
2608,"868018071302858",68,"2025-06-27 16:45:03+00","-16.3322933","-71.5802933",0,0,0,0,"2569.7","290.3",13,0,"0.7",7,"0101000020E6100000A065828623E551C00F2E782C115530C0","{""1"":{},""2"":{},""4"":{},""8"":{}}","2025-06-27 16:45:18.182+00","2025-06-27 16:45:18.182+00","2025-06-27 16:45:18.182+00"
2609,"868018071302858",68,"2025-06-27 16:45:07+00","-16.3322850","-71.5802800",1,0,0,0,"2569.5","58.5",13,6,"0.8",9,"0101000020E610000077A1B94E23E551C08CF337A1105530C0","{""1"":{},""2"":{},""4"":{},""8"":{}}","2025-06-27 16:45:18.213+00","2025-06-27 16:45:18.213+00","2025-06-27 16:45:18.213+00"
2610,"868018071302858",68,"2025-06-27 16:45:09+00","-16.3322833","-71.5802783",2,0,0,0,"2569.3","230.5",13,5,"0.7",9,"0101000020E61000000645984723E551C0C881B284105530C0","{""1"":{},""2"":{},""4"":{},""8"":{}}","2025-06-27 16:45:18.216+00","2025-06-27 16:45:18.216+00","2025-06-27 16:45:18.216+00"
2611,"868018071302858",68,"2025-06-27 16:45:12+00","-16.3322766","-71.5802616",3,0,0,0,"2568.8","89.8",13,14,"0.8",9,"0101000020E6100000FAC78C0123E551C0E0394A14105530C0","{""1"":{},""2"":{},""4"":{},""8"":{}}","2025-06-27 16:45:18.219+00","2025-06-27 16:45:18.219+00","2025-06-27 16:45:18.219+00"
2612,"868018071302858",68,"2025-06-27 16:45:13+00","-16.3322750","-71.5802433",4,0,0,0,"2568.5","58.5",10,7,"0.9",9,"0101000020E6100000484ECBB422E551C0454772F90F5530C0","{""1"":{},""2"":{},""4"":{},""8"":{}}","2025-06-27 16:45:18.223+00","2025-06-27 16:45:18.223+00","2025-06-27 16:45:18.223+00"
2613,"868018071302858",68,"2025-06-27 16:45:27+00","-16.3322850","-71.5802750",0,0,0,0,"2565.6","215.9",9,5,"0.9",9,"0101000020E6100000EEEBC03923E551C08CF337A1105530C0","{""1"":{},""2"":{},""4"":{},""8"":{}}","2025-06-27 16:45:34.117+00","2025-06-27 16:45:34.117+00","2025-06-27 16:45:34.117+00"
2614,"868018071302858",68,"2025-06-27 16:45:34+00","-16.3323133","-71.5803066",0,0,0,0,"2567.0","234.9",12,9,"0.9",9,"0101000020E6100000CA294BBE23E551C09D86037C125530C0","{""1"":{},""2"":{},""4"":{},""8"":{}}","2025-06-27 16:45:35.111+00","2025-06-27 16:45:35.111+00","2025-06-27 16:45:35.111+00"
2615,"868018071302858",68,"2025-06-27 16:45:42+00","-16.3323233","-71.5803183",0,0,0,0,"2568.6","176.7",12,7,"0.8",9,"0101000020E61000004DF15DEF23E551C0E432C923135530C0","{""1"":{},""2"":{},""4"":{},""8"":{}}","2025-06-27 16:45:50.091+00","2025-06-27 16:45:50.091+00","2025-06-27 16:45:50.091+00"
2616,"868018071302858",68,"2025-06-27 16:45:57+00","-16.3323200","-71.5803266",0,0,0,0,"2570.2","77.1",13,0,"0.8",7,"0101000020E6100000EEFF2D1224E551C085CE6BEC125530C0","{""1"":{},""2"":{},""4"":{},""8"":{}}","2025-06-27 16:46:06.206+00","2025-06-27 16:46:06.206+00","2025-06-27 16:46:06.206+00"
2617,"868018071302858",68,"2025-06-27 16:46:03+00","-16.3323116","-71.5803150",1,0,0,0,"2572.1","245.5",14,6,"0.8",9,"0101000020E6100000359886E123E551C0D9147E5F125530C0","{""1"":{},""2"":{},""4"":{},""8"":{}}","2025-06-27 16:46:06.236+00","2025-06-27 16:46:06.236+00","2025-06-27 16:46:06.236+00"
2618,"868018071302858",68,"2025-06-27 16:46:12+00","-16.3322916","-71.5802783",0,0,0,0,"2572.2","31.1",11,7,"0.8",9,"0101000020E61000000645984723E551C04BBCF20F115530C0","{""1"":{},""2"":{},""4"":{},""8"":{}}","2025-06-27 16:46:12.574+00","2025-06-27 16:46:12.574+00","2025-06-27 16:46:12.574+00"
2619,"868018071302858",68,"2025-06-27 16:46:19+00","-16.3323083","-71.5802683",0,0,0,0,"2570.6","10.6",11,6,"0.8",9,"0101000020E6100000F4D9A61D23E551C07AB02028125530C0","{""1"":{},""2"":{},""4"":{},""8"":{}}","2025-06-27 16:46:19.592+00","2025-06-27 16:46:19.592+00","2025-06-27 16:46:19.592+00"
2620,"868018071302858",68,"2025-06-27 16:46:22+00","-16.3323216","-71.5802866",0,0,0,0,"2570.6","244.4",12,9,"0.7",9,"0101000020E6100000A653686A23E551C020C14307135530C0","{""1"":{},""2"":{},""4"":{},""8"":{}}","2025-06-27 16:46:22.592+00","2025-06-27 16:46:22.592+00","2025-06-27 16:46:22.592+00"
2621,"868018071302858",68,"2025-06-27 16:46:32+00","-16.3322933","-71.5802633",0,0,0,0,"2571.0","104.5",12,6,"1.0",9,"0101000020E61000006B24AE0823E551C00F2E782C115530C0","{""1"":{},""2"":{},""4"":{},""8"":{}}","2025-06-27 16:46:41.432+00","2025-06-27 16:46:41.432+00","2025-06-27 16:46:41.432+00"
2622,"868018071302858",68,"2025-06-27 16:46:47+00","-16.3322966","-71.5802600",0,0,0,0,"2571.1","80.0",12,4,"0.7",7,"0101000020E610000053CBD6FA22E551C06E92D563115530C0","{""1"":{},""2"":{},""4"":{},""8"":{}}","2025-06-27 16:46:47.592+00","2025-06-27 16:46:47.592+00","2025-06-27 16:46:47.592+00"
2623,"868018071302858",68,"2025-06-27 16:46:49+00","-16.3322916","-71.5802516",0,0,0,0,"2571.0","44.3",10,7,"0.9",9,"0101000020E6100000E85C9BD722E551C04BBCF20F115530C0","{""1"":{},""2"":{},""4"":{},""8"":{}}","2025-06-27 16:46:49.591+00","2025-06-27 16:46:49.591+00","2025-06-27 16:46:49.591+00"
2624,"868018071302858",68,"2025-06-27 16:47:04+00","-16.3323000","-71.5802766",0,0,0,0,"2572.3","19.9",13,7,"0.8",7,"0101000020E610000095E8764023E551C0F775E09C115530C0","{""1"":{},""2"":{},""4"":{},""8"":{}}","2025-06-27 16:47:16.462+00","2025-06-27 16:47:16.462+00","2025-06-27 16:47:16.462+00"
2625,"868018071302858",68,"2025-06-27 16:47:06+00","-16.3322966","-71.5802816",1,0,0,0,"2572.5","348.5",12,7,"0.7",9,"0101000020E61000001E9E6F5523E551C06E92D563115530C0","{""1"":{},""2"":{},""4"":{},""8"":{}}","2025-06-27 16:47:16.492+00","2025-06-27 16:47:16.492+00","2025-06-27 16:47:16.492+00"
2626,"868018071302858",68,"2025-06-27 16:47:08+00","-16.3322900","-71.5802750",2,0,0,0,"2573.3","51.0",12,6,"0.8",9,"0101000020E6100000EEEBC03923E551C0B0C91AF5105530C0","{""1"":{},""2"":{},""4"":{},""8"":{}}","2025-06-27 16:47:16.497+00","2025-06-27 16:47:16.497+00","2025-06-27 16:47:16.497+00"
2627,"868018071302858",68,"2025-06-27 16:47:09+00","-16.3322866","-71.5802650",3,0,0,0,"2573.4","61.1",12,6,"0.8",9,"0101000020E6100000DC80CF0F23E551C027E60FBC105530C0","{""1"":{},""2"":{},""4"":{},""8"":{}}","2025-06-27 16:47:16.5+00","2025-06-27 16:47:16.5+00","2025-06-27 16:47:16.5+00"
2628,"868018071302858",68,"2025-06-27 16:47:20+00","-16.3322900","-71.5802800",0,0,0,0,"2569.9","190.9",14,6,"0.7",9,"0101000020E610000077A1B94E23E551C0B0C91AF5105530C0","{""1"":{},""2"":{},""4"":{},""8"":{}}","2025-06-27 16:47:21.331+00","2025-06-27 16:47:21.331+00","2025-06-27 16:47:21.331+00"
2629,"868018071302858",68,"2025-06-27 16:47:31+00","-16.3323050","-71.5802816",0,0,0,0,"2566.9","210.4",14,7,"0.7",9,"0101000020E61000001E9E6F5523E551C01B4CC3F0115530C0","{""1"":{},""2"":{},""4"":{},""8"":{}}","2025-06-27 16:47:48.76+00","2025-06-27 16:47:48.76+00","2025-06-27 16:47:48.76+00"
2630,"868018071302858",68,"2025-06-27 16:47:34+00","-16.3323216","-71.5802766",1,0,0,0,"2566.8","161.7",14,6,"0.7",9,"0101000020E610000095E8764023E551C020C14307135530C0","{""1"":{},""2"":{},""4"":{},""8"":{}}","2025-06-27 16:47:48.791+00","2025-06-27 16:47:48.791+00","2025-06-27 16:47:48.791+00"
2631,"868018071302858",68,"2025-06-27 16:47:39+00","-16.3323383","-71.5802850",2,0,0,0,"2562.9","172.2",14,8,"0.7",9,"0101000020E61000000057B26323E551C04FB5711F145530C0","{""1"":{},""2"":{},""4"":{},""8"":{}}","2025-06-27 16:47:48.794+00","2025-06-27 16:47:48.794+00","2025-06-27 16:47:48.794+00"
2632,"868018071302858",68,"2025-06-27 16:47:47+00","-16.3323200","-71.5802816",3,0,0,0,"2563.1","47.8",12,7,"0.9",9,"0101000020E61000001E9E6F5523E551C085CE6BEC125530C0","{""1"":{},""2"":{},""4"":{},""8"":{}}","2025-06-27 16:47:48.798+00","2025-06-27 16:47:48.798+00","2025-06-27 16:47:48.798+00"
2633,"868018071302858",68,"2025-06-27 16:48:02+00","-16.3323083","-71.5802733",0,0,0,0,"2563.3","139.2",14,1,"0.8",7,"0101000020E61000007D8F9F3223E551C07AB02028125530C0","{""1"":{},""2"":{},""4"":{},""8"":{}}","2025-06-27 16:48:04.653+00","2025-06-27 16:48:04.653+00","2025-06-27 16:48:04.653+00"
2634,"868018071302858",68,"2025-06-27 16:48:05+00","-16.3323150","-71.5802766",0,0,0,0,"2562.8","213.2",13,5,"0.7",9,"0101000020E610000095E8764023E551C062F88898125530C0","{""1"":{},""2"":{},""4"":{},""8"":{}}","2025-06-27 16:48:06.172+00","2025-06-27 16:48:06.172+00","2025-06-27 16:48:06.172+00"
2635,"868018071302858",68,"2025-06-27 16:48:20+00","-16.3323150","-71.5802633",0,0,0,0,"2564.0","68.4",14,1,"0.7",7,"0101000020E61000006B24AE0823E551C062F88898125530C0","{""1"":{},""2"":{},""4"":{},""8"":{}}","2025-06-27 16:48:21.674+00","2025-06-27 16:48:21.674+00","2025-06-27 16:48:21.674+00"
2636,"868018071302858",68,"2025-06-27 16:48:23+00","-16.3323050","-71.5802583",0,0,0,0,"2563.5","56.8",14,5,"0.7",9,"0101000020E6100000E26EB5F322E551C01B4CC3F0115530C0","{""1"":{},""2"":{},""4"":{},""8"":{}}","2025-06-27 16:48:24.193+00","2025-06-27 16:48:24.193+00","2025-06-27 16:48:24.193+00"
2637,"868018071302858",68,"2025-06-27 16:48:29+00","-16.3323083","-71.5802900",0,0,0,0,"2565.2","231.4",12,5,"0.7",9,"0101000020E6100000890CAB7823E551C07AB02028125530C0","{""1"":{},""2"":{},""4"":{},""8"":{}}","2025-06-27 16:48:30.212+00","2025-06-27 16:48:30.212+00","2025-06-27 16:48:30.212+00"
2638,"868018071302858",68,"2025-06-27 16:48:30+00","-16.3323116","-71.5802866",0,0,0,0,"2566.3","150.3",12,6,"0.7",9,"0101000020E6100000A653686A23E551C0D9147E5F125530C0","{""1"":{},""2"":{},""4"":{},""8"":{}}","2025-06-27 16:48:31.212+00","2025-06-27 16:48:31.212+00","2025-06-27 16:48:31.212+00"
2639,"868018071302858",68,"2025-06-27 16:48:33+00","-16.3323183","-71.5802933",0,0,0,0,"2566.4","132.6",12,7,"0.8",9,"0101000020E6100000A065828623E551C0C15CE6CF125530C0","{""1"":{},""2"":{},""4"":{},""8"":{}}","2025-06-27 16:48:34.212+00","2025-06-27 16:48:34.212+00","2025-06-27 16:48:34.212+00"
2640,"868018071302858",68,"2025-06-27 16:48:48+00","-16.3323183","-71.5803016",0,0,0,0,"2568.7","139.3",13,0,"0.8",7,"0101000020E6100000417452A923E551C0C15CE6CF125530C0","{""1"":{},""2"":{},""4"":{},""8"":{}}","2025-06-27 16:48:57.967+00","2025-06-27 16:48:57.967+00","2025-06-27 16:48:57.967+00"
2641,"868018071302858",68,"2025-06-27 16:48:51+00","-16.3323200","-71.5802983",1,0,0,0,"2570.0","192.6",13,8,"0.8",9,"0101000020E6100000291B7B9B23E551C085CE6BEC125530C0","{""1"":{},""2"":{},""4"":{},""8"":{}}","2025-06-27 16:48:57.995+00","2025-06-27 16:48:57.996+00","2025-06-27 16:48:57.996+00"
2642,"868018071302858",68,"2025-06-27 16:49:07+00","-16.3323083","-71.5802933",0,0,0,0,"2570.6","36.9",13,5,"1.0",7,"0101000020E6100000A065828623E551C07AB02028125530C0","{""1"":{},""2"":{},""4"":{},""8"":{}}","2025-06-27 16:49:13.892+00","2025-06-27 16:49:13.892+00","2025-06-27 16:49:13.892+00"
2643,"868018071302858",68,"2025-06-27 16:49:12+00","-16.3323200","-71.5802950",1,0,0,0,"2570.6","234.0",12,9,"0.8",9,"0101000020E610000012C2A38D23E551C085CE6BEC125530C0","{""1"":{},""2"":{},""4"":{},""8"":{}}","2025-06-27 16:49:13.922+00","2025-06-27 16:49:13.926+00","2025-06-27 16:49:13.926+00"
2644,"868018071302858",68,"2025-06-27 16:49:14+00","-16.3323033","-71.5802733",0,0,0,0,"2569.7","53.7",13,3,"0.8",9,"0101000020E61000007D8F9F3223E551C056DA3DD4115530C0","{""1"":{},""2"":{},""4"":{},""8"":{}}","2025-06-27 16:49:14.472+00","2025-06-27 16:49:14.472+00","2025-06-27 16:49:14.472+00"
2645,"868018071302858",68,"2025-06-27 16:49:21+00","-16.3323033","-71.5802583",0,0,0,0,"2569.1","42.8",12,6,"0.8",9,"0101000020E6100000E26EB5F322E551C056DA3DD4115530C0","{""1"":{},""2"":{},""4"":{},""8"":{}}","2025-06-27 16:49:21.574+00","2025-06-27 16:49:21.574+00","2025-06-27 16:49:21.574+00"
2646,"868018071302858",68,"2025-06-27 16:49:36+00","-16.3323333","-71.5802866",0,0,0,0,"2570.9","253.1",13,1,"0.7",7,"0101000020E6100000A653686A23E551C02BDF8ECB135530C0","{""1"":{},""2"":{},""4"":{},""8"":{}}","2025-06-27 16:49:48.083+00","2025-06-27 16:49:48.083+00","2025-06-27 16:49:48.083+00"
2647,"868018071302858",68,"2025-06-27 16:49:38+00","-16.3323400","-71.5802933",1,0,0,0,"2570.8","232.7",14,9,"0.7",9,"0101000020E6100000A065828623E551C01327F73B145530C0","{""1"":{},""2"":{},""4"":{},""8"":{}}","2025-06-27 16:49:48.116+00","2025-06-27 16:49:48.117+00","2025-06-27 16:49:48.117+00"
2648,"868018071302858",68,"2025-06-27 16:49:53+00","-16.3323266","-71.5803000",0,0,0,0,"2572.5","67.8",15,0,"0.6",7,"0101000020E61000009A779CA223E551C04397265B135530C0","{""1"":{},""2"":{},""4"":{},""8"":{}}","2025-06-27 16:49:53.433+00","2025-06-27 16:49:53.433+00","2025-06-27 16:49:53.433+00"
2649,"868018071302858",68,"2025-06-27 16:50:08+00","-16.3323150","-71.5803016",0,0,0,0,"2574.0","221.4",15,0,"0.8",7,"0101000020E6100000417452A923E551C062F88898125530C0","{""1"":{},""2"":{},""4"":{},""8"":{}}","2025-06-27 16:50:21.317+00","2025-06-27 16:50:21.317+00","2025-06-27 16:50:21.317+00"
2650,"868018071302858",68,"2025-06-27 16:50:23+00","-16.3323166","-71.5803116",0,0,0,0,"2573.2","55.8",15,7,"0.6",7,"0101000020E610000053DF43D323E551C0FCEA60B3125530C0","{""1"":{},""2"":{},""4"":{},""8"":{}}","2025-06-27 16:50:23.89+00","2025-06-27 16:50:23.89+00","2025-06-27 16:50:23.89+00"
2651,"868018071302858",68,"2025-06-27 16:50:29+00","-16.3323050","-71.5803016",0,0,0,0,"2573.8","2.3",15,5,"0.7",9,"0101000020E6100000417452A923E551C01B4CC3F0115530C0","{""1"":{},""2"":{},""4"":{},""8"":{}}","2025-06-27 16:50:29.893+00","2025-06-27 16:50:29.893+00","2025-06-27 16:50:29.893+00"
2652,"868018071302858",68,"2025-06-27 16:50:44+00","-16.3322716","-71.5802750",0,0,0,0,"2571.8","103.9",15,3,"0.7",7,"0101000020E6100000EEEBC03923E551C0BC6367C00F5530C0","{""1"":{},""2"":{},""4"":{},""8"":{}}","2025-06-27 16:50:53.265+00","2025-06-27 16:50:53.265+00","2025-06-27 16:50:53.265+00"
2653,"868018071302858",68,"2025-06-27 16:50:45+00","-16.3322766","-71.5802800",1,0,0,0,"2571.9","240.5",10,2,"0.8",9,"0101000020E610000077A1B94E23E551C0E0394A14105530C0","{""1"":{},""2"":{},""4"":{},""8"":{}}","2025-06-27 16:50:53.294+00","2025-06-27 16:50:53.294+00","2025-06-27 16:50:53.294+00"
2654,"868018071302858",68,"2025-06-27 16:50:46+00","-16.3322816","-71.5802850",2,0,0,0,"2571.9","232.8",9,6,"0.9",9,"0101000020E61000000057B26323E551C004102D68105530C0","{""1"":{},""2"":{},""4"":{},""8"":{}}","2025-06-27 16:50:53.297+00","2025-06-27 16:50:53.297+00","2025-06-27 16:50:53.297+00"
2655,"868018071302858",68,"2025-06-27 16:50:48+00","-16.3322950","-71.5802933",3,0,0,0,"2570.7","193.2",10,5,"1.1",9,"0101000020E6100000A065828623E551C0D39FFD48115530C0","{""1"":{},""2"":{},""4"":{},""8"":{}}","2025-06-27 16:50:53.3+00","2025-06-27 16:50:53.3+00","2025-06-27 16:50:53.3+00"
2656,"868018071302858",68,"2025-06-27 16:50:52+00","-16.3322966","-71.5802766",4,0,0,0,"2568.3","53.1",13,9,"0.7",9,"0101000020E610000095E8764023E551C06E92D563115530C0","{""1"":{},""2"":{},""4"":{},""8"":{}}","2025-06-27 16:50:53.303+00","2025-06-27 16:50:53.303+00","2025-06-27 16:50:53.303+00"
2657,"868018071302858",68,"2025-06-27 16:51:05+00","-16.3323050","-71.5802966",0,0,0,0,"2567.7","247.3",15,7,"0.6",9,"0101000020E6100000B8BE599423E551C01B4CC3F0115530C0","{""1"":{},""2"":{},""4"":{},""8"":{}}","2025-06-27 16:51:09.332+00","2025-06-27 16:51:09.332+00","2025-06-27 16:51:09.332+00"
2658,"868018071302858",68,"2025-06-27 16:51:09+00","-16.3323016","-71.5802783",0,0,0,0,"2563.8","33.5",12,5,"0.8",9,"0101000020E61000000645984723E551C09268B8B7115530C0","{""1"":{},""2"":{},""4"":{},""8"":{}}","2025-06-27 16:51:09.752+00","2025-06-27 16:51:09.752+00","2025-06-27 16:51:09.752+00"
2659,"868018071302858",68,"2025-06-27 16:51:18+00","-16.3322900","-71.5802966",0,0,0,0,"2570.0","298.0",9,6,"1.1",9,"0101000020E6100000B8BE599423E551C0B0C91AF5105530C0","{""1"":{},""2"":{},""4"":{},""8"":{}}","2025-06-27 16:51:26.561+00","2025-06-27 16:51:26.561+00","2025-06-27 16:51:26.561+00"
2660,"868018071302858",68,"2025-06-27 16:51:19+00","-16.3323033","-71.5803316",1,0,0,0,"2570.4","246.0",11,11,"1.0",9,"0101000020E610000076B5262724E551C056DA3DD4115530C0","{""1"":{},""2"":{},""4"":{},""8"":{}}","2025-06-27 16:51:26.591+00","2025-06-27 16:51:26.591+00","2025-06-27 16:51:26.591+00"
2661,"868018071302858",68,"2025-06-27 16:51:34+00","-16.3323233","-71.5802800",0,0,0,0,"2557.4","228.4",14,7,"0.8",7,"0101000020E610000077A1B94E23E551C0E432C923135530C0","{""1"":{},""2"":{},""4"":{},""8"":{}}","2025-06-27 16:51:42.385+00","2025-06-27 16:51:42.385+00","2025-06-27 16:51:42.385+00"
2662,"868018071302858",68,"2025-06-27 16:51:36+00","-16.3323183","-71.5802816",1,0,0,0,"2558.6","161.4",14,6,"0.7",9,"0101000020E61000001E9E6F5523E551C0C15CE6CF125530C0","{""1"":{},""2"":{},""4"":{},""8"":{}}","2025-06-27 16:51:42.413+00","2025-06-27 16:51:42.413+00","2025-06-27 16:51:42.413+00"
2663,"868018071302858",68,"2025-06-27 16:51:41+00","-16.3323016","-71.5802550",2,0,0,0,"2558.4","187.1",14,5,"0.7",9,"0101000020E6100000CA15DEE522E551C09268B8B7115530C0","{""1"":{},""2"":{},""4"":{},""8"":{}}","2025-06-27 16:51:42.417+00","2025-06-27 16:51:42.417+00","2025-06-27 16:51:42.417+00"
2664,"868018071302858",68,"2025-06-27 16:51:56+00","-16.3322900","-71.5802283",0,0,0,0,"2558.6","63.6",14,0,"0.8",7,"0101000020E6100000AD2DE17522E551C0B0C91AF5105530C0","{""1"":{},""2"":{},""4"":{},""8"":{}}","2025-06-27 16:51:58.532+00","2025-06-27 16:51:58.532+00","2025-06-27 16:51:58.532+00"
2665,"868018071302858",68,"2025-06-27 16:52:11+00","-16.3322916","-71.5802266",0,0,0,0,"2558.9","46.9",15,0,"0.7",7,"0101000020E61000003CD1BF6E22E551C04BBCF20F115530C0","{""1"":{},""2"":{},""4"":{},""8"":{}}","2025-06-27 16:52:14.553+00","2025-06-27 16:52:14.553+00","2025-06-27 16:52:14.553+00"
2666,"868018071302858",68,"2025-06-27 16:52:26+00","-16.3322883","-71.5802233",0,0,0,0,"2558.8","31.8",16,0,"0.7",7,"0101000020E61000002478E86022E551C0EB5795D8105530C0","{""1"":{},""2"":{},""4"":{},""8"":{}}","2025-06-27 16:52:30.711+00","2025-06-27 16:52:30.712+00","2025-06-27 16:52:30.712+00"
2667,"868018071302858",68,"2025-06-27 16:52:41+00","-16.3322850","-71.5802250",0,0,0,0,"2560.1","222.5",18,0,"0.6",7,"0101000020E610000095D4096822E551C08CF337A1105530C0","{""1"":{},""2"":{},""4"":{},""8"":{}}","2025-06-27 16:52:46.592+00","2025-06-27 16:52:46.592+00","2025-06-27 16:52:46.592+00"
2668,"868018071302858",68,"2025-06-27 16:52:56+00","-16.3322850","-71.5802700",0,0,0,0,"2563.3","11.5",19,0,"0.6",7,"0101000020E61000006536C82423E551C08CF337A1105530C0","{""1"":{},""2"":{},""4"":{},""8"":{}}","2025-06-27 16:53:02.693+00","2025-06-27 16:53:02.693+00","2025-06-27 16:53:02.693+00"
2669,"868018071302858",68,"2025-06-27 16:53:11+00","-16.3322833","-71.5802966",0,0,0,0,"2564.7","296.1",17,0,"0.6",7,"0101000020E6100000B8BE599423E551C0C881B284105530C0","{""1"":{},""2"":{},""4"":{},""8"":{}}","2025-06-27 16:53:18.711+00","2025-06-27 16:53:18.712+00","2025-06-27 16:53:18.712+00"
2670,"868018071302858",68,"2025-06-27 16:53:26+00","-16.3322983","-71.5803200",0,0,0,0,"2566.8","202.5",17,0,"0.7",7,"0101000020E6100000BE4D7FF623E551C033045B80115530C0","{""1"":{},""2"":{},""4"":{},""8"":{}}","2025-06-27 16:53:34.919+00","2025-06-27 16:53:34.919+00","2025-06-27 16:53:34.919+00"
2671,"868018071302858",68,"2025-06-27 16:53:41+00","-16.3323183","-71.5803150",0,0,0,0,"2569.5","255.7",17,0,"0.7",7,"0101000020E6100000359886E123E551C0C15CE6CF125530C0","{""1"":{},""2"":{},""4"":{},""8"":{}}","2025-06-27 16:53:42.038+00","2025-06-27 16:53:42.038+00","2025-06-27 16:53:42.038+00"
2672,"868018071302858",68,"2025-06-27 16:53:56+00","-16.3323166","-71.5803316",0,0,0,0,"2573.0","228.7",18,6,"0.7",7,"0101000020E610000076B5262724E551C0FCEA60B3125530C0","{""1"":{},""2"":{},""4"":{},""8"":{}}","2025-06-27 16:54:07.851+00","2025-06-27 16:54:07.851+00","2025-06-27 16:54:07.851+00"
2673,"868018071302858",68,"2025-06-27 16:54:11+00","-16.3323200","-71.5803283",0,0,0,0,"2573.6","129.2",17,0,"0.7",7,"0101000020E61000005F5C4F1924E551C085CE6BEC125530C0","{""1"":{},""2"":{},""4"":{},""8"":{}}","2025-06-27 16:54:11.558+00","2025-06-27 16:54:11.559+00","2025-06-27 16:54:11.559+00"
2674,"868018071302858",68,"2025-06-27 16:54:26+00","-16.3323266","-71.5803100",0,0,0,0,"2574.6","91.8",18,0,"0.7",7,"0101000020E6100000ACE28DCC23E551C04397265B135530C0","{""1"":{},""2"":{},""4"":{},""8"":{}}","2025-06-27 16:54:41.15+00","2025-06-27 16:54:41.151+00","2025-06-27 16:54:41.151+00"
2675,"868018071302858",68,"2025-06-27 16:54:41+00","-16.3323233","-71.5803100",0,0,0,0,"2575.1","157.9",18,0,"0.6",7,"0101000020E6100000ACE28DCC23E551C0E432C923135530C0","{""1"":{},""2"":{},""4"":{},""8"":{}}","2025-06-27 16:54:41.591+00","2025-06-27 16:54:41.591+00","2025-06-27 16:54:41.591+00"
2676,"868018071302858",68,"2025-06-27 16:54:56+00","-16.3323100","-71.5803183",0,0,0,0,"2577.1","27.9",18,0,"0.6",7,"0101000020E61000004DF15DEF23E551C03E22A644125530C0","{""1"":{},""2"":{},""4"":{},""8"":{}}","2025-06-27 16:54:58.054+00","2025-06-27 16:54:58.054+00","2025-06-27 16:54:58.054+00"
2677,"868018071302858",68,"2025-06-27 16:55:11+00","-16.3322916","-71.5803250",0,0,0,0,"2578.4","343.7",19,0,"0.6",7,"0101000020E61000004703780B24E551C04BBCF20F115530C0","{""1"":{},""2"":{},""4"":{},""8"":{}}","2025-06-27 16:55:14.134+00","2025-06-27 16:55:14.134+00","2025-06-27 16:55:14.134+00"
2678,"868018071302858",68,"2025-06-27 16:55:26+00","-16.3322766","-71.5803233",0,0,0,0,"2579.2","158.5",19,0,"0.6",7,"0101000020E6100000D6A6560424E551C0E0394A14105530C0","{""1"":{},""2"":{},""4"":{},""8"":{}}","2025-06-27 16:55:30.152+00","2025-06-27 16:55:30.152+00","2025-06-27 16:55:30.152+00"
2679,"868018071302858",68,"2025-06-27 16:55:41+00","-16.3322716","-71.5803200",0,0,0,0,"2580.1","79.9",19,0,"0.6",7,"0101000020E6100000BE4D7FF623E551C0BC6367C00F5530C0","{""1"":{},""2"":{},""4"":{},""8"":{}}","2025-06-27 16:55:46.311+00","2025-06-27 16:55:46.311+00","2025-06-27 16:55:46.311+00"
2680,"868018071302858",68,"2025-06-27 16:55:56+00","-16.3322716","-71.5803050",0,0,0,0,"2579.4","142.5",18,0,"0.7",7,"0101000020E6100000232D95B723E551C0BC6367C00F5530C0","{""1"":{},""2"":{},""4"":{},""8"":{}}","2025-06-27 16:56:03.117+00","2025-06-27 16:56:03.117+00","2025-06-27 16:56:03.117+00"
2681,"868018071302858",68,"2025-06-27 16:56:11+00","-16.3322983","-71.5803016",0,0,0,0,"2578.9","303.9",18,0,"0.7",7,"0101000020E6100000417452A923E551C033045B80115530C0","{""1"":{},""2"":{},""4"":{},""8"":{}}","2025-06-27 16:56:19.151+00","2025-06-27 16:56:19.151+00","2025-06-27 16:56:19.151+00"
2682,"868018071302858",68,"2025-06-27 16:56:26+00","-16.3323050","-71.5802883",0,0,0,0,"2579.2","23.3",18,0,"0.7",7,"0101000020E610000018B0897123E551C01B4CC3F0115530C0","{""1"":{},""2"":{},""4"":{},""8"":{}}","2025-06-27 16:56:35.192+00","2025-06-27 16:56:35.192+00","2025-06-27 16:56:35.192+00"
2683,"868018071302858",68,"2025-06-27 16:56:41+00","-16.3323050","-71.5803016",0,0,0,0,"2582.9","20.1",18,0,"0.6",7,"0101000020E6100000417452A923E551C01B4CC3F0115530C0","{""1"":{},""2"":{},""4"":{},""8"":{}}","2025-06-27 16:56:41.811+00","2025-06-27 16:56:41.811+00","2025-06-27 16:56:41.811+00"
2684,"868018071302858",68,"2025-06-27 16:56:56+00","-16.3322950","-71.5803000",0,0,0,0,"2587.1","129.3",18,0,"0.6",7,"0101000020E61000009A779CA223E551C0D39FFD48115530C0","{""1"":{},""2"":{},""4"":{},""8"":{}}","2025-06-27 16:57:08.451+00","2025-06-27 16:57:08.451+00","2025-06-27 16:57:08.451+00"
2685,"868018071302858",68,"2025-06-27 16:57:11+00","-16.3323050","-71.5803033",0,0,0,0,"2588.0","137.8",20,0,"0.5",7,"0101000020E6100000B2D073B023E551C01B4CC3F0115530C0","{""1"":{},""2"":{},""4"":{},""8"":{}}","2025-06-27 16:57:12.311+00","2025-06-27 16:57:12.311+00","2025-06-27 16:57:12.311+00"
2686,"868018071302858",68,"2025-06-27 16:57:26+00","-16.3323316","-71.5803366",0,0,0,0,"2587.8","24.5",19,0,"0.6",7,"0101000020E6100000FF6A1F3C24E551C0676D09AF135530C0","{""1"":{},""2"":{},""4"":{},""8"":{}}","2025-06-27 16:57:40.392+00","2025-06-27 16:57:40.392+00","2025-06-27 16:57:40.392+00"
2687,"868018071302858",68,"2025-06-27 16:57:41+00","-16.3323166","-71.5803566",0,0,0,0,"2589.1","290.0",20,1,"0.6",7,"0101000020E61000002341029024E551C0FCEA60B3125530C0","{""1"":{},""2"":{},""4"":{},""8"":{}}","2025-06-27 16:57:42.333+00","2025-06-27 16:57:42.333+00","2025-06-27 16:57:42.333+00"
2688,"868018071302858",68,"2025-06-27 16:57:56+00","-16.3322983","-71.5803383",0,0,0,0,"2588.8","138.0",20,0,"0.6",7,"0101000020E610000070C7404324E551C033045B80115530C0","{""1"":{},""2"":{},""4"":{},""8"":{}}","2025-06-27 16:58:12.89+00","2025-06-27 16:58:12.891+00","2025-06-27 16:58:12.891+00"
2689,"868018071302858",68,"2025-06-27 16:58:11+00","-16.3323100","-71.5803283",1,0,0,0,"2585.1","178.5",20,0,"0.6",7,"0101000020E61000005F5C4F1924E551C03E22A644125530C0","{""1"":{},""2"":{},""4"":{},""8"":{}}","2025-06-27 16:58:12.919+00","2025-06-27 16:58:12.919+00","2025-06-27 16:58:12.919+00"
2690,"868018071302858",68,"2025-06-27 16:58:26+00","-16.3323316","-71.5803183",0,0,0,0,"2583.9","241.4",19,0,"0.7",7,"0101000020E61000004DF15DEF23E551C0676D09AF135530C0","{""1"":{},""2"":{},""4"":{},""8"":{}}","2025-06-27 16:58:29.611+00","2025-06-27 16:58:29.612+00","2025-06-27 16:58:29.612+00"
2691,"868018071302858",68,"2025-06-27 16:58:41+00","-16.3323316","-71.5803083",0,0,0,0,"2585.7","69.9",18,0,"0.6",7,"0101000020E61000003B866CC523E551C0676D09AF135530C0","{""1"":{},""2"":{},""4"":{},""8"":{}}","2025-06-27 16:58:45.612+00","2025-06-27 16:58:45.612+00","2025-06-27 16:58:45.612+00"
2692,"868018071302858",68,"2025-06-27 16:58:56+00","-16.3323333","-71.5803050",0,0,0,0,"2585.9","331.9",18,0,"0.6",7,"0101000020E6100000232D95B723E551C02BDF8ECB135530C0","{""1"":{},""2"":{},""4"":{},""8"":{}}","2025-06-27 16:59:02.408+00","2025-06-27 16:59:02.408+00","2025-06-27 16:59:02.408+00"
2693,"868018071302858",68,"2025-06-27 16:59:11+00","-16.3323366","-71.5803133",0,0,0,0,"2586.5","243.8",19,0,"0.6",7,"0101000020E6100000C43B65DA23E551C08B43EC02145530C0","{""1"":{},""2"":{},""4"":{},""8"":{}}","2025-06-27 16:59:18.552+00","2025-06-27 16:59:18.552+00","2025-06-27 16:59:18.552+00"
2694,"868018071302858",68,"2025-06-27 16:59:26+00","-16.3323400","-71.5803483",0,0,0,0,"2587.3","180.8",21,2,"0.5",7,"0101000020E61000008232326D24E551C01327F73B145530C0","{""1"":{},""2"":{},""4"":{},""8"":{}}","2025-06-27 16:59:34.592+00","2025-06-27 16:59:34.592+00","2025-06-27 16:59:34.592+00"
2695,"868018071302858",68,"2025-06-27 16:59:41+00","-16.3323533","-71.5803366",0,0,0,0,"2586.3","124.6",21,0,"0.5",7,"0101000020E6100000FF6A1F3C24E551C0BA371A1B155530C0","{""1"":{},""2"":{},""4"":{},""8"":{}}","2025-06-27 16:59:50.431+00","2025-06-27 16:59:50.431+00","2025-06-27 16:59:50.431+00"
2696,"868018071302858",68,"2025-06-27 16:59:56+00","-16.3323166","-71.5803116",0,0,0,0,"2586.7","131.4",20,0,"0.6",7,"0101000020E610000053DF43D323E551C0FCEA60B3125530C0","{""1"":{},""2"":{},""4"":{},""8"":{}}","2025-06-27 16:59:57.152+00","2025-06-27 16:59:57.152+00","2025-06-27 16:59:57.152+00"
2697,"868018071302858",68,"2025-06-27 17:00:11+00","-16.3323083","-71.5803200",0,0,0,0,"2586.3","63.1",21,0,"0.5",7,"0101000020E6100000BE4D7FF623E551C07AB02028125530C0","{""1"":{},""2"":{},""4"":{},""8"":{}}","2025-06-27 17:00:23.713+00","2025-06-27 17:00:23.713+00","2025-06-27 17:00:23.713+00"
2698,"868018071302858",68,"2025-06-27 17:00:26+00","-16.3323033","-71.5803033",0,0,0,0,"2583.4","302.5",22,0,"0.5",7,"0101000020E6100000B2D073B023E551C056DA3DD4115530C0","{""1"":{},""2"":{},""4"":{},""8"":{}}","2025-06-27 17:00:26.551+00","2025-06-27 17:00:26.551+00","2025-06-27 17:00:26.551+00"
2699,"868018071302858",68,"2025-06-27 17:00:41+00","-16.3323050","-71.5802933",0,0,0,0,"2583.3","354.7",21,0,"0.6",7,"0101000020E6100000A065828623E551C01B4CC3F0115530C0","{""1"":{},""2"":{},""4"":{},""8"":{}}","2025-06-27 17:00:55.852+00","2025-06-27 17:00:55.852+00","2025-06-27 17:00:55.852+00"
2700,"868018071302858",68,"2025-06-27 17:00:56+00","-16.3322983","-71.5802800",0,0,0,0,"2581.8","127.1",21,0,"0.5",7,"0101000020E610000077A1B94E23E551C033045B80115530C0","{""1"":{},""2"":{},""4"":{},""8"":{}}","2025-06-27 17:00:56.547+00","2025-06-27 17:00:56.547+00","2025-06-27 17:00:56.547+00"
2701,"868018071302858",68,"2025-06-27 17:01:05+00","-16.3323050","-71.5803000",0,0,0,0,"2580.9","210.5",17,6,"0.6",9,"0101000020E61000009A779CA223E551C01B4CC3F0115530C0","{""1"":{},""2"":{},""4"":{},""8"":{}}","2025-06-27 17:01:11.852+00","2025-06-27 17:01:11.852+00","2025-06-27 17:01:11.852+00"
2702,"868018071302858",68,"2025-06-27 17:01:20+00","-16.3323300","-71.5802900",0,0,0,0,"2580.8","51.1",21,0,"0.6",7,"0101000020E6100000890CAB7823E551C0CC7A3194135530C0","{""1"":{},""2"":{},""4"":{},""8"":{}}","2025-06-27 17:01:28.031+00","2025-06-27 17:01:28.031+00","2025-06-27 17:01:28.031+00"
2703,"868018071302858",68,"2025-06-27 17:01:30+00","-16.3323216","-71.5802883",0,0,0,0,"2581.5","145.2",22,6,"0.6",9,"0101000020E610000018B0897123E551C020C14307135530C0","{""1"":{},""2"":{},""4"":{},""8"":{}}","2025-06-27 17:01:30.992+00","2025-06-27 17:01:30.992+00","2025-06-27 17:01:30.992+00"
2704,"868018071302858",68,"2025-06-27 17:01:35+00","-16.3323300","-71.5802966",0,0,0,0,"2582.3","184.1",22,6,"0.7",9,"0101000020E6100000B8BE599423E551C0CC7A3194135530C0","{""1"":{},""2"":{},""4"":{},""8"":{}}","2025-06-27 17:01:35.999+00","2025-06-27 17:01:35.999+00","2025-06-27 17:01:35.999+00"
2705,"868018071302858",68,"2025-06-27 17:01:50+00","-16.3323166","-71.5803200",0,0,0,0,"2582.9","336.3",22,0,"0.6",7,"0101000020E6100000BE4D7FF623E551C0FCEA60B3125530C0","{""1"":{},""2"":{},""4"":{},""8"":{}}","2025-06-27 17:01:59.952+00","2025-06-27 17:01:59.953+00","2025-06-27 17:01:59.953+00"
2706,"868018071302858",68,"2025-06-27 17:02:05+00","-16.3323150","-71.5803350",0,0,0,0,"2584.7","321.8",22,1,"0.5",7,"0101000020E6100000596E693524E551C062F88898125530C0","{""1"":{},""2"":{},""4"":{},""8"":{}}","2025-06-27 17:02:06.431+00","2025-06-27 17:02:06.431+00","2025-06-27 17:02:06.431+00"
2707,"868018071302858",68,"2025-06-27 17:02:20+00","-16.3323050","-71.5803183",0,0,0,0,"2588.5","145.3",21,0,"0.5",7,"0101000020E61000004DF15DEF23E551C01B4CC3F0115530C0","{""1"":{},""2"":{},""4"":{},""8"":{}}","2025-06-27 17:02:33.273+00","2025-06-27 17:02:33.273+00","2025-06-27 17:02:33.273+00"
2708,"868018071302858",68,"2025-06-27 17:02:35+00","-16.3323050","-71.5803316",0,0,0,0,"2591.7","140.7",22,0,"0.6",7,"0101000020E610000076B5262724E551C01B4CC3F0115530C0","{""1"":{},""2"":{},""4"":{},""8"":{}}","2025-06-27 17:02:36.459+00","2025-06-27 17:02:36.46+00","2025-06-27 17:02:36.46+00"
2709,"868018071302858",68,"2025-06-27 17:02:50+00","-16.3323133","-71.5803450",0,0,0,0,"2592.3","160.6",21,0,"0.5",7,"0101000020E61000006AD95A5F24E551C09D86037C125530C0","{""1"":{},""2"":{},""4"":{},""8"":{}}","2025-06-27 17:03:06.291+00","2025-06-27 17:03:06.291+00","2025-06-27 17:03:06.291+00"
2710,"868018071302858",68,"2025-06-27 17:03:05+00","-16.3323216","-71.5803366",1,0,0,0,"2593.7","14.9",20,0,"0.5",7,"0101000020E6100000FF6A1F3C24E551C020C14307135530C0","{""1"":{},""2"":{},""4"":{},""8"":{}}","2025-06-27 17:03:06.32+00","2025-06-27 17:03:06.32+00","2025-06-27 17:03:06.32+00"
2711,"868018071302858",68,"2025-06-27 17:03:10+00","-16.3323233","-71.5803483",0,0,0,0,"2593.2","226.6",20,5,"0.5",9,"0101000020E61000008232326D24E551C0E432C923135530C0","{""1"":{},""2"":{},""4"":{},""8"":{}}","2025-06-27 17:03:10.987+00","2025-06-27 17:03:10.988+00","2025-06-27 17:03:10.988+00"
2712,"868018071302858",68,"2025-06-27 17:03:25+00","-16.3323033","-71.5803233",0,0,0,0,"2593.1","196.5",21,0,"0.6",7,"0101000020E6100000D6A6560424E551C056DA3DD4115530C0","{""1"":{},""2"":{},""4"":{},""8"":{}}","2025-06-27 17:03:38.548+00","2025-06-27 17:03:38.548+00","2025-06-27 17:03:38.548+00"
2713,"868018071302858",68,"2025-06-27 17:03:40+00","-16.3323033","-71.5803416",0,0,0,0,"2593.8","252.8",22,0,"0.6",7,"0101000020E61000008820185124E551C056DA3DD4115530C0","{""1"":{},""2"":{},""4"":{},""8"":{}}","2025-06-27 17:03:41.228+00","2025-06-27 17:03:41.228+00","2025-06-27 17:03:41.228+00"
2714,"868018071302858",68,"2025-06-27 17:03:55+00","-16.3323083","-71.5803450",0,0,0,0,"2592.3","230.1",22,1,"0.5",7,"0101000020E61000006AD95A5F24E551C07AB02028125530C0","{""1"":{},""2"":{},""4"":{},""8"":{}}","2025-06-27 17:04:10.588+00","2025-06-27 17:04:10.588+00","2025-06-27 17:04:10.588+00"
2715,"868018071302858",68,"2025-06-27 17:04:10+00","-16.3323133","-71.5803433",0,0,0,0,"2591.7","169.3",21,0,"0.6",7,"0101000020E6100000F97C395824E551C09D86037C125530C0","{""1"":{},""2"":{},""4"":{},""8"":{}}","2025-06-27 17:04:11.009+00","2025-06-27 17:04:11.009+00","2025-06-27 17:04:11.009+00"
2716,"868018071302858",68,"2025-06-27 17:04:25+00","-16.3323033","-71.5803466",0,0,0,0,"2592.9","291.9",21,0,"0.6",7,"0101000020E610000011D6106624E551C056DA3DD4115530C0","{""1"":{},""2"":{},""4"":{},""8"":{}}","2025-06-27 17:04:27.568+00","2025-06-27 17:04:27.568+00","2025-06-27 17:04:27.568+00"
2717,"868018071302858",68,"2025-06-27 17:04:40+00","-16.3323150","-71.5803533",0,0,0,0,"2592.0","209.9",21,2,"0.5",7,"0101000020E61000000BE82A8224E551C062F88898125530C0","{""1"":{},""2"":{},""4"":{},""8"":{}}","2025-06-27 17:04:43.749+00","2025-06-27 17:04:43.749+00","2025-06-27 17:04:43.749+00"
2718,"868018071302858",68,"2025-06-27 17:04:55+00","-16.3323100","-71.5803566",0,0,0,0,"2589.7","186.5",22,0,"0.5",7,"0101000020E61000002341029024E551C03E22A644125530C0","{""1"":{},""2"":{},""4"":{},""8"":{}}","2025-06-27 17:04:59.619+00","2025-06-27 17:04:59.619+00","2025-06-27 17:04:59.619+00"
2719,"868018071302858",68,"2025-06-27 17:05:10+00","-16.3323216","-71.5803500",0,0,0,0,"2588.4","308.8",22,0,"0.5",7,"0101000020E6100000F38E537424E551C020C14307135530C0","{""1"":{},""2"":{},""4"":{},""8"":{}}","2025-06-27 17:05:15.667+00","2025-06-27 17:05:15.667+00","2025-06-27 17:05:15.667+00"
2720,"868018071302858",68,"2025-06-27 17:05:25+00","-16.3323366","-71.5803583",0,0,0,0,"2588.7","58.6",23,0,"0.5",7,"0101000020E6100000949D239724E551C08B43EC02145530C0","{""1"":{},""2"":{},""4"":{},""8"":{}}","2025-06-27 17:05:31.709+00","2025-06-27 17:05:31.709+00","2025-06-27 17:05:31.709+00"
2721,"868018071302858",68,"2025-06-27 17:05:40+00","-16.3323350","-71.5803666",0,0,0,0,"2589.7","108.8",20,0,"0.5",7,"0101000020E610000035ACF3B924E551C0F05014E8135530C0","{""1"":{},""2"":{},""4"":{},""8"":{}}","2025-06-27 17:05:47.879+00","2025-06-27 17:05:47.879+00","2025-06-27 17:05:47.879+00"
2722,"868018071302858",68,"2025-06-27 17:05:55+00","-16.3323300","-71.5803650",0,0,0,0,"2589.3","156.0",24,0,"0.5",7,"0101000020E61000008EAF3DB324E551C0CC7A3194135530C0","{""1"":{},""2"":{},""4"":{},""8"":{}}","2025-06-27 17:06:03.859+00","2025-06-27 17:06:03.859+00","2025-06-27 17:06:03.859+00"
2723,"868018071302858",68,"2025-06-27 17:06:10+00","-16.3323150","-71.5803583",0,0,0,0,"2587.2","216.1",24,0,"0.6",7,"0101000020E6100000949D239724E551C062F88898125530C0","{""1"":{},""2"":{},""4"":{},""8"":{}}","2025-06-27 17:06:19.987+00","2025-06-27 17:06:19.987+00","2025-06-27 17:06:19.987+00"
2724,"868018071302858",68,"2025-06-27 17:06:25+00","-16.3322916","-71.5803416",0,0,0,0,"2585.3","36.0",23,0,"0.6",7,"0101000020E61000008820185124E551C04BBCF20F115530C0","{""1"":{},""2"":{},""4"":{},""8"":{}}","2025-06-27 17:06:26.347+00","2025-06-27 17:06:26.347+00","2025-06-27 17:06:26.347+00"
2725,"868018071302858",68,"2025-06-27 17:06:40+00","-16.3323016","-71.5803466",0,0,0,0,"2583.3","320.2",23,0,"0.6",7,"0101000020E610000011D6106624E551C09268B8B7115530C0","{""1"":{},""2"":{},""4"":{},""8"":{}}","2025-06-27 17:06:53.228+00","2025-06-27 17:06:53.228+00","2025-06-27 17:06:53.228+00"
2726,"868018071302858",68,"2025-06-27 17:06:55+00","-16.3323183","-71.5803600",0,0,0,0,"2582.9","353.6",24,0,"0.6",7,"0101000020E610000005FA449E24E551C0C15CE6CF125530C0","{""1"":{},""2"":{},""4"":{},""8"":{}}","2025-06-27 17:06:56.346+00","2025-06-27 17:06:56.347+00","2025-06-27 17:06:56.347+00"
2727,"868018071302858",68,"2025-06-27 17:07:10+00","-16.3323116","-71.5803416",0,0,0,0,"2581.5","350.3",25,0,"0.5",7,"0101000020E61000008820185124E551C0D9147E5F125530C0","{""1"":{},""2"":{},""4"":{},""8"":{}}","2025-06-27 17:07:25.297+00","2025-06-27 17:07:25.297+00","2025-06-27 17:07:25.297+00"
2728,"868018071302858",68,"2025-06-27 17:07:25+00","-16.3323083","-71.5803416",0,0,0,0,"2580.7","255.7",25,0,"0.6",7,"0101000020E61000008820185124E551C07AB02028125530C0","{""1"":{},""2"":{},""4"":{},""8"":{}}","2025-06-27 17:07:25.797+00","2025-06-27 17:07:25.797+00","2025-06-27 17:07:25.797+00"
2729,"868018071302858",68,"2025-06-27 17:07:40+00","-16.3323000","-71.5803550",0,0,0,0,"2580.0","293.9",24,0,"0.5",7,"0101000020E61000007C444C8924E551C0F775E09C115530C0","{""1"":{},""2"":{},""4"":{},""8"":{}}","2025-06-27 17:07:42.277+00","2025-06-27 17:07:42.277+00","2025-06-27 17:07:42.277+00"
2730,"868018071302858",68,"2025-06-27 17:07:55+00","-16.3322966","-71.5803600",0,0,0,0,"2579.8","311.0",25,0,"0.5",7,"0101000020E610000005FA449E24E551C06E92D563115530C0","{""1"":{},""2"":{},""4"":{},""8"":{}}","2025-06-27 17:07:58.417+00","2025-06-27 17:07:58.417+00","2025-06-27 17:07:58.417+00"
2731,"868018071302858",68,"2025-06-27 17:08:10+00","-16.3322900","-71.5803583",0,0,0,0,"2579.6","98.8",25,0,"0.5",7,"0101000020E6100000949D239724E551C0B0C91AF5105530C0","{""1"":{},""2"":{},""4"":{},""8"":{}}","2025-06-27 17:08:14.393+00","2025-06-27 17:08:14.393+00","2025-06-27 17:08:14.393+00"
2732,"868018071302858",68,"2025-06-27 17:08:25+00","-16.3323016","-71.5803816",0,0,0,0,"2577.8","10.8",25,0,"0.5",7,"0101000020E6100000CFCCDDF824E551C09268B8B7115530C0","{""1"":{},""2"":{},""4"":{},""8"":{}}","2025-06-27 17:08:30.473+00","2025-06-27 17:08:30.473+00","2025-06-27 17:08:30.473+00"
2733,"868018071302858",68,"2025-06-27 17:08:40+00","-16.3322900","-71.5803800",0,0,0,0,"2576.5","3.6",25,0,"0.5",7,"0101000020E610000029D027F224E551C0B0C91AF5105530C0","{""1"":{},""2"":{},""4"":{},""8"":{}}","2025-06-27 17:08:46.468+00","2025-06-27 17:08:46.468+00","2025-06-27 17:08:46.468+00"
2734,"868018071302858",68,"2025-06-27 17:08:55+00","-16.3323083","-71.5803400",0,0,0,0,"2577.1","159.5",23,0,"0.5",7,"0101000020E6100000E223624A24E551C07AB02028125530C0","{""1"":{},""2"":{},""4"":{},""8"":{}}","2025-06-27 17:09:03.56+00","2025-06-27 17:09:03.56+00","2025-06-27 17:09:03.56+00"
2735,"868018071302858",68,"2025-06-27 17:09:10+00","-16.3322983","-71.5803333",0,0,0,0,"2575.9","246.8",25,0,"0.5",7,"0101000020E6100000E811482E24E551C033045B80115530C0","{""1"":{},""2"":{},""4"":{},""8"":{}}","2025-06-27 17:09:19.319+00","2025-06-27 17:09:19.319+00","2025-06-27 17:09:19.319+00"
2736,"868018071302858",68,"2025-06-27 17:09:25+00","-16.3323333","-71.5803666",0,0,0,0,"2577.7","177.4",25,0,"0.5",7,"0101000020E610000035ACF3B924E551C02BDF8ECB135530C0","{""1"":{},""2"":{},""4"":{},""8"":{}}","2025-06-27 17:09:25.977+00","2025-06-27 17:09:25.977+00","2025-06-27 17:09:25.977+00"
2737,"868018071302858",68,"2025-06-27 17:09:40+00","-16.3323166","-71.5803650",0,0,0,0,"2576.8","195.9",24,0,"0.5",7,"0101000020E61000008EAF3DB324E551C0FCEA60B3125530C0","{""1"":{},""2"":{},""4"":{},""8"":{}}","2025-06-27 17:09:52.417+00","2025-06-27 17:09:52.417+00","2025-06-27 17:09:52.417+00"
2738,"868018071302858",68,"2025-06-27 17:09:55+00","-16.3323116","-71.5803583",0,0,0,0,"2577.9","206.8",23,0,"0.5",7,"0101000020E6100000949D239724E551C0D9147E5F125530C0","{""1"":{},""2"":{},""4"":{},""8"":{}}","2025-06-27 17:09:55.98+00","2025-06-27 17:09:55.98+00","2025-06-27 17:09:55.98+00"
2739,"868018071302858",68,"2025-06-27 17:10:09+00","-16.3323183","-71.5803600",0,0,0,0,"2578.0","183.2",23,7,"0.5",9,"0101000020E610000005FA449E24E551C0C15CE6CF125530C0","{""1"":{},""2"":{},""4"":{},""8"":{}}","2025-06-27 17:10:25.765+00","2025-06-27 17:10:25.766+00","2025-06-27 17:10:25.766+00"
2740,"868018071302858",68,"2025-06-27 17:10:24+00","-16.3323283","-71.5803733",1,0,0,0,"2578.3","296.5",23,0,"0.6",7,"0101000020E61000002FBE0DD624E551C00809AC77135530C0","{""1"":{},""2"":{},""4"":{},""8"":{}}","2025-06-27 17:10:25.804+00","2025-06-27 17:10:25.804+00","2025-06-27 17:10:25.804+00"
2741,"868018071302858",68,"2025-06-27 17:10:32+00","-16.3323233","-71.5803650",0,0,0,0,"2577.5","34.5",26,5,"0.5",9,"0101000020E61000008EAF3DB324E551C0E432C923135530C0","{""1"":{},""2"":{},""4"":{},""8"":{}}","2025-06-27 17:10:32.456+00","2025-06-27 17:10:32.456+00","2025-06-27 17:10:32.456+00"
2742,"868018071302858",68,"2025-06-27 17:10:47+00","-16.3323300","-71.5803583",0,0,0,0,"2576.4","184.0",25,1,"0.5",7,"0101000020E6100000949D239724E551C0CC7A3194135530C0","{""1"":{},""2"":{},""4"":{},""8"":{}}","2025-06-27 17:10:57.66+00","2025-06-27 17:10:57.66+00","2025-06-27 17:10:57.66+00"
2743,"868018071302858",68,"2025-06-27 17:11:02+00","-16.3323150","-71.5803433",0,0,0,0,"2576.0","127.5",26,0,"0.5",7,"0101000020E6100000F97C395824E551C062F88898125530C0","{""1"":{},""2"":{},""4"":{},""8"":{}}","2025-06-27 17:11:03.14+00","2025-06-27 17:11:03.14+00","2025-06-27 17:11:03.14+00"
2744,"868018071302858",68,"2025-06-27 17:11:06+00","-16.3323133","-71.5803433",0,0,0,0,"2575.7","201.9",25,5,"0.6",9,"0101000020E6100000F97C395824E551C09D86037C125530C0","{""1"":{},""2"":{},""4"":{},""8"":{}}","2025-06-27 17:11:07.137+00","2025-06-27 17:11:07.137+00","2025-06-27 17:11:07.137+00"
2745,"868018071302858",68,"2025-06-27 17:11:21+00","-16.3323066","-71.5803466",0,0,0,0,"2575.6","269.4",26,1,"0.6",7,"0101000020E610000011D6106624E551C0B53E9B0B125530C0","{""1"":{},""2"":{},""4"":{},""8"":{}}","2025-06-27 17:11:31.977+00","2025-06-27 17:11:31.977+00","2025-06-27 17:11:31.977+00"
2746,"868018071302858",68,"2025-06-27 17:11:25+00","-16.3323083","-71.5803533",1,0,0,0,"2575.7","51.4",24,8,"0.6",9,"0101000020E61000000BE82A8224E551C07AB02028125530C0","{""1"":{},""2"":{},""4"":{},""8"":{}}","2025-06-27 17:11:32.008+00","2025-06-27 17:11:32.008+00","2025-06-27 17:11:32.008+00"
2747,"868018071302858",68,"2025-06-27 17:11:40+00","-16.3323166","-71.5803583",0,0,0,0,"2575.9","128.1",21,0,"0.6",7,"0101000020E6100000949D239724E551C0FCEA60B3125530C0","{""1"":{},""2"":{},""4"":{},""8"":{}}","2025-06-27 17:11:47.957+00","2025-06-27 17:11:47.957+00","2025-06-27 17:11:47.957+00"
2748,"868018071302858",68,"2025-06-27 17:11:55+00","-16.3323250","-71.5803400",0,0,0,0,"2575.9","357.4",26,0,"0.5",7,"0101000020E6100000E223624A24E551C0A9A44E40135530C0","{""1"":{},""2"":{},""4"":{},""8"":{}}","2025-06-27 17:12:04.006+00","2025-06-27 17:12:04.006+00","2025-06-27 17:12:04.006+00"
2749,"868018071302858",68,"2025-06-27 17:12:10+00","-16.3323233","-71.5803216",0,0,0,0,"2573.1","14.8",25,0,"0.5",7,"0101000020E6100000654A35FD23E551C0E432C923135530C0","{""1"":{},""2"":{},""4"":{},""8"":{}}","2025-06-27 17:12:10.527+00","2025-06-27 17:12:10.527+00","2025-06-27 17:12:10.527+00"
2750,"868018071302858",68,"2025-06-27 17:12:25+00","-16.3323066","-71.5803133",0,0,0,0,"2573.0","92.3",26,0,"0.5",7,"0101000020E6100000C43B65DA23E551C0B53E9B0B125530C0","{""1"":{},""2"":{},""4"":{},""8"":{}}","2025-06-27 17:12:37.237+00","2025-06-27 17:12:37.237+00","2025-06-27 17:12:37.237+00"
2751,"868018071302858",68,"2025-06-27 17:12:40+00","-16.3322916","-71.5803366",0,0,0,0,"2572.6","280.8",26,0,"0.5",7,"0101000020E6100000FF6A1F3C24E551C04BBCF20F115530C0","{""1"":{},""2"":{},""4"":{},""8"":{}}","2025-06-27 17:12:40.517+00","2025-06-27 17:12:40.517+00","2025-06-27 17:12:40.517+00"
2752,"868018071302858",68,"2025-06-27 17:12:55+00","-16.3323000","-71.5803566",0,0,0,0,"2574.6","113.4",26,0,"0.5",7,"0101000020E61000002341029024E551C0F775E09C115530C0","{""1"":{},""2"":{},""4"":{},""8"":{}}","2025-06-27 17:13:10.277+00","2025-06-27 17:13:10.277+00","2025-06-27 17:13:10.277+00"
2753,"868018071302858",68,"2025-06-27 17:13:10+00","-16.3323050","-71.5803516",0,0,0,0,"2574.4","332.3",26,0,"0.6",7,"0101000020E61000009A8B097B24E551C01B4CC3F0115530C0","{""1"":{},""2"":{},""4"":{},""8"":{}}","2025-06-27 17:13:10.997+00","2025-06-27 17:13:10.997+00","2025-06-27 17:13:10.997+00"
2754,"868018071302858",68,"2025-06-27 17:13:25+00","-16.3323083","-71.5803416",0,0,0,0,"2574.4","201.0",23,0,"0.6",7,"0101000020E61000008820185124E551C07AB02028125530C0","{""1"":{},""2"":{},""4"":{},""8"":{}}","2025-06-27 17:13:42.526+00","2025-06-27 17:13:42.526+00","2025-06-27 17:13:42.526+00"
2755,"868018071302858",68,"2025-06-27 17:13:40+00","-16.3323133","-71.5803266",1,0,0,0,"2574.1","267.2",26,0,"0.5",7,"0101000020E6100000EEFF2D1224E551C09D86037C125530C0","{""1"":{},""2"":{},""4"":{},""8"":{}}","2025-06-27 17:13:42.554+00","2025-06-27 17:13:42.555+00","2025-06-27 17:13:42.555+00"
2756,"868018071302858",68,"2025-06-27 17:13:43+00","-16.3323100","-71.5803250",0,0,0,0,"2573.8","60.3",26,5,"0.5",9,"0101000020E61000004703780B24E551C03E22A644125530C0","{""1"":{},""2"":{},""4"":{},""8"":{}}","2025-06-27 17:13:44.058+00","2025-06-27 17:13:44.058+00","2025-06-27 17:13:44.058+00"
2757,"868018071302858",68,"2025-06-27 17:13:58+00","-16.3323300","-71.5803333",0,0,0,0,"2572.9","226.8",26,2,"0.5",7,"0101000020E6100000E811482E24E551C0CC7A3194135530C0","{""1"":{},""2"":{},""4"":{},""8"":{}}","2025-06-27 17:13:59.359+00","2025-06-27 17:13:59.359+00","2025-06-27 17:13:59.359+00"
2758,"868018071302858",68,"2025-06-27 17:14:13+00","-16.3323433","-71.5803283",0,0,0,0,"2571.3","80.0",24,0,"0.5",7,"0101000020E61000005F5C4F1924E551C0738B5473145530C0","{""1"":{},""2"":{},""4"":{},""8"":{}}","2025-06-27 17:14:15.539+00","2025-06-27 17:14:15.539+00","2025-06-27 17:14:15.539+00"
2759,"868018071302858",68,"2025-06-27 17:14:15+00","-16.3323500","-71.5803366",0,0,0,0,"2570.3","251.9",24,5,"0.5",9,"0101000020E6100000FF6A1F3C24E551C05BD3BCE3145530C0","{""1"":{},""2"":{},""4"":{},""8"":{}}","2025-06-27 17:14:15.958+00","2025-06-27 17:14:15.958+00","2025-06-27 17:14:15.958+00"
2760,"868018071302858",68,"2025-06-27 17:14:30+00","-16.3323233","-71.5803233",0,0,0,0,"2570.2","126.5",26,0,"0.5",7,"0101000020E6100000D6A6560424E551C0E432C923135530C0","{""1"":{},""2"":{},""4"":{},""8"":{}}","2025-06-27 17:14:32.458+00","2025-06-27 17:14:32.459+00","2025-06-27 17:14:32.459+00"
2761,"868018071302858",68,"2025-06-27 17:14:45+00","-16.3323166","-71.5803266",0,0,0,0,"2572.7","68.2",26,0,"0.5",7,"0101000020E6100000EEFF2D1224E551C0FCEA60B3125530C0","{""1"":{},""2"":{},""4"":{},""8"":{}}","2025-06-27 17:14:48.618+00","2025-06-27 17:14:48.618+00","2025-06-27 17:14:48.618+00"
2762,"868018071302858",68,"2025-06-27 17:15:00+00","-16.3323283","-71.5803350",0,0,0,0,"2574.2","274.2",26,0,"0.5",7,"0101000020E6100000596E693524E551C00809AC77135530C0","{""1"":{},""2"":{},""4"":{},""8"":{}}","2025-06-27 17:15:04.58+00","2025-06-27 17:15:04.58+00","2025-06-27 17:15:04.58+00"
2763,"868018071302858",68,"2025-06-27 17:15:15+00","-16.3323316","-71.5803250",0,0,0,0,"2574.6","224.6",26,6,"0.6",7,"0101000020E61000004703780B24E551C0676D09AF135530C0","{""1"":{},""2"":{},""4"":{},""8"":{}}","2025-06-27 17:15:20.617+00","2025-06-27 17:15:20.617+00","2025-06-27 17:15:20.617+00"
2764,"868018071302858",68,"2025-06-27 17:15:30+00","-16.3323300","-71.5803233",0,0,0,0,"2574.3","213.0",26,0,"0.5",7,"0101000020E6100000D6A6560424E551C0CC7A3194135530C0","{""1"":{},""2"":{},""4"":{},""8"":{}}","2025-06-27 17:15:36.679+00","2025-06-27 17:15:36.679+00","2025-06-27 17:15:36.679+00"
2765,"868018071302858",68,"2025-06-27 17:15:45+00","-16.3323316","-71.5803316",0,0,0,0,"2574.9","299.5",26,0,"0.5",7,"0101000020E610000076B5262724E551C0676D09AF135530C0","{""1"":{},""2"":{},""4"":{},""8"":{}}","2025-06-27 17:15:52.818+00","2025-06-27 17:15:52.818+00","2025-06-27 17:15:52.818+00"
2766,"868018071302858",68,"2025-06-27 17:15:53+00","-16.3323400","-71.5803466",0,0,0,0,"2575.9","103.9",26,6,"0.5",9,"0101000020E610000011D6106624E551C01327F73B145530C0","{""1"":{},""2"":{},""4"":{},""8"":{}}","2025-06-27 17:15:54.198+00","2025-06-27 17:15:54.198+00","2025-06-27 17:15:54.198+00"
2767,"868018071302858",68,"2025-06-27 17:16:08+00","-16.3323433","-71.5803600",0,0,0,0,"2576.1","275.6",24,0,"0.6",7,"0101000020E610000005FA449E24E551C0738B5473145530C0","{""1"":{},""2"":{},""4"":{},""8"":{}}","2025-06-27 17:16:09.759+00","2025-06-27 17:16:09.76+00","2025-06-27 17:16:09.76+00"
2768,"868018071302858",68,"2025-06-27 17:16:20+00","-16.3323400","-71.5803700",0,0,0,0,"2576.4","218.4",23,5,"0.5",9,"0101000020E6100000176536C824E551C01327F73B145530C0","{""1"":{},""2"":{},""4"":{},""8"":{}}","2025-06-27 17:16:25.819+00","2025-06-27 17:16:25.819+00","2025-06-27 17:16:25.819+00"
2769,"868018071302858",68,"2025-06-27 17:16:35+00","-16.3323416","-71.5803766",0,0,0,0,"2577.2","42.8",26,1,"0.5",7,"0101000020E61000004617E5E324E551C0AE19CF56145530C0","{""1"":{},""2"":{},""4"":{},""8"":{}}","2025-06-27 17:16:41.82+00","2025-06-27 17:16:41.82+00","2025-06-27 17:16:41.82+00"
2770,"868018071302858",68,"2025-06-27 17:16:50+00","-16.3323333","-71.5803666",0,0,0,0,"2577.5","93.3",25,0,"0.6",7,"0101000020E610000035ACF3B924E551C02BDF8ECB135530C0","{""1"":{},""2"":{},""4"":{},""8"":{}}","2025-06-27 17:16:58.058+00","2025-06-27 17:16:58.059+00","2025-06-27 17:16:58.059+00"
2771,"868018071302858",68,"2025-06-27 17:17:05+00","-16.3323400","-71.5803516",0,0,0,0,"2575.5","309.6",25,0,"0.5",7,"0101000020E61000009A8B097B24E551C01327F73B145530C0","{""1"":{},""2"":{},""4"":{},""8"":{}}","2025-06-27 17:17:13.94+00","2025-06-27 17:17:13.94+00","2025-06-27 17:17:13.94+00"
2772,"868018071302858",68,"2025-06-27 17:17:20+00","-16.3323216","-71.5803266",0,0,0,0,"2574.3","280.1",26,0,"0.5",7,"0101000020E6100000EEFF2D1224E551C020C14307135530C0","{""1"":{},""2"":{},""4"":{},""8"":{}}","2025-06-27 17:17:20.778+00","2025-06-27 17:17:20.778+00","2025-06-27 17:17:20.778+00"
2773,"868018071302858",68,"2025-06-27 17:17:35+00","-16.3323350","-71.5803216",0,0,0,0,"2575.3","207.7",0,0,"0.0",7,"0101000020E6100000654A35FD23E551C0F05014E8135530C0","{""1"":{},""2"":{},""4"":{},""8"":{}}","2025-06-27 17:17:46.062+00","2025-06-27 17:17:46.062+00","2025-06-27 17:17:46.062+00"
2774,"868018071302858",68,"2025-06-27 17:17:36+00","-16.3323366","-71.5803283",1,0,0,0,"2575.3","357.6",26,5,"0.5",9,"0101000020E61000005F5C4F1924E551C08B43EC02145530C0","{""1"":{},""2"":{},""4"":{},""8"":{}}","2025-06-27 17:17:46.094+00","2025-06-27 17:17:46.094+00","2025-06-27 17:17:46.094+00"
2775,"868018071302858",68,"2025-06-27 17:17:44+00","-16.3323383","-71.5803316",2,0,0,0,"2575.0","184.4",25,6,"0.5",9,"0101000020E610000076B5262724E551C04FB5711F145530C0","{""1"":{},""2"":{},""4"":{},""8"":{}}","2025-06-27 17:17:46.097+00","2025-06-27 17:17:46.098+00","2025-06-27 17:17:46.098+00"
2776,"868018071302858",68,"2025-06-27 17:17:54+00","-16.3323233","-71.5803350",0,0,0,0,"2574.1","166.2",25,6,"0.5",9,"0101000020E6100000596E693524E551C0E432C923135530C0","{""1"":{},""2"":{},""4"":{},""8"":{}}","2025-06-27 17:18:02.237+00","2025-06-27 17:18:02.237+00","2025-06-27 17:18:02.237+00"
2777,"868018071302858",68,"2025-06-27 17:18:09+00","-16.3323233","-71.5803183",0,0,0,0,"2572.7","126.4",25,0,"0.5",7,"0101000020E61000004DF15DEF23E551C0E432C923135530C0","{""1"":{},""2"":{},""4"":{},""8"":{}}","2025-06-27 17:18:14.699+00","2025-06-27 17:18:14.699+00","2025-06-27 17:18:14.699+00"
2778,"868018071302858",68,"2025-06-27 17:18:24+00","-16.3323466","-71.5803233",0,0,0,0,"2571.9","215.2",26,0,"0.5",7,"0101000020E6100000D6A6560424E551C0D2EFB1AA145530C0","{""1"":{},""2"":{},""4"":{},""8"":{}}","2025-06-27 17:18:31.137+00","2025-06-27 17:18:31.137+00","2025-06-27 17:18:31.137+00"
2779,"868018071302858",68,"2025-06-27 17:18:39+00","-16.3323516","-71.5803216",0,0,0,0,"2571.9","58.6",26,0,"0.5",7,"0101000020E6100000654A35FD23E551C0F5C594FE145530C0","{""1"":{},""2"":{},""4"":{},""8"":{}}","2025-06-27 17:18:47.178+00","2025-06-27 17:18:47.178+00","2025-06-27 17:18:47.178+00"
2780,"868018071302858",68,"2025-06-27 17:18:54+00","-16.3323516","-71.5803016",0,0,0,0,"2572.1","133.1",26,0,"0.6",7,"0101000020E6100000417452A923E551C0F5C594FE145530C0","{""1"":{},""2"":{},""4"":{},""8"":{}}","2025-06-27 17:19:03.351+00","2025-06-27 17:19:03.351+00","2025-06-27 17:19:03.351+00"
2781,"868018071302858",68,"2025-06-27 17:19:02+00","-16.3323650","-71.5803100",1,0,0,0,"2573.0","143.3",24,7,"0.5",9,"0101000020E6100000ACE28DCC23E551C0C55565DF155530C0","{""1"":{},""2"":{},""4"":{},""8"":{}}","2025-06-27 17:19:03.399+00","2025-06-27 17:19:03.399+00","2025-06-27 17:19:03.399+00"
2782,"868018071302858",68,"2025-06-27 17:19:17+00","-16.3323533","-71.5803266",0,0,0,0,"2570.6","337.2",26,1,"0.5",7,"0101000020E6100000EEFF2D1224E551C0BA371A1B155530C0","{""1"":{},""2"":{},""4"":{},""8"":{}}","2025-06-27 17:19:18.398+00","2025-06-27 17:19:18.398+00","2025-06-27 17:19:18.398+00"
2783,"868018071302858",68,"2025-06-27 17:19:32+00","-16.3323433","-71.5803066",0,0,0,0,"2567.9","15.2",25,1,"0.5",7,"0101000020E6100000CA294BBE23E551C0738B5473145530C0","{""1"":{},""2"":{},""4"":{},""8"":{}}","2025-06-27 17:19:46.66+00","2025-06-27 17:19:46.66+00","2025-06-27 17:19:46.66+00"
2784,"868018071302858",68,"2025-06-27 17:19:47+00","-16.3323316","-71.5803066",0,0,0,0,"2568.3","108.8",24,0,"0.6",7,"0101000020E6100000CA294BBE23E551C0676D09AF135530C0","{""1"":{},""2"":{},""4"":{},""8"":{}}","2025-06-27 17:19:48.411+00","2025-06-27 17:19:48.412+00","2025-06-27 17:19:48.412+00"
2785,"868018071302858",68,"2025-06-27 17:20:02+00","-16.3323150","-71.5802983",0,0,0,0,"2568.4","203.9",25,0,"0.5",7,"0101000020E6100000291B7B9B23E551C062F88898125530C0","{""1"":{},""2"":{},""4"":{},""8"":{}}","2025-06-27 17:20:19.055+00","2025-06-27 17:20:19.055+00","2025-06-27 17:20:19.055+00"
2786,"868018071302858",68,"2025-06-27 17:20:17+00","-16.3323183","-71.5803116",1,0,0,0,"2569.9","150.0",26,0,"0.5",7,"0101000020E610000053DF43D323E551C0C15CE6CF125530C0","{""1"":{},""2"":{},""4"":{},""8"":{}}","2025-06-27 17:20:19.082+00","2025-06-27 17:20:19.082+00","2025-06-27 17:20:19.082+00"
2787,"868018071302858",68,"2025-06-27 17:20:32+00","-16.3323350","-71.5803183",0,0,0,0,"2570.3","191.8",25,0,"0.5",7,"0101000020E61000004DF15DEF23E551C0F05014E8135530C0","{""1"":{},""2"":{},""4"":{},""8"":{}}","2025-06-27 17:20:35.628+00","2025-06-27 17:20:35.628+00","2025-06-27 17:20:35.628+00"
2788,"868018071302858",68,"2025-06-27 17:20:47+00","-16.3323450","-71.5803216",0,0,0,0,"2569.2","136.3",25,0,"0.5",7,"0101000020E6100000654A35FD23E551C037FDD98F145530C0","{""1"":{},""2"":{},""4"":{},""8"":{}}","2025-06-27 17:20:51.648+00","2025-06-27 17:20:51.649+00","2025-06-27 17:20:51.649+00"
2789,"868018071302858",68,"2025-06-27 17:21:02+00","-16.3323466","-71.5803483",0,0,0,0,"2571.2","78.6",26,0,"0.5",7,"0101000020E61000008232326D24E551C0D2EFB1AA145530C0","{""1"":{},""2"":{},""4"":{},""8"":{}}","2025-06-27 17:21:07.669+00","2025-06-27 17:21:07.669+00","2025-06-27 17:21:07.669+00"
2790,"868018071302858",68,"2025-06-27 17:21:17+00","-16.3323350","-71.5803333",0,0,0,0,"2571.0","85.9",23,0,"0.6",7,"0101000020E6100000E811482E24E551C0F05014E8135530C0","{""1"":{},""2"":{},""4"":{},""8"":{}}","2025-06-27 17:21:18.407+00","2025-06-27 17:21:18.407+00","2025-06-27 17:21:18.407+00"
2791,"868018071302858",68,"2025-06-27 17:21:32+00","-16.3323200","-71.5803233",0,0,0,0,"2569.6","80.7",26,0,"0.5",7,"0101000020E6100000D6A6560424E551C085CE6BEC125530C0","{""1"":{},""2"":{},""4"":{},""8"":{}}","2025-06-27 17:21:47.109+00","2025-06-27 17:21:47.109+00","2025-06-27 17:21:47.109+00"
2792,"868018071302858",68,"2025-06-27 17:21:47+00","-16.3323200","-71.5803216",0,0,0,0,"2570.9","6.8",26,0,"0.5",7,"0101000020E6100000654A35FD23E551C085CE6BEC125530C0","{""1"":{},""2"":{},""4"":{},""8"":{}}","2025-06-27 17:21:48.412+00","2025-06-27 17:21:48.412+00","2025-06-27 17:21:48.412+00"
2793,"868018071302858",68,"2025-06-27 17:22:02+00","-16.3323333","-71.5803133",0,0,0,0,"2572.1","53.7",26,2,"0.5",7,"0101000020E6100000C43B65DA23E551C02BDF8ECB135530C0","{""1"":{},""2"":{},""4"":{},""8"":{}}","2025-06-27 17:22:04.828+00","2025-06-27 17:22:04.828+00","2025-06-27 17:22:04.828+00"
2794,"868018071302858",68,"2025-06-27 17:22:17+00","-16.3323300","-71.5803133",0,0,0,0,"2572.1","107.5",25,0,"0.5",7,"0101000020E6100000C43B65DA23E551C0CC7A3194135530C0","{""1"":{},""2"":{},""4"":{},""8"":{}}","2025-06-27 17:22:17.989+00","2025-06-27 17:22:17.989+00","2025-06-27 17:22:17.989+00"
2795,"868018071302858",68,"2025-06-27 17:22:32+00","-16.3323400","-71.5803183",0,0,0,0,"2573.0","320.6",25,0,"0.6",7,"0101000020E61000004DF15DEF23E551C01327F73B145530C0","{""1"":{},""2"":{},""4"":{},""8"":{}}","2025-06-27 17:22:46.177+00","2025-06-27 17:22:46.177+00","2025-06-27 17:22:46.177+00"
2796,"868018071302858",68,"2025-06-27 17:22:47+00","-16.3323450","-71.5803166",0,0,0,0,"2573.2","111.7",25,0,"0.5",7,"0101000020E6100000DC943CE823E551C037FDD98F145530C0","{""1"":{},""2"":{},""4"":{},""8"":{}}","2025-06-27 17:22:47.976+00","2025-06-27 17:22:47.976+00","2025-06-27 17:22:47.976+00"
2797,"868018071302858",68,"2025-06-27 17:23:02+00","-16.3323466","-71.5803383",0,0,0,0,"2574.5","125.5",25,0,"0.6",7,"0101000020E610000070C7404324E551C0D2EFB1AA145530C0","{""1"":{},""2"":{},""4"":{},""8"":{}}","2025-06-27 17:23:18.572+00","2025-06-27 17:23:18.573+00","2025-06-27 17:23:18.573+00"
2798,"868018071302858",68,"2025-06-27 17:23:17+00","-16.3323383","-71.5803516",1,0,0,0,"2575.9","308.7",24,0,"0.5",7,"0101000020E61000009A8B097B24E551C04FB5711F145530C0","{""1"":{},""2"":{},""4"":{},""8"":{}}","2025-06-27 17:23:18.601+00","2025-06-27 17:23:18.601+00","2025-06-27 17:23:18.601+00"
2799,"868018071302858",68,"2025-06-27 17:23:32+00","-16.3323466","-71.5803466",0,0,0,0,"2575.7","88.1",23,0,"0.5",7,"0101000020E610000011D6106624E551C0D2EFB1AA145530C0","{""1"":{},""2"":{},""4"":{},""8"":{}}","2025-06-27 17:23:35.258+00","2025-06-27 17:23:35.258+00","2025-06-27 17:23:35.258+00"
2800,"868018071302858",68,"2025-06-27 17:23:47+00","-16.3323516","-71.5803400",0,0,0,0,"2574.2","183.2",25,0,"0.5",7,"0101000020E6100000E223624A24E551C0F5C594FE145530C0","{""1"":{},""2"":{},""4"":{},""8"":{}}","2025-06-27 17:23:51.278+00","2025-06-27 17:23:51.278+00","2025-06-27 17:23:51.278+00"
2801,"868018071302858",68,"2025-06-27 17:24:02+00","-16.3323416","-71.5803366",0,0,0,0,"2574.1","36.1",26,0,"0.5",7,"0101000020E6100000FF6A1F3C24E551C0AE19CF56145530C0","{""1"":{},""2"":{},""4"":{},""8"":{}}","2025-06-27 17:24:07.278+00","2025-06-27 17:24:07.278+00","2025-06-27 17:24:07.278+00"
2802,"868018071302858",68,"2025-06-27 17:24:17+00","-16.3323483","-71.5803233",0,0,0,0,"2574.2","51.7",25,0,"0.5",7,"0101000020E6100000D6A6560424E551C0966137C7145530C0","{""1"":{},""2"":{},""4"":{},""8"":{}}","2025-06-27 17:24:18.057+00","2025-06-27 17:24:18.057+00","2025-06-27 17:24:18.057+00"
2803,"868018071302858",68,"2025-06-27 17:24:32+00","-16.3323450","-71.5803316",0,0,0,0,"2573.7","85.2",25,0,"0.5",7,"0101000020E610000076B5262724E551C037FDD98F145530C0","{""1"":{},""2"":{},""4"":{},""8"":{}}","2025-06-27 17:24:47.619+00","2025-06-27 17:24:47.62+00","2025-06-27 17:24:47.62+00"
2804,"868018071302858",68,"2025-06-27 17:24:47+00","-16.3323666","-71.5803433",0,0,0,0,"2574.2","280.8",25,0,"0.5",7,"0101000020E6100000F97C395824E551C060483DFA155530C0","{""1"":{},""2"":{},""4"":{},""8"":{}}","2025-06-27 17:24:48.111+00","2025-06-27 17:24:48.111+00","2025-06-27 17:24:48.111+00"
2805,"868018071302858",68,"2025-06-27 17:25:02+00","-16.3323816","-71.5803333",0,0,0,0,"2573.9","157.9",25,0,"0.5",7,"0101000020E6100000E811482E24E551C0CBCAE5F5165530C0","{""1"":{},""2"":{},""4"":{},""8"":{}}","2025-06-27 17:25:04.419+00","2025-06-27 17:25:04.419+00","2025-06-27 17:25:04.419+00"
2806,"868018071302858",68,"2025-06-27 17:25:17+00","-16.3323750","-71.5803283",0,0,0,0,"2572.8","19.1",22,0,"0.6",7,"0101000020E61000005F5C4F1924E551C00C022B87165530C0","{""1"":{},""2"":{},""4"":{},""8"":{}}","2025-06-27 17:25:17.697+00","2025-06-27 17:25:17.697+00","2025-06-27 17:25:17.697+00"
2807,"868018071302858",68,"2025-06-27 17:25:32+00","-16.3323566","-71.5803433",0,0,0,0,"2574.3","59.4",24,0,"0.6",7,"0101000020E6100000F97C395824E551C0199C7752155530C0","{""1"":{},""2"":{},""4"":{},""8"":{}}","2025-06-27 17:25:49.693+00","2025-06-27 17:25:49.693+00","2025-06-27 17:25:49.693+00"
2808,"868018071302858",68,"2025-06-27 17:25:47+00","-16.3323683","-71.5803416",1,0,0,0,"2575.4","105.0",23,0,"0.5",7,"0101000020E61000008820185124E551C024BAC216165530C0","{""1"":{},""2"":{},""4"":{},""8"":{}}","2025-06-27 17:25:49.721+00","2025-06-27 17:25:49.722+00","2025-06-27 17:25:49.722+00"
2809,"868018071302858",68,"2025-06-27 17:26:02+00","-16.3323866","-71.5803483",0,0,0,0,"2577.0","162.7",23,3,"0.5",7,"0101000020E61000008232326D24E551C0EEA0C849175530C0","{""1"":{},""2"":{},""4"":{},""8"":{}}","2025-06-27 17:26:05.746+00","2025-06-27 17:26:05.746+00","2025-06-27 17:26:05.746+00"
2810,"868018071302858",68,"2025-06-27 17:26:17+00","-16.3323850","-71.5803383",0,0,0,0,"2575.9","327.7",23,0,"0.5",7,"0101000020E610000070C7404324E551C053AEF02E175530C0","{""1"":{},""2"":{},""4"":{},""8"":{}}","2025-06-27 17:26:18.304+00","2025-06-27 17:26:18.304+00","2025-06-27 17:26:18.304+00"
2811,"868018071302858",68,"2025-06-27 17:26:32+00","-16.3323800","-71.5803433",0,0,0,0,"2575.7","86.5",23,0,"0.5",7,"0101000020E6100000F97C395824E551C030D80DDB165530C0","{""1"":{},""2"":{},""4"":{},""8"":{}}","2025-06-27 17:26:46.745+00","2025-06-27 17:26:46.745+00","2025-06-27 17:26:46.745+00"
2812,"868018071302858",68,"2025-06-27 17:26:47+00","-16.3323600","-71.5803433",0,0,0,0,"2574.9","69.7",24,0,"0.5",7,"0101000020E6100000F97C395824E551C0A27F828B155530C0","{""1"":{},""2"":{},""4"":{},""8"":{}}","2025-06-27 17:26:48.406+00","2025-06-27 17:26:48.406+00","2025-06-27 17:26:48.406+00"
2813,"868018071302858",68,"2025-06-27 17:27:02+00","-16.3323466","-71.5803466",0,0,0,0,"2573.4","5.5",23,0,"0.5",7,"0101000020E610000011D6106624E551C0D2EFB1AA145530C0","{""1"":{},""2"":{},""4"":{},""8"":{}}","2025-06-27 17:27:03.826+00","2025-06-27 17:27:03.826+00","2025-06-27 17:27:03.826+00"
2814,"868018071302858",68,"2025-06-27 17:27:17+00","-16.3323400","-71.5803216",0,0,0,0,"2572.0","69.7",24,0,"0.5",7,"0101000020E6100000654A35FD23E551C01327F73B145530C0","{""1"":{},""2"":{},""4"":{},""8"":{}}","2025-06-27 17:27:18.007+00","2025-06-27 17:27:18.007+00","2025-06-27 17:27:18.007+00"
2815,"868018071302858",68,"2025-06-27 17:27:32+00","-16.3323450","-71.5803250",0,0,0,0,"2572.0","139.7",23,0,"0.6",7,"0101000020E61000004703780B24E551C037FDD98F145530C0","{""1"":{},""2"":{},""4"":{},""8"":{}}","2025-06-27 17:27:46.126+00","2025-06-27 17:27:46.126+00","2025-06-27 17:27:46.126+00"
2816,"868018071302858",68,"2025-06-27 17:27:47+00","-16.3323433","-71.5803416",0,0,0,0,"2573.0","248.3",23,1,"0.5",7,"0101000020E61000008820185124E551C0738B5473145530C0","{""1"":{},""2"":{},""4"":{},""8"":{}}","2025-06-27 17:27:48.009+00","2025-06-27 17:27:48.009+00","2025-06-27 17:27:48.009+00"
2817,"868018071302858",68,"2025-06-27 17:28:02+00","-16.3323400","-71.5803366",0,0,0,0,"2573.3","297.5",22,1,"0.6",7,"0101000020E6100000FF6A1F3C24E551C01327F73B145530C0","{""1"":{},""2"":{},""4"":{},""8"":{}}","2025-06-27 17:28:18.155+00","2025-06-27 17:28:18.155+00","2025-06-27 17:28:18.155+00"
2818,"868018071302858",68,"2025-06-27 17:28:17+00","-16.3323400","-71.5803350",1,0,0,0,"2573.8","334.0",23,0,"0.6",7,"0101000020E6100000596E693524E551C01327F73B145530C0","{""1"":{},""2"":{},""4"":{},""8"":{}}","2025-06-27 17:28:18.189+00","2025-06-27 17:28:18.19+00","2025-06-27 17:28:18.19+00"
2819,"868018071302858",68,"2025-06-27 17:28:32+00","-16.3323383","-71.5803450",0,0,0,0,"2574.0","49.4",21,1,"0.6",7,"0101000020E61000006AD95A5F24E551C04FB5711F145530C0","{""1"":{},""2"":{},""4"":{},""8"":{}}","2025-06-27 17:28:34.144+00","2025-06-27 17:28:34.144+00","2025-06-27 17:28:34.144+00"
2820,"868018071302858",68,"2025-06-27 17:28:47+00","-16.3323466","-71.5803433",0,0,0,0,"2573.9","130.3",24,0,"0.6",7,"0101000020E6100000F97C395824E551C0D2EFB1AA145530C0","{""1"":{},""2"":{},""4"":{},""8"":{}}","2025-06-27 17:28:50.304+00","2025-06-27 17:28:50.304+00","2025-06-27 17:28:50.304+00"
2821,"868018071302858",68,"2025-06-27 17:29:02+00","-16.3323500","-71.5803383",0,0,0,0,"2575.0","107.9",24,0,"0.5",7,"0101000020E610000070C7404324E551C05BD3BCE3145530C0","{""1"":{},""2"":{},""4"":{},""8"":{}}","2025-06-27 17:29:06.184+00","2025-06-27 17:29:06.184+00","2025-06-27 17:29:06.184+00"
2822,"868018071302858",68,"2025-06-27 17:29:14+00","-16.3323450","-71.5803250",0,0,0,0,"2575.8","330.9",23,2,"0.5",9,"0101000020E61000004703780B24E551C037FDD98F145530C0","{""1"":{},""2"":{},""4"":{},""8"":{}}","2025-06-27 17:29:14.953+00","2025-06-27 17:29:14.953+00","2025-06-27 17:29:14.953+00"
2823,"868018071302858",68,"2025-06-27 17:29:28+00","-16.3323433","-71.5803133",0,0,0,0,"2575.8","6.4",23,0,"0.5",7,"0101000020E6100000C43B65DA23E551C0738B5473145530C0","{""1"":{},""2"":{},""4"":{},""8"":{}}","2025-06-27 17:29:31.248+00","2025-06-27 17:29:31.248+00","2025-06-27 17:29:31.248+00"
2824,"868018071302858",68,"2025-06-27 17:29:43+00","-16.3323450","-71.5803333",0,0,0,0,"2576.6","31.4",25,0,"0.5",7,"0101000020E6100000E811482E24E551C037FDD98F145530C0","{""1"":{},""2"":{},""4"":{},""8"":{}}","2025-06-27 17:29:47.413+00","2025-06-27 17:29:47.413+00","2025-06-27 17:29:47.413+00"
2825,"868018071302858",68,"2025-06-27 17:29:54+00","-16.3323466","-71.5803400",0,0,0,0,"2576.4","315.5",18,5,"0.8",9,"0101000020E6100000E223624A24E551C0D2EFB1AA145530C0","{""1"":{},""2"":{},""4"":{},""8"":{}}","2025-06-27 17:29:54.772+00","2025-06-27 17:29:54.773+00","2025-06-27 17:29:54.773+00"
2826,"868018071302858",68,"2025-06-27 17:30:09+00","-16.3323550","-71.5803300",0,0,0,0,"2575.0","38.8",21,2,"0.5",7,"0101000020E6100000D0B8702024E551C07EA99F37155530C0","{""1"":{},""2"":{},""4"":{},""8"":{}}","2025-06-27 17:30:20.547+00","2025-06-27 17:30:20.547+00","2025-06-27 17:30:20.547+00"
2827,"868018071302858",68,"2025-06-27 17:30:24+00","-16.3323733","-71.5803316",0,0,0,0,"2574.3","280.5",24,3,"0.6",7,"0101000020E610000076B5262724E551C04890A56A165530C0","{""1"":{},""2"":{},""4"":{},""8"":{}}","2025-06-27 17:30:24.783+00","2025-06-27 17:30:24.784+00","2025-06-27 17:30:24.784+00"
2828,"868018071302858",68,"2025-06-27 17:30:39+00","-16.3323616","-71.5803366",0,0,0,0,"2574.7","91.2",25,1,"0.5",7,"0101000020E6100000FF6A1F3C24E551C03C725AA6155530C0","{""1"":{},""2"":{},""4"":{},""8"":{}}","2025-06-27 17:30:53.544+00","2025-06-27 17:30:53.544+00","2025-06-27 17:30:53.544+00"
2829,"868018071302858",68,"2025-06-27 17:30:54+00","-16.3323666","-71.5803333",0,0,0,0,"2575.5","350.6",22,3,"0.7",7,"0101000020E6100000E811482E24E551C060483DFA155530C0","{""1"":{},""2"":{},""4"":{},""8"":{}}","2025-06-27 17:30:54.799+00","2025-06-27 17:30:54.799+00","2025-06-27 17:30:54.799+00"
2830,"868018071302858",68,"2025-06-27 17:31:09+00","-16.3323600","-71.5803483",0,0,0,0,"2574.4","297.3",24,0,"0.5",7,"0101000020E61000008232326D24E551C0A27F828B155530C0","{""1"":{},""2"":{},""4"":{},""8"":{}}","2025-06-27 17:31:10.506+00","2025-06-27 17:31:10.507+00","2025-06-27 17:31:10.507+00"
2831,"868018071302858",68,"2025-06-27 17:31:24+00","-16.3323566","-71.5803533",0,0,0,0,"2572.0","267.3",26,0,"0.6",7,"0101000020E61000000BE82A8224E551C0199C7752155530C0","{""1"":{},""2"":{},""4"":{},""8"":{}}","2025-06-27 17:31:26.707+00","2025-06-27 17:31:26.708+00","2025-06-27 17:31:26.708+00"
2832,"868018071302858",68,"2025-06-27 17:31:39+00","-16.3323383","-71.5803400",0,0,0,0,"2571.5","349.5",25,0,"0.6",7,"0101000020E6100000E223624A24E551C04FB5711F145530C0","{""1"":{},""2"":{},""4"":{},""8"":{}}","2025-06-27 17:31:42.544+00","2025-06-27 17:31:42.544+00","2025-06-27 17:31:42.544+00"
2833,"868018071302858",68,"2025-06-27 17:31:54+00","-16.3323283","-71.5803466",0,0,0,0,"2571.6","14.6",25,0,"0.5",7,"0101000020E610000011D6106624E551C00809AC77135530C0","{""1"":{},""2"":{},""4"":{},""8"":{}}","2025-06-27 17:31:58.583+00","2025-06-27 17:31:58.583+00","2025-06-27 17:31:58.583+00"
2834,"868018071302858",68,"2025-06-27 17:32:09+00","-16.3323033","-71.5803366",0,0,0,0,"2571.0","211.5",23,0,"0.5",7,"0101000020E6100000FF6A1F3C24E551C056DA3DD4115530C0","{""1"":{},""2"":{},""4"":{},""8"":{}}","2025-06-27 17:32:14.64+00","2025-06-27 17:32:14.64+00","2025-06-27 17:32:14.64+00"
2835,"868018071302858",68,"2025-06-27 17:32:24+00","-16.3323183","-71.5803400",0,0,0,0,"2570.4","348.5",24,0,"0.5",7,"0101000020E6100000E223624A24E551C0C15CE6CF125530C0","{""1"":{},""2"":{},""4"":{},""8"":{}}","2025-06-27 17:32:30.805+00","2025-06-27 17:32:30.805+00","2025-06-27 17:32:30.805+00"
2836,"868018071302858",68,"2025-06-27 17:32:39+00","-16.3323383","-71.5803350",0,0,0,0,"2570.6","186.6",25,0,"0.5",7,"0101000020E6100000596E693524E551C04FB5711F145530C0","{""1"":{},""2"":{},""4"":{},""8"":{}}","2025-06-27 17:32:46.664+00","2025-06-27 17:32:46.664+00","2025-06-27 17:32:46.664+00"
2837,"868018071302858",68,"2025-06-27 17:32:54+00","-16.3323450","-71.5803466",0,0,0,0,"2570.9","188.7",25,0,"0.6",7,"0101000020E610000011D6106624E551C037FDD98F145530C0","{""1"":{},""2"":{},""4"":{},""8"":{}}","2025-06-27 17:33:02.685+00","2025-06-27 17:33:02.685+00","2025-06-27 17:33:02.685+00"
2838,"868018071302858",68,"2025-06-27 17:33:09+00","-16.3323350","-71.5803266",0,0,0,0,"2569.8","218.1",23,0,"0.6",7,"0101000020E6100000EEFF2D1224E551C0F05014E8135530C0","{""1"":{},""2"":{},""4"":{},""8"":{}}","2025-06-27 17:33:14.303+00","2025-06-27 17:33:14.303+00","2025-06-27 17:33:14.303+00"
2839,"868018071302858",68,"2025-06-27 17:33:24+00","-16.3323466","-71.5803283",0,0,0,0,"2570.3","107.6",25,0,"0.6",7,"0101000020E61000005F5C4F1924E551C0D2EFB1AA145530C0","{""1"":{},""2"":{},""4"":{},""8"":{}}","2025-06-27 17:33:30.744+00","2025-06-27 17:33:30.744+00","2025-06-27 17:33:30.744+00"
2840,"868018071302858",68,"2025-06-27 17:33:39+00","-16.3323466","-71.5803466",0,0,0,0,"2571.0","232.2",25,0,"0.6",7,"0101000020E610000011D6106624E551C0D2EFB1AA145530C0","{""1"":{},""2"":{},""4"":{},""8"":{}}","2025-06-27 17:33:46.924+00","2025-06-27 17:33:46.925+00","2025-06-27 17:33:46.925+00"
2841,"868018071302858",68,"2025-06-27 17:33:54+00","-16.3323416","-71.5803466",0,0,0,0,"2572.1","302.9",24,0,"0.5",7,"0101000020E610000011D6106624E551C0AE19CF56145530C0","{""1"":{},""2"":{},""4"":{},""8"":{}}","2025-06-27 17:34:02.8+00","2025-06-27 17:34:02.8+00","2025-06-27 17:34:02.8+00"
2842,"868018071302858",68,"2025-06-27 17:34:09+00","-16.3323300","-71.5803416",0,0,0,0,"2569.0","320.4",23,0,"0.5",7,"0101000020E61000008820185124E551C0CC7A3194135530C0","{""1"":{},""2"":{},""4"":{},""8"":{}}","2025-06-27 17:34:14.572+00","2025-06-27 17:34:14.572+00","2025-06-27 17:34:14.572+00"
2843,"868018071302858",68,"2025-06-27 17:34:24+00","-16.3323350","-71.5803583",0,0,0,0,"2570.0","298.3",24,0,"0.5",7,"0101000020E6100000949D239724E551C0F05014E8135530C0","{""1"":{},""2"":{},""4"":{},""8"":{}}","2025-06-27 17:34:30.885+00","2025-06-27 17:34:30.885+00","2025-06-27 17:34:30.885+00"
2844,"868018071302858",68,"2025-06-27 17:34:39+00","-16.3323366","-71.5803583",0,0,0,0,"2570.2","298.3",24,0,"0.5",7,"0101000020E6100000949D239724E551C08B43EC02145530C0","{""1"":{},""2"":{},""4"":{},""8"":{}}","2025-06-27 17:34:46.865+00","2025-06-27 17:34:46.865+00","2025-06-27 17:34:46.865+00"
2845,"868018071302858",68,"2025-06-27 17:34:54+00","-16.3323350","-71.5803583",0,0,0,0,"2570.3","298.3",23,0,"0.5",7,"0101000020E6100000949D239724E551C0F05014E8135530C0","{""1"":{},""2"":{},""4"":{},""8"":{}}","2025-06-27 17:35:03.049+00","2025-06-27 17:35:03.05+00","2025-06-27 17:35:03.05+00"
2846,"868018071302858",68,"2025-06-27 17:35:09+00","-16.3323350","-71.5803533",0,0,0,0,"2570.5","163.9",23,0,"0.6",7,"0101000020E61000000BE82A8224E551C0F05014E8135530C0","{""1"":{},""2"":{},""4"":{},""8"":{}}","2025-06-27 17:35:14.644+00","2025-06-27 17:35:14.644+00","2025-06-27 17:35:14.644+00"
2847,"868018071302858",68,"2025-06-27 17:35:24+00","-16.3323333","-71.5803466",0,0,0,0,"2571.7","178.9",24,0,"0.6",7,"0101000020E610000011D6106624E551C02BDF8ECB135530C0","{""1"":{},""2"":{},""4"":{},""8"":{}}","2025-06-27 17:35:31.047+00","2025-06-27 17:35:31.047+00","2025-06-27 17:35:31.047+00"
2848,"868018071302858",68,"2025-06-27 17:35:39+00","-16.3323333","-71.5803466",0,0,0,0,"2573.5","325.8",23,0,"0.6",7,"0101000020E610000011D6106624E551C02BDF8ECB135530C0","{""1"":{},""2"":{},""4"":{},""8"":{}}","2025-06-27 17:35:47.041+00","2025-06-27 17:35:47.041+00","2025-06-27 17:35:47.041+00"
2849,"868018071302858",68,"2025-06-27 17:35:54+00","-16.3323366","-71.5803483",0,0,0,0,"2573.3","130.6",25,0,"0.5",7,"0101000020E61000008232326D24E551C08B43EC02145530C0","{""1"":{},""2"":{},""4"":{},""8"":{}}","2025-06-27 17:36:03.025+00","2025-06-27 17:36:03.025+00","2025-06-27 17:36:03.025+00"
2850,"868018071302858",68,"2025-06-27 17:36:09+00","-16.3323350","-71.5803466",0,0,0,0,"2573.2","194.0",25,0,"0.5",7,"0101000020E610000011D6106624E551C0F05014E8135530C0","{""1"":{},""2"":{},""4"":{},""8"":{}}","2025-06-27 17:36:14.693+00","2025-06-27 17:36:14.693+00","2025-06-27 17:36:14.693+00"
2851,"868018071302858",68,"2025-06-27 17:36:24+00","-16.3323400","-71.5803400",0,0,0,0,"2573.4","9.3",24,0,"0.5",7,"0101000020E6100000E223624A24E551C01327F73B145530C0","{""1"":{},""2"":{},""4"":{},""8"":{}}","2025-06-27 17:36:31.312+00","2025-06-27 17:36:31.312+00","2025-06-27 17:36:31.312+00"
2852,"868018071302858",68,"2025-06-27 17:36:39+00","-16.3323450","-71.5803316",0,0,0,0,"2574.6","196.1",24,0,"0.5",7,"0101000020E610000076B5262724E551C037FDD98F145530C0","{""1"":{},""2"":{},""4"":{},""8"":{}}","2025-06-27 17:36:47.184+00","2025-06-27 17:36:47.184+00","2025-06-27 17:36:47.184+00"
2853,"868018071302858",68,"2025-06-27 17:36:54+00","-16.3323316","-71.5803366",0,0,0,0,"2574.5","166.9",23,0,"0.5",7,"0101000020E6100000FF6A1F3C24E551C0676D09AF135530C0","{""1"":{},""2"":{},""4"":{},""8"":{}}","2025-06-27 17:37:03.205+00","2025-06-27 17:37:03.205+00","2025-06-27 17:37:03.205+00"
2854,"868018071302858",68,"2025-06-27 17:37:09+00","-16.3323333","-71.5803383",0,0,0,0,"2574.6","161.8",20,0,"0.6",7,"0101000020E610000070C7404324E551C02BDF8ECB135530C0","{""1"":{},""2"":{},""4"":{},""8"":{}}","2025-06-27 17:37:14.843+00","2025-06-27 17:37:14.843+00","2025-06-27 17:37:14.843+00"
2855,"868018071302858",68,"2025-06-27 17:37:24+00","-16.3323400","-71.5803200",0,0,0,0,"2575.8","50.5",24,0,"0.5",7,"0101000020E6100000BE4D7FF623E551C01327F73B145530C0","{""1"":{},""2"":{},""4"":{},""8"":{}}","2025-06-27 17:37:31.292+00","2025-06-27 17:37:31.292+00","2025-06-27 17:37:31.292+00"
2856,"868018071302858",68,"2025-06-27 17:37:39+00","-16.3323433","-71.5803066",0,0,0,0,"2574.7","198.4",24,0,"0.5",7,"0101000020E6100000CA294BBE23E551C0738B5473145530C0","{""1"":{},""2"":{},""4"":{},""8"":{}}","2025-06-27 17:37:47.52+00","2025-06-27 17:37:47.52+00","2025-06-27 17:37:47.52+00"
2857,"868018071302858",68,"2025-06-27 17:37:54+00","-16.3323483","-71.5803183",0,0,0,0,"2574.5","51.7",24,0,"0.5",7,"0101000020E61000004DF15DEF23E551C0966137C7145530C0","{""1"":{},""2"":{},""4"":{},""8"":{}}","2025-06-27 17:38:03.392+00","2025-06-27 17:38:03.392+00","2025-06-27 17:38:03.392+00"
2858,"868018071302858",68,"2025-06-27 17:38:09+00","-16.3323366","-71.5803183",0,0,0,0,"2574.2","290.4",23,0,"0.5",7,"0101000020E61000004DF15DEF23E551C08B43EC02145530C0","{""1"":{},""2"":{},""4"":{},""8"":{}}","2025-06-27 17:38:14.212+00","2025-06-27 17:38:14.212+00","2025-06-27 17:38:14.212+00"
2859,"868018071302858",68,"2025-06-27 17:38:24+00","-16.3323500","-71.5803316",0,0,0,0,"2573.6","231.4",24,0,"0.5",7,"0101000020E610000076B5262724E551C05BD3BCE3145530C0","{""1"":{},""2"":{},""4"":{},""8"":{}}","2025-06-27 17:38:30.466+00","2025-06-27 17:38:30.466+00","2025-06-27 17:38:30.466+00"
2860,"868018071302858",68,"2025-06-27 17:38:39+00","-16.3323366","-71.5803433",0,0,0,0,"2573.3","238.2",23,0,"0.6",7,"0101000020E6100000F97C395824E551C08B43EC02145530C0","{""1"":{},""2"":{},""4"":{},""8"":{}}","2025-06-27 17:38:46.674+00","2025-06-27 17:38:46.674+00","2025-06-27 17:38:46.674+00"
2861,"868018071302858",68,"2025-06-27 17:38:54+00","-16.3323600","-71.5803550",0,0,0,0,"2574.3","144.4",22,1,"0.6",7,"0101000020E61000007C444C8924E551C0A27F828B155530C0","{""1"":{},""2"":{},""4"":{},""8"":{}}","2025-06-27 17:39:02.81+00","2025-06-27 17:39:02.81+00","2025-06-27 17:39:02.81+00"
2862,"868018071302858",68,"2025-06-27 17:39:09+00","-16.3323750","-71.5803383",0,0,0,0,"2572.9","136.8",24,4,"0.5",7,"0101000020E610000070C7404324E551C00C022B87165530C0","{""1"":{},""2"":{},""4"":{},""8"":{}}","2025-06-27 17:39:14.324+00","2025-06-27 17:39:14.324+00","2025-06-27 17:39:14.324+00"
2863,"868018071302858",68,"2025-06-27 17:39:24+00","-16.3323583","-71.5803233",0,0,0,0,"2570.5","195.9",22,0,"0.5",7,"0101000020E6100000D6A6560424E551C0DD0DFD6E155530C0","{""1"":{},""2"":{},""4"":{},""8"":{}}","2025-06-27 17:39:30.706+00","2025-06-27 17:39:30.706+00","2025-06-27 17:39:30.706+00"
2864,"868018071302858",68,"2025-06-27 17:39:39+00","-16.3323566","-71.5803316",0,0,0,0,"2571.1","171.3",25,0,"0.6",7,"0101000020E610000076B5262724E551C0199C7752155530C0","{""1"":{},""2"":{},""4"":{},""8"":{}}","2025-06-27 17:39:46.704+00","2025-06-27 17:39:46.704+00","2025-06-27 17:39:46.704+00"
2865,"868018071302858",68,"2025-06-27 17:39:54+00","-16.3323450","-71.5803416",0,0,0,0,"2571.6","142.2",24,2,"0.6",7,"0101000020E61000008820185124E551C037FDD98F145530C0","{""1"":{},""2"":{},""4"":{},""8"":{}}","2025-06-27 17:40:02.726+00","2025-06-27 17:40:02.728+00","2025-06-27 17:40:02.728+00"
2866,"868018071302858",68,"2025-06-27 17:40:09+00","-16.3323333","-71.5803483",0,0,0,0,"2571.0","279.4",24,1,"0.6",7,"0101000020E61000008232326D24E551C02BDF8ECB135530C0","{""1"":{},""2"":{},""4"":{},""8"":{}}","2025-06-27 17:40:14.374+00","2025-06-27 17:40:14.374+00","2025-06-27 17:40:14.374+00"
2867,"868018071302858",68,"2025-06-27 17:40:24+00","-16.3323266","-71.5803433",0,0,0,0,"2570.4","242.6",25,0,"0.7",7,"0101000020E6100000F97C395824E551C04397265B135530C0","{""1"":{},""2"":{},""4"":{},""8"":{}}","2025-06-27 17:40:30.964+00","2025-06-27 17:40:30.964+00","2025-06-27 17:40:30.964+00"
2868,"868018071302858",68,"2025-06-27 17:40:39+00","-16.3323200","-71.5803433",0,0,0,0,"2570.6","175.0",25,0,"0.6",7,"0101000020E6100000F97C395824E551C085CE6BEC125530C0","{""1"":{},""2"":{},""4"":{},""8"":{}}","2025-06-27 17:40:46.881+00","2025-06-27 17:40:46.881+00","2025-06-27 17:40:46.881+00"
2869,"868018071302858",68,"2025-06-27 17:40:54+00","-16.3323100","-71.5803533",0,0,0,0,"2569.9","295.9",23,0,"0.6",7,"0101000020E61000000BE82A8224E551C03E22A644125530C0","{""1"":{},""2"":{},""4"":{},""8"":{}}","2025-06-27 17:41:02.885+00","2025-06-27 17:41:02.886+00","2025-06-27 17:41:02.886+00"
2870,"868018071302858",68,"2025-06-27 17:41:09+00","-16.3322983","-71.5803533",0,0,0,0,"2568.4","218.1",26,0,"0.5",7,"0101000020E61000000BE82A8224E551C033045B80115530C0","{""1"":{},""2"":{},""4"":{},""8"":{}}","2025-06-27 17:41:14.567+00","2025-06-27 17:41:14.567+00","2025-06-27 17:41:14.567+00"
2871,"868018071302858",68,"2025-06-27 17:41:24+00","-16.3323100","-71.5803500",0,0,0,0,"2569.3","20.9",26,0,"0.5",7,"0101000020E6100000F38E537424E551C03E22A644125530C0","{""1"":{},""2"":{},""4"":{},""8"":{}}","2025-06-27 17:41:31.147+00","2025-06-27 17:41:31.147+00","2025-06-27 17:41:31.147+00"
2872,"868018071302858",68,"2025-06-27 17:41:39+00","-16.3323100","-71.5803483",0,0,0,0,"2569.9","65.8",25,0,"0.5",7,"0101000020E61000008232326D24E551C03E22A644125530C0","{""1"":{},""2"":{},""4"":{},""8"":{}}","2025-06-27 17:41:47.144+00","2025-06-27 17:41:47.144+00","2025-06-27 17:41:47.144+00"
2873,"868018071302858",68,"2025-06-27 17:41:54+00","-16.3323083","-71.5803533",0,0,0,0,"2571.0","59.2",26,0,"0.5",7,"0101000020E61000000BE82A8224E551C07AB02028125530C0","{""1"":{},""2"":{},""4"":{},""8"":{}}","2025-06-27 17:41:54.552+00","2025-06-27 17:41:54.552+00","2025-06-27 17:41:54.552+00"
2874,"868018071302858",68,"2025-06-27 17:42:09+00","-16.3323133","-71.5803466",0,0,0,0,"2570.9","245.3",24,0,"0.5",7,"0101000020E610000011D6106624E551C09D86037C125530C0","{""1"":{},""2"":{},""4"":{},""8"":{}}","2025-06-27 17:42:20.226+00","2025-06-27 17:42:20.226+00","2025-06-27 17:42:20.226+00"
2875,"868018071302858",68,"2025-06-27 17:42:24+00","-16.3323150","-71.5803400",0,0,0,0,"2569.9","341.2",25,0,"0.5",7,"0101000020E6100000E223624A24E551C062F88898125530C0","{""1"":{},""2"":{},""4"":{},""8"":{}}","2025-06-27 17:42:24.553+00","2025-06-27 17:42:24.553+00","2025-06-27 17:42:24.553+00"
2876,"868018071302858",68,"2025-06-27 17:42:39+00","-16.3323083","-71.5803450",0,0,0,0,"2569.1","23.6",26,1,"0.5",7,"0101000020E61000006AD95A5F24E551C07AB02028125530C0","{""1"":{},""2"":{},""4"":{},""8"":{}}","2025-06-27 17:42:54.005+00","2025-06-27 17:42:54.005+00","2025-06-27 17:42:54.005+00"
2877,"868018071302858",68,"2025-06-27 17:42:54+00","-16.3323116","-71.5803616",0,0,0,0,"2569.7","96.2",25,0,"0.5",7,"0101000020E6100000ACF6FAA424E551C0D9147E5F125530C0","{""1"":{},""2"":{},""4"":{},""8"":{}}","2025-06-27 17:42:54.564+00","2025-06-27 17:42:54.564+00","2025-06-27 17:42:54.564+00"
2878,"868018071302858",68,"2025-06-27 17:43:09+00","-16.3323100","-71.5803650",0,0,0,0,"2570.3","271.6",25,0,"0.5",7,"0101000020E61000008EAF3DB324E551C03E22A644125530C0","{""1"":{},""2"":{},""4"":{},""8"":{}}","2025-06-27 17:43:10.344+00","2025-06-27 17:43:10.344+00","2025-06-27 17:43:10.344+00"
2879,"868018071302858",68,"2025-06-27 17:43:24+00","-16.3323066","-71.5803650",0,0,0,0,"2568.4","59.2",26,0,"0.5",7,"0101000020E61000008EAF3DB324E551C0B53E9B0B125530C0","{""1"":{},""2"":{},""4"":{},""8"":{}}","2025-06-27 17:43:26.404+00","2025-06-27 17:43:26.405+00","2025-06-27 17:43:26.405+00"
2880,"868018071302858",68,"2025-06-27 17:43:39+00","-16.3323050","-71.5803600",0,0,0,0,"2568.8","63.4",26,0,"0.5",7,"0101000020E610000005FA449E24E551C01B4CC3F0115530C0","{""1"":{},""2"":{},""4"":{},""8"":{}}","2025-06-27 17:43:42.462+00","2025-06-27 17:43:42.462+00","2025-06-27 17:43:42.462+00"
2881,"868018071302858",68,"2025-06-27 17:43:54+00","-16.3323050","-71.5803483",0,0,0,0,"2569.3","279.5",25,0,"0.5",7,"0101000020E61000008232326D24E551C01B4CC3F0115530C0","{""1"":{},""2"":{},""4"":{},""8"":{}}","2025-06-27 17:43:58.644+00","2025-06-27 17:43:58.644+00","2025-06-27 17:43:58.644+00"
2882,"868018071302858",68,"2025-06-27 17:44:09+00","-16.3323033","-71.5803433",0,0,0,0,"2569.0","205.4",23,0,"0.5",7,"0101000020E6100000F97C395824E551C056DA3DD4115530C0","{""1"":{},""2"":{},""4"":{},""8"":{}}","2025-06-27 17:44:14.485+00","2025-06-27 17:44:14.485+00","2025-06-27 17:44:14.485+00"
2883,"868018071302858",68,"2025-06-27 17:44:24+00","-16.3322916","-71.5803400",0,0,0,0,"2568.7","28.1",23,0,"0.5",7,"0101000020E6100000E223624A24E551C04BBCF20F115530C0","{""1"":{},""2"":{},""4"":{},""8"":{}}","2025-06-27 17:44:30.604+00","2025-06-27 17:44:30.604+00","2025-06-27 17:44:30.604+00"
2884,"868018071302858",68,"2025-06-27 17:44:39+00","-16.3322933","-71.5803400",0,0,0,0,"2568.6","358.5",26,0,"0.5",7,"0101000020E6100000E223624A24E551C00F2E782C115530C0","{""1"":{},""2"":{},""4"":{},""8"":{}}","2025-06-27 17:44:46.546+00","2025-06-27 17:44:46.546+00","2025-06-27 17:44:46.546+00"
2885,"868018071302858",68,"2025-06-27 17:44:54+00","-16.3322966","-71.5803400",0,0,0,0,"2568.6","331.7",27,0,"0.5",7,"0101000020E6100000E223624A24E551C06E92D563115530C0","{""1"":{},""2"":{},""4"":{},""8"":{}}","2025-06-27 17:45:02.704+00","2025-06-27 17:45:02.704+00","2025-06-27 17:45:02.704+00"
2886,"868018071302858",68,"2025-06-27 17:45:09+00","-16.3323216","-71.5803400",0,0,0,0,"2568.4","23.4",24,0,"0.5",7,"0101000020E6100000E223624A24E551C020C14307135530C0","{""1"":{},""2"":{},""4"":{},""8"":{}}","2025-06-27 17:45:14.192+00","2025-06-27 17:45:14.192+00","2025-06-27 17:45:14.192+00"
2887,"868018071302858",68,"2025-06-27 17:45:24+00","-16.3323366","-71.5803400",0,0,0,0,"2567.9","320.4",24,0,"0.5",7,"0101000020E6100000E223624A24E551C08B43EC02145530C0","{""1"":{},""2"":{},""4"":{},""8"":{}}","2025-06-27 17:45:30.645+00","2025-06-27 17:45:30.645+00","2025-06-27 17:45:30.645+00"
2888,"868018071302858",68,"2025-06-27 17:45:39+00","-16.3323500","-71.5803300",0,0,0,0,"2570.7","352.1",24,0,"0.5",7,"0101000020E6100000D0B8702024E551C05BD3BCE3145530C0","{""1"":{},""2"":{},""4"":{},""8"":{}}","2025-06-27 17:45:46.644+00","2025-06-27 17:45:46.644+00","2025-06-27 17:45:46.644+00"
2889,"868018071302858",68,"2025-06-27 17:45:54+00","-16.3323433","-71.5803233",0,0,0,0,"2571.3","35.9",25,0,"0.5",7,"0101000020E6100000D6A6560424E551C0738B5473145530C0","{""1"":{},""2"":{},""4"":{},""8"":{}}","2025-06-27 17:46:02.703+00","2025-06-27 17:46:02.703+00","2025-06-27 17:46:02.703+00"
2890,"868018071302858",68,"2025-06-27 17:46:09+00","-16.3323250","-71.5803250",0,0,0,0,"2572.3","320.6",26,1,"0.5",7,"0101000020E61000004703780B24E551C0A9A44E40135530C0","{""1"":{},""2"":{},""4"":{},""8"":{}}","2025-06-27 17:46:14.305+00","2025-06-27 17:46:14.305+00","2025-06-27 17:46:14.305+00"
2891,"868018071302858",68,"2025-06-27 17:46:24+00","-16.3323233","-71.5803316",0,0,0,0,"2575.3","232.3",25,0,"0.6",7,"0101000020E610000076B5262724E551C0E432C923135530C0","{""1"":{},""2"":{},""4"":{},""8"":{}}","2025-06-27 17:46:30.904+00","2025-06-27 17:46:30.904+00","2025-06-27 17:46:30.904+00"
2892,"868018071302858",68,"2025-06-27 17:46:39+00","-16.3323283","-71.5803283",0,0,0,0,"2575.4","170.8",25,0,"0.6",7,"0101000020E61000005F5C4F1924E551C00809AC77135530C0","{""1"":{},""2"":{},""4"":{},""8"":{}}","2025-06-27 17:46:46.804+00","2025-06-27 17:46:46.805+00","2025-06-27 17:46:46.805+00"
2893,"868018071302858",68,"2025-06-27 17:46:54+00","-16.3323383","-71.5803300",0,0,0,0,"2576.7","209.4",25,0,"0.5",7,"0101000020E6100000D0B8702024E551C04FB5711F145530C0","{""1"":{},""2"":{},""4"":{},""8"":{}}","2025-06-27 17:47:02.885+00","2025-06-27 17:47:02.885+00","2025-06-27 17:47:02.885+00"
2894,"868018071302858",68,"2025-06-27 17:47:09+00","-16.3323416","-71.5803216",0,0,0,0,"2577.0","260.0",25,0,"0.5",7,"0101000020E6100000654A35FD23E551C0AE19CF56145530C0","{""1"":{},""2"":{},""4"":{},""8"":{}}","2025-06-27 17:47:14.488+00","2025-06-27 17:47:14.488+00","2025-06-27 17:47:14.488+00"
2895,"868018071302858",68,"2025-06-27 17:47:24+00","-16.3323416","-71.5803233",0,0,0,0,"2576.7","137.0",26,0,"0.5",7,"0101000020E6100000D6A6560424E551C0AE19CF56145530C0","{""1"":{},""2"":{},""4"":{},""8"":{}}","2025-06-27 17:47:31.066+00","2025-06-27 17:47:31.066+00","2025-06-27 17:47:31.066+00"
2896,"868018071302858",68,"2025-06-27 17:47:39+00","-16.3323500","-71.5803266",0,0,0,0,"2576.0","37.3",24,0,"0.5",7,"0101000020E6100000EEFF2D1224E551C05BD3BCE3145530C0","{""1"":{},""2"":{},""4"":{},""8"":{}}","2025-06-27 17:47:46.985+00","2025-06-27 17:47:46.985+00","2025-06-27 17:47:46.985+00"
2897,"868018071302858",68,"2025-06-27 17:47:54+00","-16.3323550","-71.5803166",0,0,0,0,"2576.7","1.6",26,0,"0.5",7,"0101000020E6100000DC943CE823E551C07EA99F37155530C0","{""1"":{},""2"":{},""4"":{},""8"":{}}","2025-06-27 17:48:02.985+00","2025-06-27 17:48:02.985+00","2025-06-27 17:48:02.985+00"
2898,"868018071302858",68,"2025-06-27 17:48:09+00","-16.3323483","-71.5803150",0,0,0,0,"2575.7","194.3",27,0,"0.5",7,"0101000020E6100000359886E123E551C0966137C7145530C0","{""1"":{},""2"":{},""4"":{},""8"":{}}","2025-06-27 17:48:14.744+00","2025-06-27 17:48:14.745+00","2025-06-27 17:48:14.745+00"
2899,"868018071302858",68,"2025-06-27 17:48:24+00","-16.3323400","-71.5803166",0,0,0,0,"2572.2","279.1",27,0,"0.6",7,"0101000020E6100000DC943CE823E551C01327F73B145530C0","{""1"":{},""2"":{},""4"":{},""8"":{}}","2025-06-27 17:48:31.285+00","2025-06-27 17:48:31.285+00","2025-06-27 17:48:31.285+00"
2900,"868018071302858",68,"2025-06-27 17:48:39+00","-16.3323416","-71.5803400",0,0,0,0,"2569.1","53.2",26,0,"0.5",7,"0101000020E6100000E223624A24E551C0AE19CF56145530C0","{""1"":{},""2"":{},""4"":{},""8"":{}}","2025-06-27 17:48:47.182+00","2025-06-27 17:48:47.183+00","2025-06-27 17:48:47.183+00"
2901,"868018071302858",68,"2025-06-27 17:48:54+00","-16.3323450","-71.5803516",0,0,0,0,"2568.6","262.5",26,0,"0.5",7,"0101000020E61000009A8B097B24E551C037FDD98F145530C0","{""1"":{},""2"":{},""4"":{},""8"":{}}","2025-06-27 17:49:03.165+00","2025-06-27 17:49:03.166+00","2025-06-27 17:49:03.166+00"
2902,"868018071302858",68,"2025-06-27 17:49:09+00","-16.3323550","-71.5803366",0,0,0,0,"2570.6","30.8",25,0,"0.5",7,"0101000020E6100000FF6A1F3C24E551C07EA99F37155530C0","{""1"":{},""2"":{},""4"":{},""8"":{}}","2025-06-27 17:49:14.832+00","2025-06-27 17:49:14.832+00","2025-06-27 17:49:14.832+00"
2903,"868018071302858",68,"2025-06-27 17:49:24+00","-16.3323483","-71.5803350",0,0,0,0,"2571.7","147.1",26,0,"0.5",7,"0101000020E6100000596E693524E551C0966137C7145530C0","{""1"":{},""2"":{},""4"":{},""8"":{}}","2025-06-27 17:49:31.424+00","2025-06-27 17:49:31.424+00","2025-06-27 17:49:31.424+00"
2904,"868018071302858",68,"2025-06-27 17:49:39+00","-16.3323383","-71.5803433",0,0,0,0,"2573.5","63.0",25,0,"0.5",7,"0101000020E6100000F97C395824E551C04FB5711F145530C0","{""1"":{},""2"":{},""4"":{},""8"":{}}","2025-06-27 17:49:47.305+00","2025-06-27 17:49:47.305+00","2025-06-27 17:49:47.305+00"
2905,"868018071302858",68,"2025-06-27 17:49:54+00","-16.3323350","-71.5803400",0,0,0,0,"2574.9","79.6",23,0,"0.6",7,"0101000020E6100000E223624A24E551C0F05014E8135530C0","{""1"":{},""2"":{},""4"":{},""8"":{}}","2025-06-27 17:50:03.346+00","2025-06-27 17:50:03.346+00","2025-06-27 17:50:03.346+00"
2906,"868018071302858",68,"2025-06-27 17:50:09+00","-16.3323350","-71.5803600",0,0,0,0,"2577.2","31.0",24,0,"0.6",7,"0101000020E610000005FA449E24E551C0F05014E8135530C0","{""1"":{},""2"":{},""4"":{},""8"":{}}","2025-06-27 17:50:14.964+00","2025-06-27 17:50:14.964+00","2025-06-27 17:50:14.964+00"
2907,"868018071302858",68,"2025-06-27 17:50:24+00","-16.3323233","-71.5803516",0,0,0,0,"2577.6","180.1",25,0,"0.5",7,"0101000020E61000009A8B097B24E551C0E432C923135530C0","{""1"":{},""2"":{},""4"":{},""8"":{}}","2025-06-27 17:50:31.445+00","2025-06-27 17:50:31.445+00","2025-06-27 17:50:31.445+00"
2908,"868018071302858",68,"2025-06-27 17:50:39+00","-16.3323116","-71.5803333",0,0,0,0,"2576.8","353.7",25,0,"0.5",7,"0101000020E6100000E811482E24E551C0D9147E5F125530C0","{""1"":{},""2"":{},""4"":{},""8"":{}}","2025-06-27 17:50:47.604+00","2025-06-27 17:50:47.604+00","2025-06-27 17:50:47.604+00"
2909,"868018071302858",68,"2025-06-27 17:50:54+00","-16.3323266","-71.5803133",0,0,0,0,"2575.5","175.3",26,0,"0.5",7,"0101000020E6100000C43B65DA23E551C04397265B135530C0","{""1"":{},""2"":{},""4"":{},""8"":{}}","2025-06-27 17:50:54.965+00","2025-06-27 17:50:54.965+00","2025-06-27 17:50:54.965+00"
2910,"868018071302858",68,"2025-06-27 17:51:09+00","-16.3323400","-71.5803266",0,0,0,0,"2575.5","281.1",25,0,"0.5",7,"0101000020E6100000EEFF2D1224E551C01327F73B145530C0","{""1"":{},""2"":{},""4"":{},""8"":{}}","2025-06-27 17:51:20.544+00","2025-06-27 17:51:20.544+00","2025-06-27 17:51:20.544+00"
2911,"868018071302858",68,"2025-06-27 17:51:24+00","-16.3323683","-71.5803600",0,0,0,0,"2574.0","227.5",26,0,"0.5",7,"0101000020E610000005FA449E24E551C024BAC216165530C0","{""1"":{},""2"":{},""4"":{},""8"":{}}","2025-06-27 17:51:25.093+00","2025-06-27 17:51:25.093+00","2025-06-27 17:51:25.093+00"
2912,"868018071302858",68,"2025-06-27 17:51:39+00","-16.3323683","-71.5803583",0,0,0,0,"2573.0","83.7",25,0,"0.5",7,"0101000020E6100000949D239724E551C024BAC216165530C0","{""1"":{},""2"":{},""4"":{},""8"":{}}","2025-06-27 17:51:54.124+00","2025-06-27 17:51:54.124+00","2025-06-27 17:51:54.124+00"
2913,"868018071302858",68,"2025-06-27 17:51:54+00","-16.3323650","-71.5803500",0,0,0,0,"2572.3","337.7",26,0,"0.6",7,"0101000020E6100000F38E537424E551C0C55565DF155530C0","{""1"":{},""2"":{},""4"":{},""8"":{}}","2025-06-27 17:51:55.109+00","2025-06-27 17:51:55.109+00","2025-06-27 17:51:55.109+00"
2914,"868018071302858",68,"2025-06-27 17:52:09+00","-16.3323750","-71.5803483",0,0,0,0,"2573.0","205.6",25,0,"0.7",7,"0101000020E61000008232326D24E551C00C022B87165530C0","{""1"":{},""2"":{},""4"":{},""8"":{}}","2025-06-27 17:52:11.685+00","2025-06-27 17:52:11.685+00","2025-06-27 17:52:11.685+00"
2915,"868018071302858",68,"2025-06-27 17:52:24+00","-16.3323800","-71.5803416",0,0,0,0,"2576.4","65.6",26,0,"0.5",7,"0101000020E61000008820185124E551C030D80DDB165530C0","{""1"":{},""2"":{},""4"":{},""8"":{}}","2025-06-27 17:52:27.706+00","2025-06-27 17:52:27.706+00","2025-06-27 17:52:27.706+00"
2916,"868018071302858",68,"2025-06-27 17:52:39+00","-16.3323800","-71.5803083",0,0,0,0,"2578.0","79.1",27,0,"0.5",7,"0101000020E61000003B866CC523E551C030D80DDB165530C0","{""1"":{},""2"":{},""4"":{},""8"":{}}","2025-06-27 17:52:43.705+00","2025-06-27 17:52:43.705+00","2025-06-27 17:52:43.705+00"
2917,"868018071302858",68,"2025-06-27 17:52:54+00","-16.3323733","-71.5802983",0,0,0,0,"2579.8","28.7",26,0,"0.5",7,"0101000020E6100000291B7B9B23E551C04890A56A165530C0","{""1"":{},""2"":{},""4"":{},""8"":{}}","2025-06-27 17:52:59.924+00","2025-06-27 17:52:59.924+00","2025-06-27 17:52:59.924+00"
2918,"868018071302858",68,"2025-06-27 17:53:09+00","-16.3323800","-71.5803050",0,0,0,0,"2580.7","246.2",27,0,"0.6",7,"0101000020E6100000232D95B723E551C030D80DDB165530C0","{""1"":{},""2"":{},""4"":{},""8"":{}}","2025-06-27 17:53:15.773+00","2025-06-27 17:53:15.773+00","2025-06-27 17:53:15.773+00"
2919,"868018071302858",68,"2025-06-27 17:53:24+00","-16.3323900","-71.5803050",0,0,0,0,"2582.6","207.8",25,0,"0.5",7,"0101000020E6100000232D95B723E551C07784D382175530C0","{""1"":{},""2"":{},""4"":{},""8"":{}}","2025-06-27 17:53:31.764+00","2025-06-27 17:53:31.764+00","2025-06-27 17:53:31.764+00"
2920,"868018071302858",68,"2025-06-27 17:53:39+00","-16.3323750","-71.5803100",0,0,0,0,"2584.1","81.8",23,1,"0.5",7,"0101000020E6100000ACE28DCC23E551C00C022B87165530C0","{""1"":{},""2"":{},""4"":{},""8"":{}}","2025-06-27 17:53:47.786+00","2025-06-27 17:53:47.786+00","2025-06-27 17:53:47.786+00"
2921,"868018071302858",68,"2025-06-27 17:53:54+00","-16.3323666","-71.5803183",0,0,0,0,"2584.4","106.7",26,0,"0.5",7,"0101000020E61000004DF15DEF23E551C060483DFA155530C0","{""1"":{},""2"":{},""4"":{},""8"":{}}","2025-06-27 17:53:55.124+00","2025-06-27 17:53:55.124+00","2025-06-27 17:53:55.124+00"
2922,"868018071302858",68,"2025-06-27 17:54:09+00","-16.3323750","-71.5803050",0,0,0,0,"2583.1","127.3",26,0,"0.5",7,"0101000020E6100000232D95B723E551C00C022B87165530C0","{""1"":{},""2"":{},""4"":{},""8"":{}}","2025-06-27 17:54:21.064+00","2025-06-27 17:54:21.064+00","2025-06-27 17:54:21.064+00"
2923,"868018071302858",68,"2025-06-27 17:54:24+00","-16.3323866","-71.5803050",0,0,0,0,"2582.8","141.4",26,0,"0.5",7,"0101000020E6100000232D95B723E551C0EEA0C849175530C0","{""1"":{},""2"":{},""4"":{},""8"":{}}","2025-06-27 17:54:25.272+00","2025-06-27 17:54:25.272+00","2025-06-27 17:54:25.272+00"
2924,"868018071302858",68,"2025-06-27 17:54:39+00","-16.3324000","-71.5803150",0,0,0,0,"2584.7","71.5",24,0,"0.5",7,"0101000020E6100000359886E123E551C0BE30992A185530C0","{""1"":{},""2"":{},""4"":{},""8"":{}}","2025-06-27 17:54:54.325+00","2025-06-27 17:54:54.325+00","2025-06-27 17:54:54.325+00"
2925,"868018071302858",68,"2025-06-27 17:54:54+00","-16.3323966","-71.5803150",0,0,0,0,"2583.0","251.4",25,0,"0.5",7,"0101000020E6100000359886E123E551C0354D8EF1175530C0","{""1"":{},""2"":{},""4"":{},""8"":{}}","2025-06-27 17:54:55.285+00","2025-06-27 17:54:55.285+00","2025-06-27 17:54:55.285+00"
2926,"868018071302858",68,"2025-06-27 17:55:09+00","-16.3323850","-71.5803283",0,0,0,0,"2581.4","173.5",25,0,"0.6",7,"0101000020E61000005F5C4F1924E551C053AEF02E175530C0","{""1"":{},""2"":{},""4"":{},""8"":{}}","2025-06-27 17:55:11.066+00","2025-06-27 17:55:11.066+00","2025-06-27 17:55:11.066+00"
2927,"868018071302858",68,"2025-06-27 17:55:24+00","-16.3323683","-71.5803416",0,0,0,0,"2580.4","185.9",27,0,"0.5",7,"0101000020E61000008820185124E551C024BAC216165530C0","{""1"":{},""2"":{},""4"":{},""8"":{}}","2025-06-27 17:55:27.245+00","2025-06-27 17:55:27.245+00","2025-06-27 17:55:27.245+00"
2928,"868018071302858",68,"2025-06-27 17:55:39+00","-16.3323750","-71.5803366",0,0,0,0,"2578.7","133.7",27,0,"0.5",7,"0101000020E6100000FF6A1F3C24E551C00C022B87165530C0","{""1"":{},""2"":{},""4"":{},""8"":{}}","2025-06-27 17:55:43.125+00","2025-06-27 17:55:43.125+00","2025-06-27 17:55:43.125+00"
2929,"868018071302858",68,"2025-06-27 17:55:54+00","-16.3323583","-71.5803416",0,0,0,0,"2577.7","341.9",24,0,"0.5",7,"0101000020E61000008820185124E551C0DD0DFD6E155530C0","{""1"":{},""2"":{},""4"":{},""8"":{}}","2025-06-27 17:55:59.124+00","2025-06-27 17:55:59.124+00","2025-06-27 17:55:59.124+00"
2930,"868018071302858",68,"2025-06-27 17:56:04+00","-16.3323916","-71.5803116",0,0,0,0,"2575.8","258.3",14,7,"0.8",9,"0101000020E610000053DF43D323E551C01277AB9D175530C0","{""1"":{},""2"":{},""4"":{},""8"":{}}","2025-06-27 17:56:05.284+00","2025-06-27 17:56:05.284+00","2025-06-27 17:56:05.284+00"
2931,"868018071302858",68,"2025-06-27 17:56:05+00","-16.3324050","-71.5803200",0,0,0,0,"2575.8","240.1",15,5,"0.7",9,"0101000020E6100000BE4D7FF623E551C0E2067C7E185530C0","{""1"":{},""2"":{},""4"":{},""8"":{}}","2025-06-27 17:56:06.32+00","2025-06-27 17:56:06.32+00","2025-06-27 17:56:06.32+00"
2932,"868018071302858",68,"2025-06-27 17:56:20+00","-16.3324383","-71.5803350",0,0,0,0,"2571.7","231.5",12,0,"0.7",7,"0101000020E6100000596E693524E551C016702AAD1A5530C0","{""1"":{},""2"":{},""4"":{},""8"":{}}","2025-06-27 17:56:31.365+00","2025-06-27 17:56:31.365+00","2025-06-27 17:56:31.365+00"
2933,"868018071302858",68,"2025-06-27 17:56:34+00","-16.3324533","-71.5803183",0,0,0,0,"2569.2","76.3",12,5,"0.7",9,"0101000020E61000004DF15DEF23E551C081F2D2A81B5530C0","{""1"":{},""2"":{},""4"":{},""8"":{}}","2025-06-27 17:56:35.287+00","2025-06-27 17:56:35.287+00","2025-06-27 17:56:35.287+00"
2934,"868018071302858",68,"2025-06-27 17:56:42+00","-16.3324883","-71.5803250",0,0,0,0,"2569.9","240.7",11,5,"0.8",9,"0101000020E61000004703780B24E551C07ACD06F41D5530C0","{""1"":{},""2"":{},""4"":{},""8"":{}}","2025-06-27 17:56:47.344+00","2025-06-27 17:56:47.345+00","2025-06-27 17:56:47.345+00"
2935,"868018071302858",68,"2025-06-27 17:56:57+00","-16.3324833","-71.5803900",0,0,0,0,"2572.6","255.2",11,2,"1.4",7,"0101000020E61000003A3B191C25E551C056F723A01D5530C0","{""1"":{},""2"":{},""4"":{},""8"":{}}","2025-06-27 17:57:03.285+00","2025-06-27 17:57:03.285+00","2025-06-27 17:57:03.285+00"
2936,"868018071302858",68,"2025-06-27 17:57:14+00","-16.3324116","-71.5804050",0,0,0,0,"2571.4","3.6",11,1,"2.1",7,"0101000020E6100000D55B035B25E551C0A0CF36ED185530C0","{""1"":{},""2"":{},""4"":{},""8"":{}}","2025-06-27 17:57:15.017+00","2025-06-27 17:57:15.017+00","2025-06-27 17:57:15.017+00"
2937,"868018071302858",68,"2025-06-27 17:57:28+00","-16.3323866","-71.5804550",0,0,0,0,"2566.2","245.0",12,0,"0.7",7,"0101000020E61000002E73BA2C26E551C0EEA0C849175530C0","{""1"":{},""2"":{},""4"":{},""8"":{}}","2025-06-27 17:57:31.504+00","2025-06-27 17:57:31.504+00","2025-06-27 17:57:31.504+00"
2938,"868018071302858",68,"2025-06-27 17:57:43+00","-16.3324183","-71.5804666",0,0,0,0,"2560.0","234.9",13,1,"0.9",7,"0101000020E6100000E6DA615D26E551C088179F5D195530C0","{""1"":{},""2"":{},""4"":{},""8"":{}}","2025-06-27 17:57:47.422+00","2025-06-27 17:57:47.423+00","2025-06-27 17:57:47.423+00"
2939,"868018071302858",68,"2025-06-27 17:57:58+00","-16.3324450","-71.5804416",0,0,0,0,"2552.8","240.8",14,0,"0.9",7,"0101000020E61000003A4F86F425E551C0FEB7921D1B5530C0","{""1"":{},""2"":{},""4"":{},""8"":{}}","2025-06-27 17:58:03.445+00","2025-06-27 17:58:03.445+00","2025-06-27 17:58:03.445+00"
2940,"868018071302858",68,"2025-06-27 17:58:13+00","-16.3324266","-71.5805150",0,0,0,0,"2550.6","257.8",12,0,"1.3",7,"0101000020E610000099F5622827E551C00B52DFE8195530C0","{""1"":{},""2"":{},""4"":{},""8"":{}}","2025-06-27 17:58:14.264+00","2025-06-27 17:58:14.264+00","2025-06-27 17:58:14.264+00"
2941,"868018071302858",68,"2025-06-27 17:58:21+00","-16.3325016","-71.5805783",0,0,0,0,"2554.2","224.1",14,2,"0.9",8,"0101000020E61000001BD1E23128E551C020DE29D31E5530C0","{""1"":{},""2"":{},""4"":{},""8"":{}}","2025-06-27 17:58:29.525+00","2025-06-27 17:58:29.525+00","2025-06-27 17:58:29.525+00"
2942,"868018071302858",68,"2025-06-27 17:58:36+00","-16.3325116","-71.5806516",0,0,0,0,"2548.7","282.5",11,1,"1.3",7,"0101000020E6100000AF17546529E551C0678AEF7A1F5530C0","{""1"":{},""2"":{},""4"":{},""8"":{}}","2025-06-27 17:58:45.706+00","2025-06-27 17:58:45.706+00","2025-06-27 17:58:45.706+00"
2943,"868018071302858",68,"2025-06-27 17:58:51+00","-16.3325100","-71.5806450",0,0,0,0,"2545.6","279.5",14,0,"0.7",7,"0101000020E61000008065A54929E551C0CC9717601F5530C0","{""1"":{},""2"":{},""4"":{},""8"":{}}","2025-06-27 17:58:52.264+00","2025-06-27 17:58:52.264+00","2025-06-27 17:58:52.264+00"
2944,"868018071302858",68,"2025-06-27 17:59:06+00","-16.3325100","-71.5806450",0,0,0,0,"2545.6","279.5",14,0,"0.7",7,"0101000020E61000008065A54929E551C0CC9717601F5530C0","{""1"":{},""2"":{},""4"":{},""8"":{}}","2025-06-27 17:59:18.864+00","2025-06-27 17:59:18.864+00","2025-06-27 17:59:18.864+00"
2945,"868018071302858",68,"2025-06-27 17:59:21+00","-16.3325100","-71.5806450",0,0,0,0,"2545.6","279.5",14,0,"0.7",7,"0101000020E61000008065A54929E551C0CC9717601F5530C0","{""1"":{},""2"":{},""4"":{},""8"":{}}","2025-06-27 17:59:21.786+00","2025-06-27 17:59:21.786+00","2025-06-27 17:59:21.786+00"
2946,"868018071302858",68,"2025-06-27 17:59:36+00","-16.3325100","-71.5806450",0,0,0,0,"2545.6","279.5",11,0,"0.8",7,"0101000020E61000008065A54929E551C0CC9717601F5530C0","{""1"":{},""2"":{},""4"":{},""8"":{}}","2025-06-27 17:59:51.324+00","2025-06-27 17:59:51.324+00","2025-06-27 17:59:51.324+00"
2947,"868018071302858",68,"2025-06-27 17:59:39+00","-16.3324183","-71.5804600",1,0,0,0,"2569.0","279.5",12,0,"0.7",8,"0101000020E6100000B728B34126E551C088179F5D195530C0","{""1"":{},""2"":{},""4"":{},""8"":{}}","2025-06-27 17:59:51.351+00","2025-06-27 17:59:51.351+00","2025-06-27 17:59:51.351+00"
2948,"868018071302858",68,"2025-06-27 17:59:54+00","-16.3324183","-71.5804516",0,0,0,0,"2569.4","186.4",11,0,"0.7",7,"0101000020E61000004CBA771E26E551C088179F5D195530C0","{""1"":{},""2"":{},""4"":{},""8"":{}}","2025-06-27 17:59:54.795+00","2025-06-27 17:59:54.795+00","2025-06-27 17:59:54.795+00"
2949,"868018071302858",68,"2025-06-27 18:00:09+00","-16.3324183","-71.5804183",0,0,0,0,"2571.6","260.3",9,1,"0.8",7,"0101000020E6100000FF1FCC9225E551C088179F5D195530C0","{""1"":{},""2"":{},""4"":{},""8"":{}}","2025-06-27 18:00:23.992+00","2025-06-27 18:00:23.992+00","2025-06-27 18:00:23.992+00"
2950,"868018071302858",68,"2025-06-27 18:00:24+00","-16.3324250","-71.5803966",0,0,0,0,"2575.1","241.2",11,1,"0.8",7,"0101000020E61000006AEDC73725E551C0705F07CE195530C0","{""1"":{},""2"":{},""4"":{},""8"":{}}","2025-06-27 18:00:24.831+00","2025-06-27 18:00:24.831+00","2025-06-27 18:00:24.831+00"
2951,"868018071302858",68,"2025-06-27 18:00:39+00","-16.3324400","-71.5804333",0,0,0,0,"2577.9","243.9",10,1,"0.8",7,"0101000020E61000009940B6D125E551C0DAE1AFC91A5530C0","{""1"":{},""2"":{},""4"":{},""8"":{}}","2025-06-27 18:00:56.226+00","2025-06-27 18:00:56.226+00","2025-06-27 18:00:56.226+00"
2952,"868018071302858",68,"2025-06-27 18:00:54+00","-16.3324266","-71.5804333",1,0,0,0,"2573.2","222.4",10,1,"0.8",7,"0101000020E61000009940B6D125E551C00B52DFE8195530C0","{""1"":{},""2"":{},""4"":{},""8"":{}}","2025-06-27 18:00:56.253+00","2025-06-27 18:00:56.253+00","2025-06-27 18:00:56.253+00"
2953,"868018071302858",68,"2025-06-27 18:01:09+00","-16.3323850","-71.5803900",0,0,0,0,"2573.7","231.3",12,0,"0.8",7,"0101000020E61000003A3B191C25E551C053AEF02E175530C0","{""1"":{},""2"":{},""4"":{},""8"":{}}","2025-06-27 18:01:12.057+00","2025-06-27 18:01:12.057+00","2025-06-27 18:01:12.057+00"
2954,"868018071302858",68,"2025-06-27 18:01:24+00","-16.3324016","-71.5803783",0,0,0,0,"2573.5","327.7",12,2,"0.7",7,"0101000020E6100000B87306EB24E551C059237145185530C0","{""1"":{},""2"":{},""4"":{},""8"":{}}","2025-06-27 18:01:28.057+00","2025-06-27 18:01:28.057+00","2025-06-27 18:01:28.057+00"
2955,"868018071302858",68,"2025-06-27 18:01:36+00","-16.3323616","-71.5803950",0,0,0,0,"2582.4","294.3",11,8,"0.8",9,"0101000020E6100000C3F0113125E551C03C725AA6155530C0","{""1"":{},""2"":{},""4"":{},""8"":{}}","2025-06-27 18:01:44.076+00","2025-06-27 18:01:44.076+00","2025-06-27 18:01:44.076+00"
2956,"868018071302858",68,"2025-06-27 18:01:51+00","-16.3323666","-71.5804216",0,0,0,0,"2589.6","351.5",11,1,"0.8",7,"0101000020E61000001679A3A025E551C060483DFA155530C0","{""1"":{},""2"":{},""4"":{},""8"":{}}","2025-06-27 18:02:00.296+00","2025-06-27 18:02:00.297+00","2025-06-27 18:02:00.297+00"
2957,"868018071302858",68,"2025-06-27 18:02:06+00","-16.3324566","-71.5804133",0,0,0,0,"2590.5","215.1",11,3,"0.8",7,"0101000020E6100000766AD37D25E551C0E05630E01B5530C0","{""1"":{},""2"":{},""4"":{},""8"":{}}","2025-06-27 18:02:06.996+00","2025-06-27 18:02:06.996+00","2025-06-27 18:02:06.996+00"
2958,"868018071302858",68,"2025-06-27 18:02:21+00","-16.3324483","-71.5803800",0,0,0,0,"2584.6","216.8",13,1,"0.7",7,"0101000020E610000029D027F224E551C05D1CF0541B5530C0","{""1"":{},""2"":{},""4"":{},""8"":{}}","2025-06-27 18:02:32.216+00","2025-06-27 18:02:32.216+00","2025-06-27 18:02:32.216+00"
2959,"868018071302858",68,"2025-06-27 18:02:36+00","-16.3324716","-71.5803916",0,0,0,0,"2585.5","243.6",12,2,"0.7",7,"0101000020E6100000E137CF2225E551C04BD9D8DB1C5530C0","{""1"":{},""2"":{},""4"":{},""8"":{}}","2025-06-27 18:02:36.976+00","2025-06-27 18:02:36.976+00","2025-06-27 18:02:36.976+00"
2960,"868018071302858",68,"2025-06-27 18:02:46+00","-16.3324683","-71.5804883",0,0,0,0,"2588.9","291.4",11,3,"0.7",8,"0101000020E61000007B0D66B826E551C0EB747BA41C5530C0","{""1"":{},""2"":{},""4"":{},""8"":{}}","2025-06-27 18:02:48.257+00","2025-06-27 18:02:48.257+00","2025-06-27 18:02:48.257+00"
2961,"868018071302858",68,"2025-06-27 18:03:01+00","-16.3324400","-71.5804450",0,0,0,0,"2570.2","262.8",11,0,"0.8",7,"0101000020E61000001C08C90226E551C0DAE1AFC91A5530C0","{""1"":{},""2"":{},""4"":{},""8"":{}}","2025-06-27 18:03:04.456+00","2025-06-27 18:03:04.456+00","2025-06-27 18:03:04.456+00"
2962,"868018071302858",68,"2025-06-27 18:03:16+00","-16.3323900","-71.5804250",0,0,0,0,"2561.9","169.3",13,2,"0.7",7,"0101000020E6100000F931E6AE25E551C07784D382175530C0","{""1"":{},""2"":{},""4"":{},""8"":{}}","2025-06-27 18:03:16.876+00","2025-06-27 18:03:16.877+00","2025-06-27 18:03:16.877+00"
2963,"868018071302858",68,"2025-06-27 18:03:31+00","-16.3323816","-71.5804350",0,0,0,0,"2560.4","268.5",13,0,"0.7",7,"0101000020E61000000A9DD7D825E551C0CBCAE5F5165530C0","{""1"":{},""2"":{},""4"":{},""8"":{}}","2025-06-27 18:03:47.635+00","2025-06-27 18:03:47.635+00","2025-06-27 18:03:47.635+00"
2964,"868018071302858",68,"2025-06-27 18:03:46+00","-16.3324066","-71.5804466",1,0,0,0,"2564.4","27.7",11,1,"0.8",7,"0101000020E6100000C3047F0926E551C07CF95399185530C0","{""1"":{},""2"":{},""4"":{},""8"":{}}","2025-06-27 18:03:47.664+00","2025-06-27 18:03:47.664+00","2025-06-27 18:03:47.664+00"
2965,"868018071302858",68,"2025-06-27 18:03:50+00","-16.3324033","-71.5804616",0,0,0,0,"2563.1","271.2",13,5,"0.7",9,"0101000020E61000005E25694826E551C01D95F661185530C0","{""1"":{},""2"":{},""4"":{},""8"":{}}","2025-06-27 18:03:50.885+00","2025-06-27 18:03:50.885+00","2025-06-27 18:03:50.885+00"
2966,"868018071302858",68,"2025-06-27 18:04:05+00","-16.3323816","-71.5805016",0,0,0,0,"2560.0","275.0",12,1,"0.7",7,"0101000020E6100000A5D12EF026E551C0CBCAE5F5165530C0","{""1"":{},""2"":{},""4"":{},""8"":{}}","2025-06-27 18:04:21.148+00","2025-06-27 18:04:21.149+00","2025-06-27 18:04:21.149+00"
2967,"868018071302858",68,"2025-06-27 18:04:20+00","-16.3323800","-71.5804816",1,0,0,0,"2554.0","211.0",12,4,"0.8",7,"0101000020E610000081FB4B9C26E551C030D80DDB165530C0","{""1"":{},""2"":{},""4"":{},""8"":{}}","2025-06-27 18:04:21.176+00","2025-06-27 18:04:21.176+00","2025-06-27 18:04:21.176+00"
2968,"868018071302858",68,"2025-06-27 18:04:21+00","-16.3323800","-71.5804933",0,0,0,0,"2554.2","262.4",12,5,"0.8",9,"0101000020E610000004C35ECD26E551C030D80DDB165530C0","{""1"":{},""2"":{},""4"":{},""8"":{}}","2025-06-27 18:04:21.697+00","2025-06-27 18:04:21.698+00","2025-06-27 18:04:21.698+00"
2969,"868018071302858",68,"2025-06-27 18:04:36+00","-16.3324383","-71.5804933",0,0,0,0,"2561.3","224.5",11,2,"0.8",7,"0101000020E610000004C35ECD26E551C016702AAD1A5530C0","{""1"":{},""2"":{},""4"":{},""8"":{}}","2025-06-27 18:04:37.716+00","2025-06-27 18:04:37.716+00","2025-06-27 18:04:37.716+00"
2970,"868018071302858",68,"2025-06-27 18:04:51+00","-16.3324300","-71.5804816",0,0,0,0,"2563.6","234.8",12,0,"0.8",7,"0101000020E610000081FB4B9C26E551C09335EA211A5530C0","{""1"":{},""2"":{},""4"":{},""8"":{}}","2025-06-27 18:04:53.836+00","2025-06-27 18:04:53.836+00","2025-06-27 18:04:53.836+00"
2971,"868018071302858",68,"2025-06-27 18:05:06+00","-16.3324316","-71.5804116",0,0,0,0,"2564.5","72.2",12,1,"1.2",7,"0101000020E6100000050EB27625E551C02E28C23C1A5530C0","{""1"":{},""2"":{},""4"":{},""8"":{}}","2025-06-27 18:05:09.876+00","2025-06-27 18:05:09.876+00","2025-06-27 18:05:09.876+00"
2972,"868018071302858",68,"2025-06-27 18:05:21+00","-16.3324033","-71.5804316",0,0,0,0,"2568.4","198.2",12,0,"1.3",7,"0101000020E610000028E494CA25E551C01D95F661185530C0","{""1"":{},""2"":{},""4"":{},""8"":{}}","2025-06-27 18:05:26.016+00","2025-06-27 18:05:26.016+00","2025-06-27 18:05:26.016+00"
2973,"868018071302858",68,"2025-06-27 18:05:36+00","-16.3324066","-71.5803983",0,0,0,0,"2566.2","16.1",16,0,"0.7",7,"0101000020E6100000DB49E93E25E551C07CF95399185530C0","{""1"":{},""2"":{},""4"":{},""8"":{}}","2025-06-27 18:05:41.896+00","2025-06-27 18:05:41.896+00","2025-06-27 18:05:41.896+00"
2974,"868018071302858",68,"2025-06-27 18:05:51+00","-16.3324416","-71.5804116",0,0,0,0,"2563.1","316.2",15,1,"0.8",7,"0101000020E6100000050EB27625E551C075D487E41A5530C0","{""1"":{},""2"":{},""4"":{},""8"":{}}","2025-06-27 18:05:57.922+00","2025-06-27 18:05:57.922+00","2025-06-27 18:05:57.922+00"
2975,"868018071302858",68,"2025-06-27 18:06:06+00","-16.3324266","-71.5804116",0,0,0,0,"2566.2","182.6",14,0,"0.8",7,"0101000020E6100000050EB27625E551C00B52DFE8195530C0","{""1"":{},""2"":{},""4"":{},""8"":{}}","2025-06-27 18:06:13.936+00","2025-06-27 18:06:13.936+00","2025-06-27 18:06:13.936+00"
2976,"868018071302858",68,"2025-06-27 18:06:21+00","-16.3324233","-71.5804050",0,0,0,0,"2569.8","172.5",16,0,"0.7",7,"0101000020E6100000D55B035B25E551C0ABED81B1195530C0","{""1"":{},""2"":{},""4"":{},""8"":{}}","2025-06-27 18:06:30.116+00","2025-06-27 18:06:30.116+00","2025-06-27 18:06:30.116+00"
2977,"868018071302858",68,"2025-06-27 18:06:36+00","-16.3324300","-71.5803916",0,0,0,0,"2570.8","250.1",16,0,"0.6",7,"0101000020E6100000E137CF2225E551C09335EA211A5530C0","{""1"":{},""2"":{},""4"":{},""8"":{}}","2025-06-27 18:06:36.737+00","2025-06-27 18:06:36.737+00","2025-06-27 18:06:36.737+00"
2978,"868018071302858",68,"2025-06-27 18:06:51+00","-16.3324600","-71.5804083",0,0,0,0,"2570.9","155.8",15,1,"0.7",7,"0101000020E6100000EDB4DA6825E551C0693A3B191C5530C0","{""1"":{},""2"":{},""4"":{},""8"":{}}","2025-06-27 18:07:02.076+00","2025-06-27 18:07:02.078+00","2025-06-27 18:07:02.078+00"
2979,"868018071302858",68,"2025-06-27 18:07:06+00","-16.3324316","-71.5804133",0,0,0,0,"2565.8","292.6",14,1,"0.7",7,"0101000020E6100000766AD37D25E551C02E28C23C1A5530C0","{""1"":{},""2"":{},""4"":{},""8"":{}}","2025-06-27 18:07:14.697+00","2025-06-27 18:07:14.697+00","2025-06-27 18:07:14.697+00"
2980,"868018071302858",68,"2025-06-27 18:07:21+00","-16.3324100","-71.5804100",0,0,0,0,"2557.2","285.1",13,1,"0.7",7,"0101000020E61000005E11FC6F25E551C005DD5ED2185530C0","{""1"":{},""2"":{},""4"":{},""8"":{}}","2025-06-27 18:07:21.796+00","2025-06-27 18:07:21.796+00","2025-06-27 18:07:21.796+00"
2981,"868018071302858",68,"2025-06-27 18:07:36+00","-16.3323900","-71.5804083",0,0,0,0,"2558.1","275.2",14,2,"0.7",7,"0101000020E6100000EDB4DA6825E551C07784D382175530C0","{""1"":{},""2"":{},""4"":{},""8"":{}}","2025-06-27 18:07:48.416+00","2025-06-27 18:07:48.416+00","2025-06-27 18:07:48.416+00"
2982,"868018071302858",68,"2025-06-27 18:07:51+00","-16.3324066","-71.5804066",0,0,0,0,"2551.3","7.1",13,0,"0.8",7,"0101000020E61000007C58B96125E551C07CF95399185530C0","{""1"":{},""2"":{},""4"":{},""8"":{}}","2025-06-27 18:07:51.673+00","2025-06-27 18:07:51.673+00","2025-06-27 18:07:51.673+00"
2983,"868018071302858",68,"2025-06-27 18:08:06+00","-16.3324283","-71.5804150",0,0,0,0,"2556.0","250.0",14,0,"0.7",7,"0101000020E6100000E7C6F48425E551C0CFC364051A5530C0","{""1"":{},""2"":{},""4"":{},""8"":{}}","2025-06-27 18:08:21.476+00","2025-06-27 18:08:21.476+00","2025-06-27 18:08:21.476+00"
2984,"868018071302858",68,"2025-06-27 18:08:19+00","-16.3324683","-71.5805000",1,0,0,0,"2549.7","256.8",14,6,"0.7",8,"0101000020E6100000FED478E926E551C0EB747BA41C5530C0","{""1"":{},""2"":{},""4"":{},""8"":{}}","2025-06-27 18:08:21.504+00","2025-06-27 18:08:21.504+00","2025-06-27 18:08:21.504+00"
2985,"868018071302858",68,"2025-06-27 18:08:34+00","-16.3324400","-71.5804800",0,0,0,0,"2544.6","215.1",10,2,"0.8",7,"0101000020E6100000DAFE959526E551C0DAE1AFC91A5530C0","{""1"":{},""2"":{},""4"":{},""8"":{}}","2025-06-27 18:08:37.427+00","2025-06-27 18:08:37.427+00","2025-06-27 18:08:37.427+00"
2986,"868018071302858",68,"2025-06-27 18:08:47+00","-16.3323983","-71.5803933",0,0,0,0,"2542.9","281.7",10,1,"0.9",8,"0101000020E61000005294F02925E551C0FABE130E185530C0","{""1"":{},""2"":{},""4"":{},""8"":{}}","2025-06-27 18:08:53.607+00","2025-06-27 18:08:53.607+00","2025-06-27 18:08:53.607+00"
2987,"868018071302858",68,"2025-06-27 18:09:02+00","-16.3323616","-71.5803433",0,0,0,0,"2546.4","284.4",12,0,"0.9",7,"0101000020E6100000F97C395824E551C03C725AA6155530C0","{""1"":{},""2"":{},""4"":{},""8"":{}}","2025-06-27 18:09:09.466+00","2025-06-27 18:09:09.466+00","2025-06-27 18:09:09.466+00"
2988,"868018071302858",68,"2025-06-27 18:09:17+00","-16.3323483","-71.5803283",0,0,0,0,"2551.6","225.1",12,0,"0.8",7,"0101000020E61000005F5C4F1924E551C0966137C7145530C0","{""1"":{},""2"":{},""4"":{},""8"":{}}","2025-06-27 18:09:25.536+00","2025-06-27 18:09:25.536+00","2025-06-27 18:09:25.536+00"
2989,"868018071302858",68,"2025-06-27 18:09:32+00","-16.3323216","-71.5803916",0,0,0,0,"2554.1","249.3",11,0,"0.8",7,"0101000020E6100000E137CF2225E551C020C14307135530C0","{""1"":{},""2"":{},""4"":{},""8"":{}}","2025-06-27 18:09:32.649+00","2025-06-27 18:09:32.649+00","2025-06-27 18:09:32.649+00"
2990,"868018071302858",68,"2025-06-27 18:09:47+00","-16.3323900","-71.5804166",0,0,0,0,"2552.3","267.5",11,0,"0.9",7,"0101000020E61000008EC3AA8B25E551C07784D382175530C0","{""1"":{},""2"":{},""4"":{},""8"":{}}","2025-06-27 18:09:57.788+00","2025-06-27 18:09:57.788+00","2025-06-27 18:09:57.788+00"
2991,"868018071302858",68,"2025-06-27 18:10:02+00","-16.3324233","-71.5804833",0,0,0,0,"2547.2","274.0",10,0,"1.0",7,"0101000020E6100000F2576DA326E551C0ABED81B1195530C0","{""1"":{},""2"":{},""4"":{},""8"":{}}","2025-06-27 18:10:02.651+00","2025-06-27 18:10:02.651+00","2025-06-27 18:10:02.651+00"
2992,"868018071302858",68,"2025-06-27 18:10:17+00","-16.3324000","-71.5804416",0,0,0,0,"2548.1","147.5",10,0,"1.1",7,"0101000020E61000003A4F86F425E551C0BE30992A185530C0","{""1"":{},""2"":{},""4"":{},""8"":{}}","2025-06-27 18:10:29.775+00","2025-06-27 18:10:29.775+00","2025-06-27 18:10:29.775+00"
2993,"868018071302858",68,"2025-06-27 18:10:26+00","-16.3324250","-71.5804283",1,0,0,0,"2546.5","246.3",11,6,"0.9",9,"0101000020E6100000108BBDBC25E551C0705F07CE195530C0","{""1"":{},""2"":{},""4"":{},""8"":{}}","2025-06-27 18:10:29.803+00","2025-06-27 18:10:29.803+00","2025-06-27 18:10:29.803+00"
2994,"868018071302858",68,"2025-06-27 18:10:41+00","-16.3324600","-71.5804433",0,0,0,0,"2549.3","73.2",11,1,"0.8",7,"0101000020E6100000ABABA7FB25E551C0693A3B191C5530C0","{""1"":{},""2"":{},""4"":{},""8"":{}}","2025-06-27 18:10:45.767+00","2025-06-27 18:10:45.767+00","2025-06-27 18:10:45.767+00"
2995,"868018071302858",68,"2025-06-27 18:10:56+00","-16.3323850","-71.5804850",0,0,0,0,"2551.1","265.3",8,0,"1.4",7,"0101000020E610000063B48EAA26E551C053AEF02E175530C0","{""1"":{},""2"":{},""4"":{},""8"":{}}","2025-06-27 18:11:01.929+00","2025-06-27 18:11:01.929+00","2025-06-27 18:11:01.929+00"
2996,"868018071302858",68,"2025-06-27 18:11:14+00","-16.3323633","-71.5804850",0,0,0,0,"2536.8","85.1",8,6,"1.6",7,"0101000020E610000063B48EAA26E551C001E4DFC2155530C0","{""1"":{},""2"":{},""4"":{},""8"":{}}","2025-06-27 18:11:14.707+00","2025-06-27 18:11:14.707+00","2025-06-27 18:11:14.707+00"
2997,"868018071302858",68,"2025-06-27 18:11:15+00","-16.3323666","-71.5804716",0,0,0,0,"2536.8","63.9",11,6,"1.1",9,"0101000020E61000006F905A7226E551C060483DFA155530C0","{""1"":{},""2"":{},""4"":{},""8"":{}}","2025-06-27 18:11:15.887+00","2025-06-27 18:11:15.887+00","2025-06-27 18:11:15.887+00"
2998,"868018071302858",68,"2025-06-27 18:11:16+00","-16.3323733","-71.5804566",0,0,0,0,"2537.0","78.8",11,5,"1.1",9,"0101000020E6100000D56F703326E551C04890A56A165530C0","{""1"":{},""2"":{},""4"":{},""8"":{}}","2025-06-27 18:11:16.907+00","2025-06-27 18:11:16.907+00","2025-06-27 18:11:16.907+00"
2999,"868018071302858",68,"2025-06-27 18:11:31+00","-16.3324166","-71.5804700",0,0,0,0,"2541.0","243.9",9,1,"1.1",7,"0101000020E6100000C993A46B26E551C0C3A51941195530C0","{""1"":{},""2"":{},""4"":{},""8"":{}}","2025-06-27 18:11:46.989+00","2025-06-27 18:11:46.989+00","2025-06-27 18:11:46.989+00"